province_code,year_be,facility_type_id,site_count
64,2556,1,0.0
1,2556,1,1.0
56,2556,1,4.0
34,2556,1,4.0
49,2556,1,2.0
28,2556,1,17.0
13,2556,1,2.0
15,2556,1,2.0
11,2556,1,8.0
9,2556,1,1.0
25,2556,1,11.0
69,2556,1,2.0
72,2556,1,1.0
14,2556,1,3.0
50,2556,1,1.0
17,2556,1,1.0
58,2556,1,2.0
36,2556,1,4.0
19,2556,1,5.0
63,2556,1,1.0
47,2556,1,4.0
3,2556,1,1.0
76,2556,1,2.0
43,2556,1,2.0
77,2556,1,3.0
20,2556,1,1.0
4,2556,1,0.0
62,2556,1,6.0
16,2556,1,1.0
74,2556,1,0.0
5,2556,1,0.0
44,2556,1,2.0
65,2556,1,3.0
73,2556,1,2.0
53,2556,1,4.0
52,2556,1,2.0
66,2556,1,1.0
32,2556,1,1.0
37,2556,1,3.0
75,2556,1,1.0
24,2556,1,8.0
68,2556,1,0.0
12,2556,1,5.0
55,2556,1,0.0
33,2556,1,7.0
7,2556,1,6.0
40,2556,1,18.0
39,2556,1,40.0
22,2556,1,4.0
35,2556,1,2.0
70,2556,1,1.0
71,2556,1,2.0
2,2556,1,0.0
60,2556,1,1.0
59,2556,1,2.0
10,2556,1,4.0
18,2556,1,2.0
8,2556,1,1.0
57,2556,1,4.0
67,2556,1,0.0
21,2556,1,2.0
51,2556,1,2.0
31,2556,1,2.0
27,2556,1,2.0
26,2556,1,2.0
29,2556,1,1.0
41,2556,1,6.0
48,2556,1,1.0
23,2556,1,24.0
6,2556,1,0.0
45,2556,1,76.0
38,2556,1,100.0
61,2556,1,3.0
54,2556,1,4.0
30,2556,1,1.0
42,2556,1,0.0
46,2556,1,22.0
64,2557,1,1.0
1,2557,1,1.0
56,2557,1,3.0
34,2557,1,1.0
49,2557,1,3.0
28,2557,1,11.0
13,2557,1,2.0
15,2557,1,2.0
11,2557,1,5.0
9,2557,1,0.0
25,2557,1,9.0
69,2557,1,1.0
72,2557,1,1.0
14,2557,1,4.0
50,2557,1,1.0
17,2557,1,1.0
58,2557,1,2.0
36,2557,1,4.0
19,2557,1,3.0
63,2557,1,1.0
47,2557,1,4.0
3,2557,1,1.0
76,2557,1,2.0
43,2557,1,2.0
77,2557,1,3.0
20,2557,1,1.0
4,2557,1,0.0
62,2557,1,4.0
16,2557,1,1.0
74,2557,1,0.0
5,2557,1,1.0
44,2557,1,29.0
65,2557,1,3.0
73,2557,1,2.0
53,2557,1,5.0
52,2557,1,14.0
66,2557,1,1.0
32,2557,1,1.0
37,2557,1,1.0
75,2557,1,1.0
24,2557,1,1.0
68,2557,1,0.0
12,2557,1,4.0
55,2557,1,0.0
33,2557,1,0.0
7,2557,1,2.0
40,2557,1,72.0
39,2557,1,20.0
22,2557,1,2.0
35,2557,1,2.0
70,2557,1,1.0
71,2557,1,2.0
2,2557,1,1.0
60,2557,1,0.0
59,2557,1,3.0
10,2557,1,3.0
18,2557,1,2.0
8,2557,1,0.0
57,2557,1,2.0
67,2557,1,1.0
21,2557,1,3.0
51,2557,1,2.0
31,2557,1,2.0
27,2557,1,3.0
26,2557,1,1.0
29,2557,1,1.0
41,2557,1,10.0
48,2557,1,1.0
23,2557,1,14.0
6,2557,1,0.0
45,2557,1,67.0
38,2557,1,97.0
61,2557,1,1.0
54,2557,1,4.0
30,2557,1,2.0
42,2557,1,0.0
46,2557,1,22.0
64,2558,1,1.0
1,2558,1,1.0
56,2558,1,4.0
34,2558,1,1.0
49,2558,1,14.0
28,2558,1,8.0
13,2558,1,2.0
15,2558,1,2.0
11,2558,1,4.0
9,2558,1,1.0
25,2558,1,1.0
69,2558,1,1.0
72,2558,1,1.0
14,2558,1,4.0
50,2558,1,3.0
17,2558,1,1.0
58,2558,1,1.0
36,2558,1,1.0
19,2558,1,5.0
63,2558,1,2.0
47,2558,1,7.0
3,2558,1,1.0
76,2558,1,2.0
43,2558,1,2.0
77,2558,1,1.0
20,2558,1,1.0
4,2558,1,1.0
62,2558,1,3.0
16,2558,1,1.0
74,2558,1,1.0
5,2558,1,0.0
44,2558,1,16.0
65,2558,1,3.0
73,2558,1,2.0
53,2558,1,4.0
52,2558,1,4.0
66,2558,1,1.0
32,2558,1,1.0
37,2558,1,1.0
75,2558,1,2.0
24,2558,1,1.0
68,2558,1,0.0
12,2558,1,3.0
55,2558,1,3.0
33,2558,1,0.0
7,2558,1,2.0
40,2558,1,80.0
39,2558,1,25.0
22,2558,1,3.0
35,2558,1,3.0
70,2558,1,4.0
71,2558,1,2.0
2,2558,1,0.0
60,2558,1,0.0
59,2558,1,2.0
10,2558,1,4.0
18,2558,1,2.0
8,2558,1,0.0
57,2558,1,3.0
67,2558,1,1.0
21,2558,1,2.0
51,2558,1,2.0
31,2558,1,3.0
27,2558,1,2.0
26,2558,1,1.0
29,2558,1,3.0
41,2558,1,5.0
48,2558,1,4.0
23,2558,1,3.0
6,2558,1,0.0
45,2558,1,52.0
38,2558,1,80.0
61,2558,1,0.0
54,2558,1,3.0
30,2558,1,3.0
42,2558,1,5.0
46,2558,1,30.0
64,2559,1,1.0
1,2559,1,2.0
56,2559,1,2.0
34,2559,1,0.0
49,2559,1,5.0
28,2559,1,8.0
13,2559,1,2.0
15,2559,1,2.0
11,2559,1,4.0
9,2559,1,1.0
25,2559,1,0.0
69,2559,1,2.0
72,2559,1,3.0
14,2559,1,2.0
50,2559,1,6.0
17,2559,1,0.0
58,2559,1,1.0
36,2559,1,1.0
19,2559,1,4.0
63,2559,1,7.0
47,2559,1,9.0
3,2559,1,1.0
76,2559,1,2.0
43,2559,1,2.0
77,2559,1,1.0
20,2559,1,1.0
4,2559,1,0.0
62,2559,1,3.0
16,2559,1,0.0
74,2559,1,1.0
5,2559,1,2.0
44,2559,1,11.0
65,2559,1,3.0
73,2559,1,2.0
53,2559,1,3.0
52,2559,1,4.0
66,2559,1,1.0
32,2559,1,1.0
37,2559,1,1.0
75,2559,1,2.0
24,2559,1,1.0
68,2559,1,0.0
12,2559,1,2.0
55,2559,1,3.0
33,2559,1,0.0
7,2559,1,2.0
40,2559,1,22.0
39,2559,1,26.0
22,2559,1,2.0
35,2559,1,3.0
70,2559,1,4.0
71,2559,1,2.0
2,2559,1,1.0
60,2559,1,0.0
59,2559,1,0.0
10,2559,1,2.0
18,2559,1,1.0
8,2559,1,0.0
57,2559,1,3.0
67,2559,1,3.0
21,2559,1,3.0
51,2559,1,3.0
31,2559,1,3.0
27,2559,1,3.0
26,2559,1,1.0
29,2559,1,4.0
41,2559,1,1.0
48,2559,1,1.0
23,2559,1,3.0
6,2559,1,1.0
45,2559,1,24.0
38,2559,1,61.0
61,2559,1,1.0
54,2559,1,2.0
30,2559,1,1.0
42,2559,1,6.0
46,2559,1,29.0
64,2560,1,1.0
1,2560,1,2.0
56,2560,1,2.0
34,2560,1,2.0
49,2560,1,2.0
28,2560,1,7.0
13,2560,1,2.0
15,2560,1,2.0
11,2560,1,11.0
9,2560,1,2.0
25,2560,1,0.0
69,2560,1,1.0
72,2560,1,3.0
14,2560,1,12.0
50,2560,1,6.0
17,2560,1,0.0
58,2560,1,2.0
36,2560,1,1.0
19,2560,1,6.0
63,2560,1,7.0
47,2560,1,17.0
3,2560,1,1.0
76,2560,1,2.0
43,2560,1,2.0
77,2560,1,5.0
20,2560,1,3.0
4,2560,1,1.0
62,2560,1,2.0
16,2560,1,2.0
74,2560,1,1.0
5,2560,1,2.0
44,2560,1,45.0
65,2560,1,3.0
73,2560,1,1.0
53,2560,1,5.0
52,2560,1,3.0
66,2560,1,1.0
32,2560,1,2.0
37,2560,1,1.0
75,2560,1,2.0
24,2560,1,42.0
68,2560,1,0.0
12,2560,1,2.0
55,2560,1,6.0
33,2560,1,57.0
7,2560,1,3.0
40,2560,1,23.0
39,2560,1,52.0
22,2560,1,4.0
35,2560,1,4.0
70,2560,1,6.0
71,2560,1,3.0
2,2560,1,1.0
60,2560,1,0.0
59,2560,1,1.0
10,2560,1,3.0
18,2560,1,5.0
8,2560,1,0.0
57,2560,1,1.0
67,2560,1,5.0
21,2560,1,2.0
51,2560,1,5.0
31,2560,1,4.0
27,2560,1,5.0
26,2560,1,2.0
29,2560,1,6.0
41,2560,1,1.0
48,2560,1,2.0
23,2560,1,30.0
6,2560,1,1.0
45,2560,1,23.0
38,2560,1,67.0
61,2560,1,2.0
54,2560,1,4.0
30,2560,1,1.0
42,2560,1,54.0
46,2560,1,34.0
64,2561,1,1.0
1,2561,1,2.0
56,2561,1,4.0
34,2561,1,2.0
49,2561,1,9.0
28,2561,1,8.0
13,2561,1,5.0
15,2561,1,4.0
11,2561,1,9.0
9,2561,1,2.0
25,2561,1,0.0
69,2561,1,1.0
72,2561,1,2.0
14,2561,1,10.0
50,2561,1,7.0
17,2561,1,2.0
58,2561,1,3.0
36,2561,1,1.0
19,2561,1,9.0
63,2561,1,3.0
47,2561,1,17.0
3,2561,1,1.0
76,2561,1,2.0
43,2561,1,2.0
77,2561,1,2.0
20,2561,1,4.0
4,2561,1,1.0
62,2561,1,5.0
16,2561,1,1.0
74,2561,1,0.0
5,2561,1,2.0
44,2561,1,31.0
65,2561,1,3.0
73,2561,1,1.0
53,2561,1,9.0
52,2561,1,2.0
66,2561,1,1.0
32,2561,1,2.0
37,2561,1,0.0
75,2561,1,2.0
24,2561,1,3.0
68,2561,1,0.0
12,2561,1,2.0
55,2561,1,4.0
33,2561,1,43.0
7,2561,1,3.0
40,2561,1,23.0
39,2561,1,52.0
22,2561,1,35.0
35,2561,1,3.0
70,2561,1,5.0
71,2561,1,2.0
2,2561,1,2.0
60,2561,1,0.0
59,2561,1,0.0
10,2561,1,5.0
18,2561,1,2.0
8,2561,1,0.0
57,2561,1,4.0
67,2561,1,5.0
21,2561,1,3.0
51,2561,1,3.0
31,2561,1,4.0
27,2561,1,3.0
26,2561,1,1.0
29,2561,1,6.0
41,2561,1,1.0
48,2561,1,2.0
23,2561,1,2.0
6,2561,1,1.0
45,2561,1,23.0
38,2561,1,67.0
61,2561,1,2.0
54,2561,1,5.0
30,2561,1,1.0
42,2561,1,49.0
46,2561,1,32.0
64,2562,1,0.0
1,2562,1,2.0
56,2562,1,2.0
34,2562,1,1.0
49,2562,1,11.0
28,2562,1,8.0
13,2562,1,5.0
15,2562,1,2.0
11,2562,1,11.0
9,2562,1,3.0
25,2562,1,20.0
69,2562,1,1.0
72,2562,1,2.0
14,2562,1,11.0
50,2562,1,9.0
17,2562,1,0.0
58,2562,1,3.0
36,2562,1,1.0
19,2562,1,5.0
63,2562,1,3.0
47,2562,1,21.0
3,2562,1,1.0
76,2562,1,2.0
43,2562,1,2.0
77,2562,1,2.0
20,2562,1,4.0
4,2562,1,1.0
62,2562,1,3.0
16,2562,1,0.0
74,2562,1,1.0
5,2562,1,1.0
44,2562,1,23.0
65,2562,1,2.0
73,2562,1,1.0
53,2562,1,14.0
52,2562,1,15.0
66,2562,1,1.0
32,2562,1,0.0
37,2562,1,0.0
75,2562,1,2.0
24,2562,1,1.0
68,2562,1,0.0
12,2562,1,1.0
55,2562,1,3.0
33,2562,1,1.0
7,2562,1,2.0
40,2562,1,23.0
39,2562,1,38.0
22,2562,1,5.0
35,2562,1,3.0
70,2562,1,5.0
71,2562,1,2.0
2,2562,1,2.0
60,2562,1,0.0
59,2562,1,0.0
10,2562,1,3.0
18,2562,1,1.0
8,2562,1,0.0
57,2562,1,2.0
67,2562,1,2.0
21,2562,1,3.0
51,2562,1,3.0
31,2562,1,5.0
27,2562,1,3.0
26,2562,1,1.0
29,2562,1,6.0
41,2562,1,1.0
48,2562,1,5.0
23,2562,1,2.0
6,2562,1,1.0
45,2562,1,22.0
38,2562,1,3.0
61,2562,1,1.0
54,2562,1,5.0
30,2562,1,1.0
42,2562,1,56.0
46,2562,1,1.0
64,2563,1,1.0
1,2563,1,2.0
56,2563,1,1.0
34,2563,1,1.0
49,2563,1,14.0
28,2563,1,10.0
13,2563,1,6.0
15,2563,1,2.0
11,2563,1,11.0
9,2563,1,1.0
25,2563,1,23.0
69,2563,1,1.0
72,2563,1,3.0
14,2563,1,11.0
50,2563,1,9.0
17,2563,1,0.0
58,2563,1,0.0
36,2563,1,2.0
19,2563,1,4.0
63,2563,1,1.0
47,2563,1,22.0
3,2563,1,1.0
76,2563,1,2.0
43,2563,1,3.0
77,2563,1,2.0
20,2563,1,5.0
4,2563,1,0.0
62,2563,1,3.0
16,2563,1,0.0
74,2563,1,1.0
5,2563,1,1.0
44,2563,1,6.0
65,2563,1,3.0
73,2563,1,1.0
53,2563,1,16.0
52,2563,1,15.0
66,2563,1,1.0
32,2563,1,1.0
37,2563,1,0.0
75,2563,1,2.0
24,2563,1,1.0
68,2563,1,0.0
12,2563,1,2.0
55,2563,1,3.0
33,2563,1,6.0
7,2563,1,2.0
40,2563,1,21.0
39,2563,1,1.0
22,2563,1,5.0
35,2563,1,3.0
70,2563,1,5.0
71,2563,1,3.0
2,2563,1,2.0
60,2563,1,0.0
59,2563,1,0.0
10,2563,1,3.0
18,2563,1,1.0
8,2563,1,0.0
57,2563,1,2.0
67,2563,1,1.0
21,2563,1,2.0
51,2563,1,1.0
31,2563,1,5.0
27,2563,1,4.0
26,2563,1,1.0
29,2563,1,4.0
41,2563,1,3.0
48,2563,1,4.0
23,2563,1,12.0
6,2563,1,0.0
45,2563,1,8.0
38,2563,1,3.0
61,2563,1,1.0
54,2563,1,4.0
30,2563,1,1.0
42,2563,1,51.0
46,2563,1,1.0
64,2564,1,1.0
1,2564,1,4.0
56,2564,1,0.0
34,2564,1,1.0
49,2564,1,2.0
28,2564,1,6.0
13,2564,1,2.0
15,2564,1,2.0
11,2564,1,5.0
9,2564,1,1.0
25,2564,1,0.0
69,2564,1,1.0
72,2564,1,2.0
14,2564,1,1.0
50,2564,1,2.0
17,2564,1,0.0
58,2564,1,1.0
36,2564,1,1.0
19,2564,1,3.0
63,2564,1,1.0
47,2564,1,4.0
3,2564,1,1.0
76,2564,1,2.0
43,2564,1,2.0
77,2564,1,0.0
20,2564,1,2.0
4,2564,1,0.0
62,2564,1,1.0
16,2564,1,0.0
74,2564,1,1.0
5,2564,1,2.0
44,2564,1,0.0
65,2564,1,2.0
73,2564,1,0.0
53,2564,1,2.0
52,2564,1,2.0
66,2564,1,1.0
32,2564,1,0.0
37,2564,1,0.0
75,2564,1,2.0
24,2564,1,1.0
68,2564,1,0.0
12,2564,1,3.0
55,2564,1,2.0
33,2564,1,5.0
7,2564,1,0.0
40,2564,1,1.0
39,2564,1,0.0
22,2564,1,1.0
35,2564,1,3.0
70,2564,1,5.0
71,2564,1,0.0
2,2564,1,1.0
60,2564,1,0.0
59,2564,1,0.0
10,2564,1,3.0
18,2564,1,1.0
8,2564,1,0.0
57,2564,1,1.0
67,2564,1,0.0
21,2564,1,1.0
51,2564,1,1.0
31,2564,1,3.0
27,2564,1,2.0
26,2564,1,0.0
29,2564,1,2.0
41,2564,1,1.0
48,2564,1,2.0
23,2564,1,2.0
6,2564,1,1.0
45,2564,1,3.0
38,2564,1,3.0
61,2564,1,0.0
54,2564,1,3.0
30,2564,1,0.0
42,2564,1,0.0
46,2564,1,0.0
64,2565,1,1.0
1,2565,1,3.0
56,2565,1,2.0
34,2565,1,1.0
49,2565,1,2.0
28,2565,1,6.0
13,2565,1,2.0
15,2565,1,2.0
11,2565,1,4.0
9,2565,1,1.0
25,2565,1,0.0
69,2565,1,1.0
72,2565,1,2.0
14,2565,1,2.0
50,2565,1,0.0
17,2565,1,0.0
58,2565,1,1.0
36,2565,1,1.0
19,2565,1,2.0
63,2565,1,0.0
47,2565,1,3.0
3,2565,1,1.0
76,2565,1,2.0
43,2565,1,2.0
77,2565,1,2.0
20,2565,1,1.0
4,2565,1,0.0
62,2565,1,2.0
16,2565,1,0.0
74,2565,1,1.0
5,2565,1,1.0
44,2565,1,0.0
65,2565,1,1.0
73,2565,1,0.0
53,2565,1,2.0
52,2565,1,3.0
66,2565,1,1.0
32,2565,1,1.0
37,2565,1,0.0
75,2565,1,2.0
24,2565,1,1.0
68,2565,1,0.0
12,2565,1,3.0
55,2565,1,3.0
33,2565,1,1.0
7,2565,1,0.0
40,2565,1,2.0
39,2565,1,0.0
22,2565,1,4.0
35,2565,1,3.0
70,2565,1,4.0
71,2565,1,2.0
2,2565,1,1.0
60,2565,1,0.0
59,2565,1,0.0
10,2565,1,2.0
18,2565,1,0.0
8,2565,1,0.0
57,2565,1,1.0
67,2565,1,0.0
21,2565,1,1.0
51,2565,1,1.0
31,2565,1,3.0
27,2565,1,2.0
26,2565,1,0.0
29,2565,1,2.0
41,2565,1,1.0
48,2565,1,1.0
23,2565,1,2.0
6,2565,1,0.0
45,2565,1,3.0
38,2565,1,3.0
61,2565,1,2.0
54,2565,1,3.0
30,2565,1,0.0
42,2565,1,0.0
46,2565,1,0.0
64,2566,1,0.0
1,2566,1,3.0
56,2566,1,3.0
34,2566,1,1.0
49,2566,1,2.0
28,2566,1,5.0
13,2566,1,2.0
15,2566,1,1.0
11,2566,1,4.0
9,2566,1,1.0
25,2566,1,0.0
69,2566,1,1.0
72,2566,1,2.0
14,2566,1,1.0
50,2566,1,2.0
17,2566,1,0.0
58,2566,1,1.0
36,2566,1,1.0
19,2566,1,3.0
63,2566,1,2.0
47,2566,1,3.0
3,2566,1,1.0
76,2566,1,2.0
43,2566,1,2.0
77,2566,1,2.0
20,2566,1,2.0
4,2566,1,0.0
62,2566,1,1.0
16,2566,1,0.0
74,2566,1,1.0
5,2566,1,0.0
44,2566,1,0.0
65,2566,1,1.0
73,2566,1,0.0
53,2566,1,2.0
52,2566,1,1.0
66,2566,1,1.0
32,2566,1,0.0
37,2566,1,0.0
75,2566,1,2.0
24,2566,1,1.0
68,2566,1,0.0
12,2566,1,3.0
55,2566,1,3.0
33,2566,1,1.0
7,2566,1,0.0
40,2566,1,2.0
39,2566,1,0.0
22,2566,1,4.0
35,2566,1,3.0
70,2566,1,3.0
71,2566,1,2.0
2,2566,1,2.0
60,2566,1,0.0
59,2566,1,0.0
10,2566,1,2.0
18,2566,1,0.0
8,2566,1,0.0
57,2566,1,1.0
67,2566,1,0.0
21,2566,1,2.0
51,2566,1,1.0
31,2566,1,4.0
27,2566,1,3.0
26,2566,1,1.0
29,2566,1,2.0
41,2566,1,1.0
48,2566,1,1.0
23,2566,1,2.0
6,2566,1,0.0
45,2566,1,4.0
38,2566,1,3.0
61,2566,1,2.0
54,2566,1,3.0
30,2566,1,0.0
42,2566,1,1.0
46,2566,1,0.0
64,2567,1,1.0
1,2567,1,3.0
56,2567,1,2.0
34,2567,1,1.0
49,2567,1,2.0
28,2567,1,5.0
13,2567,1,2.0
15,2567,1,1.0
11,2567,1,4.0
9,2567,1,1.0
25,2567,1,0.0
69,2567,1,1.0
72,2567,1,2.0
14,2567,1,1.0
50,2567,1,2.0
17,2567,1,0.0
58,2567,1,1.0
36,2567,1,0.0
19,2567,1,2.0
63,2567,1,1.0
47,2567,1,3.0
3,2567,1,1.0
76,2567,1,2.0
43,2567,1,2.0
77,2567,1,0.0
20,2567,1,3.0
4,2567,1,1.0
62,2567,1,1.0
16,2567,1,0.0
74,2567,1,1.0
5,2567,1,1.0
44,2567,1,0.0
65,2567,1,1.0
73,2567,1,0.0
53,2567,1,2.0
52,2567,1,2.0
66,2567,1,1.0
32,2567,1,0.0
37,2567,1,0.0
75,2567,1,2.0
24,2567,1,1.0
68,2567,1,0.0
12,2567,1,3.0
55,2567,1,2.0
33,2567,1,1.0
7,2567,1,0.0
40,2567,1,2.0
39,2567,1,0.0
22,2567,1,5.0
35,2567,1,3.0
70,2567,1,3.0
71,2567,1,2.0
2,2567,1,2.0
60,2567,1,0.0
59,2567,1,3.0
10,2567,1,2.0
18,2567,1,0.0
8,2567,1,0.0
57,2567,1,1.0
67,2567,1,0.0
21,2567,1,2.0
51,2567,1,1.0
31,2567,1,4.0
27,2567,1,0.0
26,2567,1,1.0
29,2567,1,2.0
41,2567,1,1.0
48,2567,1,1.0
23,2567,1,2.0
6,2567,1,0.0
45,2567,1,4.0
38,2567,1,3.0
61,2567,1,3.0
54,2567,1,5.0
30,2567,1,0.0
42,2567,1,1.0
46,2567,1,0.0
64,2568,1,1.0
1,2568,1,3.0
56,2568,1,2.0
34,2568,1,1.0
49,2568,1,1.0
28,2568,1,5.0
13,2568,1,2.0
15,2568,1,1.0
11,2568,1,3.0
9,2568,1,1.0
25,2568,1,0.0
69,2568,1,0.0
72,2568,1,2.0
14,2568,1,1.0
50,2568,1,2.0
17,2568,1,0.0
58,2568,1,1.0
36,2568,1,0.0
19,2568,1,2.0
63,2568,1,2.0
47,2568,1,3.0
3,2568,1,1.0
76,2568,1,2.0
43,2568,1,2.0
77,2568,1,2.0
20,2568,1,2.0
4,2568,1,0.0
62,2568,1,2.0
16,2568,1,0.0
74,2568,1,1.0
5,2568,1,1.0
44,2568,1,0.0
65,2568,1,1.0
73,2568,1,0.0
53,2568,1,2.0
52,2568,1,1.0
66,2568,1,1.0
32,2568,1,1.0
37,2568,1,0.0
75,2568,1,2.0
24,2568,1,1.0
68,2568,1,0.0
12,2568,1,3.0
55,2568,1,2.0
33,2568,1,2.0
7,2568,1,0.0
40,2568,1,2.0
39,2568,1,0.0
22,2568,1,4.0
35,2568,1,3.0
70,2568,1,3.0
71,2568,1,2.0
2,2568,1,2.0
60,2568,1,0.0
59,2568,1,4.0
10,2568,1,2.0
18,2568,1,0.0
8,2568,1,0.0
57,2568,1,3.0
67,2568,1,0.0
21,2568,1,2.0
51,2568,1,1.0
31,2568,1,4.0
27,2568,1,3.0
26,2568,1,1.0
29,2568,1,2.0
41,2568,1,2.0
48,2568,1,1.0
23,2568,1,2.0
6,2568,1,0.0
45,2568,1,4.0
38,2568,1,2.0
61,2568,1,2.0
54,2568,1,5.0
30,2568,1,0.0
42,2568,1,1.0
46,2568,1,0.0
64,2556,2,27.0
1,2556,2,0.0
56,2556,2,19.0
34,2556,2,43.0
49,2556,2,17.0
28,2556,2,100.0
13,2556,2,19.0
15,2556,2,16.0
11,2556,2,24.0
9,2556,2,9.0
25,2556,2,72.0
69,2556,2,12.0
72,2556,2,21.0
14,2556,2,11.0
50,2556,2,44.0
17,2556,2,4.0
58,2556,2,11.0
36,2556,2,29.0
19,2556,2,95.0
63,2556,2,32.0
47,2556,2,28.0
3,2556,2,0.0
76,2556,2,19.0
43,2556,2,62.0
77,2556,2,18.0
20,2556,2,48.0
4,2556,2,5.0
62,2556,2,10.0
16,2556,2,25.0
74,2556,2,39.0
5,2556,2,18.0
44,2556,2,26.0
65,2556,2,13.0
73,2556,2,19.0
53,2556,2,19.0
52,2556,2,17.0
66,2556,2,0.0
32,2556,2,31.0
37,2556,2,12.0
75,2556,2,15.0
24,2556,2,39.0
68,2556,2,15.0
12,2556,2,22.0
55,2556,2,16.0
33,2556,2,51.0
7,2556,2,25.0
40,2556,2,108.0
39,2556,2,31.0
22,2556,2,26.0
35,2556,2,23.0
70,2556,2,28.0
71,2556,2,8.0
2,2556,2,0.0
60,2556,2,0.0
59,2556,2,3.0
10,2556,2,10.0
18,2556,2,13.0
8,2556,2,7.0
57,2556,2,20.0
67,2556,2,45.0
21,2556,2,20.0
51,2556,2,19.0
31,2556,2,15.0
27,2556,2,26.0
26,2556,2,15.0
29,2556,2,64.0
41,2556,2,31.0
48,2556,2,6.0
23,2556,2,55.0
6,2556,2,0.0
45,2556,2,35.0
38,2556,2,46.0
61,2556,2,6.0
54,2556,2,40.0
30,2556,2,38.0
42,2556,2,40.0
46,2556,2,35.0
64,2557,2,26.0
1,2557,2,3.0
56,2557,2,19.0
34,2557,2,45.0
49,2557,2,16.0
28,2557,2,95.0
13,2557,2,19.0
15,2557,2,15.0
11,2557,2,24.0
9,2557,2,7.0
25,2557,2,71.0
69,2557,2,13.0
72,2557,2,22.0
14,2557,2,10.0
50,2557,2,31.0
17,2557,2,2.0
58,2557,2,12.0
36,2557,2,28.0
19,2557,2,103.0
63,2557,2,32.0
47,2557,2,28.0
3,2557,2,0.0
76,2557,2,13.0
43,2557,2,60.0
77,2557,2,17.0
20,2557,2,50.0
4,2557,2,8.0
62,2557,2,19.0
16,2557,2,24.0
74,2557,2,31.0
5,2557,2,19.0
44,2557,2,27.0
65,2557,2,13.0
73,2557,2,18.0
53,2557,2,21.0
52,2557,2,15.0
66,2557,2,0.0
32,2557,2,29.0
37,2557,2,14.0
75,2557,2,7.0
24,2557,2,46.0
68,2557,2,14.0
12,2557,2,23.0
55,2557,2,16.0
33,2557,2,58.0
7,2557,2,33.0
40,2557,2,66.0
39,2557,2,25.0
22,2557,2,42.0
35,2557,2,22.0
70,2557,2,31.0
71,2557,2,11.0
2,2557,2,0.0
60,2557,2,0.0
59,2557,2,1.0
10,2557,2,10.0
18,2557,2,13.0
8,2557,2,8.0
57,2557,2,14.0
67,2557,2,44.0
21,2557,2,19.0
51,2557,2,16.0
31,2557,2,13.0
27,2557,2,25.0
26,2557,2,16.0
29,2557,2,62.0
41,2557,2,34.0
48,2557,2,6.0
23,2557,2,54.0
6,2557,2,14.0
45,2557,2,42.0
38,2557,2,50.0
61,2557,2,12.0
54,2557,2,40.0
30,2557,2,36.0
42,2557,2,20.0
46,2557,2,31.0
64,2558,2,26.0
1,2558,2,0.0
56,2558,2,38.0
34,2558,2,48.0
49,2558,2,5.0
28,2558,2,153.0
13,2558,2,21.0
15,2558,2,14.0
11,2558,2,24.0
9,2558,2,7.0
25,2558,2,93.0
69,2558,2,13.0
72,2558,2,22.0
14,2558,2,10.0
50,2558,2,34.0
17,2558,2,2.0
58,2558,2,10.0
36,2558,2,39.0
19,2558,2,100.0
63,2558,2,31.0
47,2558,2,25.0
3,2558,2,0.0
76,2558,2,13.0
43,2558,2,60.0
77,2558,2,24.0
20,2558,2,49.0
4,2558,2,7.0
62,2558,2,17.0
16,2558,2,24.0
74,2558,2,45.0
5,2558,2,20.0
44,2558,2,30.0
65,2558,2,14.0
73,2558,2,18.0
53,2558,2,22.0
52,2558,2,23.0
66,2558,2,0.0
32,2558,2,42.0
37,2558,2,14.0
75,2558,2,6.0
24,2558,2,48.0
68,2558,2,14.0
12,2558,2,21.0
55,2558,2,15.0
33,2558,2,56.0
7,2558,2,31.0
40,2558,2,55.0
39,2558,2,37.0
22,2558,2,43.0
35,2558,2,31.0
70,2558,2,27.0
71,2558,2,11.0
2,2558,2,1.0
60,2558,2,0.0
59,2558,2,1.0
10,2558,2,8.0
18,2558,2,11.0
8,2558,2,6.0
57,2558,2,22.0
67,2558,2,44.0
21,2558,2,19.0
51,2558,2,12.0
31,2558,2,18.0
27,2558,2,25.0
26,2558,2,16.0
29,2558,2,87.0
41,2558,2,37.0
48,2558,2,4.0
23,2558,2,58.0
6,2558,2,14.0
45,2558,2,39.0
38,2558,2,48.0
61,2558,2,14.0
54,2558,2,43.0
30,2558,2,47.0
42,2558,2,23.0
46,2558,2,27.0
64,2559,2,23.0
1,2559,2,0.0
56,2559,2,46.0
34,2559,2,0.0
49,2559,2,11.0
28,2559,2,153.0
13,2559,2,18.0
15,2559,2,12.0
11,2559,2,23.0
9,2559,2,7.0
25,2559,2,0.0
69,2559,2,13.0
72,2559,2,19.0
14,2559,2,14.0
50,2559,2,38.0
17,2559,2,4.0
58,2559,2,10.0
36,2559,2,36.0
19,2559,2,102.0
63,2559,2,27.0
47,2559,2,20.0
3,2559,2,0.0
76,2559,2,21.0
43,2559,2,161.0
77,2559,2,25.0
20,2559,2,53.0
4,2559,2,5.0
62,2559,2,17.0
16,2559,2,0.0
74,2559,2,49.0
5,2559,2,17.0
44,2559,2,62.0
65,2559,2,13.0
73,2559,2,18.0
53,2559,2,19.0
52,2559,2,19.0
66,2559,2,0.0
32,2559,2,30.0
37,2559,2,14.0
75,2559,2,6.0
24,2559,2,48.0
68,2559,2,13.0
12,2559,2,20.0
55,2559,2,21.0
33,2559,2,0.0
7,2559,2,35.0
40,2559,2,151.0
39,2559,2,35.0
22,2559,2,42.0
35,2559,2,30.0
70,2559,2,24.0
71,2559,2,10.0
2,2559,2,2.0
60,2559,2,0.0
59,2559,2,3.0
10,2559,2,8.0
18,2559,2,11.0
8,2559,2,6.0
57,2559,2,25.0
67,2559,2,37.0
21,2559,2,15.0
51,2559,2,12.0
31,2559,2,18.0
27,2559,2,24.0
26,2559,2,16.0
29,2559,2,85.0
41,2559,2,39.0
48,2559,2,6.0
23,2559,2,76.0
6,2559,2,0.0
45,2559,2,66.0
38,2559,2,66.0
61,2559,2,14.0
54,2559,2,42.0
30,2559,2,47.0
42,2559,2,69.0
46,2559,2,34.0
64,2560,2,22.0
1,2560,2,0.0
56,2560,2,48.0
34,2560,2,45.0
49,2560,2,16.0
28,2560,2,171.0
13,2560,2,17.0
15,2560,2,10.0
11,2560,2,15.0
9,2560,2,6.0
25,2560,2,0.0
69,2560,2,15.0
72,2560,2,19.0
14,2560,2,4.0
50,2560,2,34.0
17,2560,2,3.0
58,2560,2,4.0
36,2560,2,37.0
19,2560,2,92.0
63,2560,2,27.0
47,2560,2,8.0
3,2560,2,0.0
76,2560,2,21.0
43,2560,2,160.0
77,2560,2,23.0
20,2560,2,43.0
4,2560,2,4.0
62,2560,2,20.0
16,2560,2,23.0
74,2560,2,50.0
5,2560,2,10.0
44,2560,2,20.0
65,2560,2,11.0
73,2560,2,16.0
53,2560,2,17.0
52,2560,2,20.0
66,2560,2,0.0
32,2560,2,42.0
37,2560,2,13.0
75,2560,2,2.0
24,2560,2,0.0
68,2560,2,13.0
12,2560,2,13.0
55,2560,2,8.0
33,2560,2,1.0
7,2560,2,33.0
40,2560,2,171.0
39,2560,2,35.0
22,2560,2,48.0
35,2560,2,29.0
70,2560,2,20.0
71,2560,2,7.0
2,2560,2,0.0
60,2560,2,0.0
59,2560,2,3.0
10,2560,2,7.0
18,2560,2,7.0
8,2560,2,4.0
57,2560,2,24.0
67,2560,2,32.0
21,2560,2,16.0
51,2560,2,7.0
31,2560,2,16.0
27,2560,2,18.0
26,2560,2,12.0
29,2560,2,89.0
41,2560,2,39.0
48,2560,2,4.0
23,2560,2,42.0
6,2560,2,0.0
45,2560,2,59.0
38,2560,2,66.0
61,2560,2,10.0
54,2560,2,44.0
30,2560,2,52.0
42,2560,2,21.0
46,2560,2,75.0
64,2561,2,20.0
1,2561,2,0.0
56,2561,2,46.0
34,2561,2,50.0
49,2561,2,9.0
28,2561,2,188.0
13,2561,2,14.0
15,2561,2,5.0
11,2561,2,12.0
9,2561,2,5.0
25,2561,2,0.0
69,2561,2,16.0
72,2561,2,20.0
14,2561,2,4.0
50,2561,2,24.0
17,2561,2,1.0
58,2561,2,5.0
36,2561,2,38.0
19,2561,2,84.0
63,2561,2,24.0
47,2561,2,7.0
3,2561,2,0.0
76,2561,2,21.0
43,2561,2,161.0
77,2561,2,24.0
20,2561,2,40.0
4,2561,2,3.0
62,2561,2,16.0
16,2561,2,23.0
74,2561,2,0.0
5,2561,2,8.0
44,2561,2,37.0
65,2561,2,11.0
73,2561,2,16.0
53,2561,2,9.0
52,2561,2,15.0
66,2561,2,0.0
32,2561,2,43.0
37,2561,2,13.0
75,2561,2,0.0
24,2561,2,34.0
68,2561,2,13.0
12,2561,2,12.0
55,2561,2,9.0
33,2561,2,9.0
7,2561,2,33.0
40,2561,2,149.0
39,2561,2,35.0
22,2561,2,0.0
35,2561,2,30.0
70,2561,2,20.0
71,2561,2,7.0
2,2561,2,0.0
60,2561,2,0.0
59,2561,2,1.0
10,2561,2,6.0
18,2561,2,10.0
8,2561,2,3.0
57,2561,2,21.0
67,2561,2,29.0
21,2561,2,16.0
51,2561,2,5.0
31,2561,2,16.0
27,2561,2,29.0
26,2561,2,11.0
29,2561,2,80.0
41,2561,2,49.0
48,2561,2,3.0
23,2561,2,72.0
6,2561,2,0.0
45,2561,2,59.0
38,2561,2,66.0
61,2561,2,12.0
54,2561,2,42.0
30,2561,2,51.0
42,2561,2,55.0
46,2561,2,78.0
64,2562,2,23.0
1,2562,2,0.0
56,2562,2,35.0
34,2562,2,48.0
49,2562,2,7.0
28,2562,2,168.0
13,2562,2,13.0
15,2562,2,5.0
11,2562,2,11.0
9,2562,2,4.0
25,2562,2,81.0
69,2562,2,14.0
72,2562,2,20.0
14,2562,2,3.0
50,2562,2,16.0
17,2562,2,3.0
58,2562,2,5.0
36,2562,2,34.0
19,2562,2,91.0
63,2562,2,23.0
47,2562,2,2.0
3,2562,2,0.0
76,2562,2,21.0
43,2562,2,161.0
77,2562,2,15.0
20,2562,2,39.0
4,2562,2,3.0
62,2562,2,19.0
16,2562,2,24.0
74,2562,2,46.0
5,2562,2,7.0
44,2562,2,40.0
65,2562,2,11.0
73,2562,2,12.0
53,2562,2,4.0
52,2562,2,2.0
66,2562,2,0.0
32,2562,2,41.0
37,2562,2,12.0
75,2562,2,0.0
24,2562,2,40.0
68,2562,2,13.0
12,2562,2,4.0
55,2562,2,9.0
33,2562,2,52.0
7,2562,2,34.0
40,2562,2,143.0
39,2562,2,42.0
22,2562,2,32.0
35,2562,2,23.0
70,2562,2,17.0
71,2562,2,7.0
2,2562,2,1.0
60,2562,2,0.0
59,2562,2,0.0
10,2562,2,8.0
18,2562,2,13.0
8,2562,2,3.0
57,2562,2,23.0
67,2562,2,30.0
21,2562,2,15.0
51,2562,2,4.0
31,2562,2,15.0
27,2562,2,31.0
26,2562,2,11.0
29,2562,2,71.0
41,2562,2,49.0
48,2562,2,0.0
23,2562,2,69.0
6,2562,2,0.0
45,2562,2,63.0
38,2562,2,121.0
61,2562,2,9.0
54,2562,2,42.0
30,2562,2,52.0
42,2562,2,43.0
46,2562,2,105.0
64,2563,2,21.0
1,2563,2,0.0
56,2563,2,33.0
34,2563,2,46.0
49,2563,2,4.0
28,2563,2,89.0
13,2563,2,12.0
15,2563,2,5.0
11,2563,2,11.0
9,2563,2,6.0
25,2563,2,55.0
69,2563,2,14.0
72,2563,2,18.0
14,2563,2,2.0
50,2563,2,18.0
17,2563,2,4.0
58,2563,2,0.0
36,2563,2,35.0
19,2563,2,88.0
63,2563,2,25.0
47,2563,2,0.0
3,2563,2,0.0
76,2563,2,20.0
43,2563,2,61.0
77,2563,2,12.0
20,2563,2,25.0
4,2563,2,4.0
62,2563,2,19.0
16,2563,2,22.0
74,2563,2,44.0
5,2563,2,7.0
44,2563,2,53.0
65,2563,2,10.0
73,2563,2,11.0
53,2563,2,2.0
52,2563,2,1.0
66,2563,2,0.0
32,2563,2,26.0
37,2563,2,10.0
75,2563,2,0.0
24,2563,2,33.0
68,2563,2,13.0
12,2563,2,3.0
55,2563,2,9.0
33,2563,2,48.0
7,2563,2,34.0
40,2563,2,132.0
39,2563,2,74.0
22,2563,2,24.0
35,2563,2,27.0
70,2563,2,17.0
71,2563,2,2.0
2,2563,2,1.0
60,2563,2,0.0
59,2563,2,0.0
10,2563,2,8.0
18,2563,2,13.0
8,2563,2,3.0
57,2563,2,21.0
67,2563,2,29.0
21,2563,2,15.0
51,2563,2,5.0
31,2563,2,16.0
27,2563,2,24.0
26,2563,2,10.0
29,2563,2,69.0
41,2563,2,40.0
48,2563,2,0.0
23,2563,2,28.0
6,2563,2,1.0
45,2563,2,69.0
38,2563,2,96.0
61,2563,2,9.0
54,2563,2,40.0
30,2563,2,55.0
42,2563,2,5.0
46,2563,2,99.0
64,2564,2,22.0
1,2564,2,0.0
56,2564,2,34.0
34,2564,2,43.0
49,2564,2,17.0
28,2564,2,162.0
13,2564,2,11.0
15,2564,2,5.0
11,2564,2,16.0
9,2564,2,6.0
25,2564,2,79.0
69,2564,2,14.0
72,2564,2,19.0
14,2564,2,12.0
50,2564,2,23.0
17,2564,2,4.0
58,2564,2,6.0
36,2564,2,32.0
19,2564,2,84.0
63,2564,2,23.0
47,2564,2,17.0
3,2564,2,0.0
76,2564,2,20.0
43,2564,2,58.0
77,2564,2,0.0
20,2564,2,27.0
4,2564,2,3.0
62,2564,2,20.0
16,2564,2,22.0
74,2564,2,40.0
5,2564,2,5.0
44,2564,2,50.0
65,2564,2,11.0
73,2564,2,13.0
53,2564,2,16.0
52,2564,2,14.0
66,2564,2,0.0
32,2564,2,24.0
37,2564,2,9.0
75,2564,2,0.0
24,2564,2,33.0
68,2564,2,12.0
12,2564,2,2.0
55,2564,2,8.0
33,2564,2,41.0
7,2564,2,34.0
40,2564,2,83.0
39,2564,2,0.0
22,2564,2,30.0
35,2564,2,27.0
70,2564,2,15.0
71,2564,2,0.0
2,2564,2,1.0
60,2564,2,0.0
59,2564,2,0.0
10,2564,2,8.0
18,2564,2,11.0
8,2564,2,3.0
57,2564,2,22.0
67,2564,2,27.0
21,2564,2,14.0
51,2564,2,5.0
31,2564,2,18.0
27,2564,2,16.0
26,2564,2,11.0
29,2564,2,66.0
41,2564,2,41.0
48,2564,2,2.0
23,2564,2,36.0
6,2564,2,0.0
45,2564,2,74.0
38,2564,2,73.0
61,2564,2,0.0
54,2564,2,37.0
30,2564,2,49.0
42,2564,2,61.0
46,2564,2,100.0
64,2565,2,18.0
1,2565,2,0.0
56,2565,2,30.0
34,2565,2,43.0
49,2565,2,16.0
28,2565,2,102.0
13,2565,2,11.0
15,2565,2,5.0
11,2565,2,16.0
9,2565,2,6.0
25,2565,2,92.0
69,2565,2,14.0
72,2565,2,19.0
14,2565,2,11.0
50,2565,2,0.0
17,2565,2,3.0
58,2565,2,5.0
36,2565,2,31.0
19,2565,2,77.0
63,2565,2,24.0
47,2565,2,16.0
3,2565,2,0.0
76,2565,2,22.0
43,2565,2,50.0
77,2565,2,10.0
20,2565,2,31.0
4,2565,2,2.0
62,2565,2,20.0
16,2565,2,22.0
74,2565,2,40.0
5,2565,2,5.0
44,2565,2,49.0
65,2565,2,12.0
73,2565,2,12.0
53,2565,2,16.0
52,2565,2,5.0
66,2565,2,0.0
32,2565,2,27.0
37,2565,2,8.0
75,2565,2,0.0
24,2565,2,32.0
68,2565,2,12.0
12,2565,2,2.0
55,2565,2,7.0
33,2565,2,46.0
7,2565,2,36.0
40,2565,2,82.0
39,2565,2,74.0
22,2565,2,27.0
35,2565,2,27.0
70,2565,2,16.0
71,2565,2,3.0
2,2565,2,1.0
60,2565,2,0.0
59,2565,2,0.0
10,2565,2,9.0
18,2565,2,10.0
8,2565,2,3.0
57,2565,2,21.0
67,2565,2,27.0
21,2565,2,13.0
51,2565,2,5.0
31,2565,2,18.0
27,2565,2,23.0
26,2565,2,11.0
29,2565,2,65.0
41,2565,2,38.0
48,2565,2,3.0
23,2565,2,40.0
6,2565,2,1.0
45,2565,2,110.0
38,2565,2,59.0
61,2565,2,8.0
54,2565,2,37.0
30,2565,2,49.0
42,2565,2,57.0
46,2565,2,99.0
64,2566,2,0.0
1,2566,2,0.0
56,2566,2,30.0
34,2566,2,42.0
49,2566,2,14.0
28,2566,2,117.0
13,2566,2,9.0
15,2566,2,6.0
11,2566,2,16.0
9,2566,2,6.0
25,2566,2,102.0
69,2566,2,14.0
72,2566,2,19.0
14,2566,2,12.0
50,2566,2,23.0
17,2566,2,3.0
58,2566,2,5.0
36,2566,2,31.0
19,2566,2,77.0
63,2566,2,19.0
47,2566,2,16.0
3,2566,2,0.0
76,2566,2,22.0
43,2566,2,53.0
77,2566,2,10.0
20,2566,2,30.0
4,2566,2,2.0
62,2566,2,20.0
16,2566,2,22.0
74,2566,2,37.0
5,2566,2,7.0
44,2566,2,50.0
65,2566,2,12.0
73,2566,2,12.0
53,2566,2,13.0
52,2566,2,6.0
66,2566,2,0.0
32,2566,2,27.0
37,2566,2,9.0
75,2566,2,0.0
24,2566,2,33.0
68,2566,2,12.0
12,2566,2,2.0
55,2566,2,7.0
33,2566,2,47.0
7,2566,2,36.0
40,2566,2,83.0
39,2566,2,71.0
22,2566,2,31.0
35,2566,2,27.0
70,2566,2,17.0
71,2566,2,3.0
2,2566,2,1.0
60,2566,2,0.0
59,2566,2,0.0
10,2566,2,8.0
18,2566,2,6.0
8,2566,2,3.0
57,2566,2,19.0
67,2566,2,22.0
21,2566,2,10.0
51,2566,2,5.0
31,2566,2,16.0
27,2566,2,25.0
26,2566,2,11.0
29,2566,2,62.0
41,2566,2,39.0
48,2566,2,3.0
23,2566,2,40.0
6,2566,2,1.0
45,2566,2,111.0
38,2566,2,57.0
61,2566,2,8.0
54,2566,2,37.0
30,2566,2,51.0
42,2566,2,50.0
46,2566,2,97.0
64,2567,2,18.0
1,2567,2,0.0
56,2567,2,29.0
34,2567,2,42.0
49,2567,2,13.0
28,2567,2,117.0
13,2567,2,9.0
15,2567,2,6.0
11,2567,2,15.0
9,2567,2,6.0
25,2567,2,120.0
69,2567,2,13.0
72,2567,2,19.0
14,2567,2,12.0
50,2567,2,23.0
17,2567,2,3.0
58,2567,2,4.0
36,2567,2,30.0
19,2567,2,78.0
63,2567,2,19.0
47,2567,2,15.0
3,2567,2,0.0
76,2567,2,20.0
43,2567,2,53.0
77,2567,2,0.0
20,2567,2,29.0
4,2567,2,1.0
62,2567,2,19.0
16,2567,2,21.0
74,2567,2,38.0
5,2567,2,7.0
44,2567,2,50.0
65,2567,2,12.0
73,2567,2,12.0
53,2567,2,11.0
52,2567,2,6.0
66,2567,2,0.0
32,2567,2,26.0
37,2567,2,9.0
75,2567,2,0.0
24,2567,2,34.0
68,2567,2,12.0
12,2567,2,2.0
55,2567,2,8.0
33,2567,2,47.0
7,2567,2,36.0
40,2567,2,83.0
39,2567,2,70.0
22,2567,2,23.0
35,2567,2,27.0
70,2567,2,17.0
71,2567,2,3.0
2,2567,2,1.0
60,2567,2,0.0
59,2567,2,0.0
10,2567,2,8.0
18,2567,2,6.0
8,2567,2,2.0
57,2567,2,19.0
67,2567,2,21.0
21,2567,2,10.0
51,2567,2,7.0
31,2567,2,16.0
27,2567,2,0.0
26,2567,2,12.0
29,2567,2,63.0
41,2567,2,39.0
48,2567,2,3.0
23,2567,2,34.0
6,2567,2,0.0
45,2567,2,110.0
38,2567,2,56.0
61,2567,2,6.0
54,2567,2,35.0
30,2567,2,57.0
42,2567,2,53.0
46,2567,2,98.0
64,2568,2,18.0
1,2568,2,0.0
56,2568,2,41.0
34,2568,2,41.0
49,2568,2,14.0
28,2568,2,116.0
13,2568,2,9.0
15,2568,2,5.0
11,2568,2,14.0
9,2568,2,6.0
25,2568,2,100.0
69,2568,2,14.0
72,2568,2,18.0
14,2568,2,12.0
50,2568,2,23.0
17,2568,2,3.0
58,2568,2,4.0
36,2568,2,39.0
19,2568,2,78.0
63,2568,2,20.0
47,2568,2,14.0
3,2568,2,0.0
76,2568,2,21.0
43,2568,2,53.0
77,2568,2,7.0
20,2568,2,34.0
4,2568,2,2.0
62,2568,2,18.0
16,2568,2,20.0
74,2568,2,39.0
5,2568,2,6.0
44,2568,2,49.0
65,2568,2,11.0
73,2568,2,12.0
53,2568,2,9.0
52,2568,2,12.0
66,2568,2,0.0
32,2568,2,26.0
37,2568,2,9.0
75,2568,2,0.0
24,2568,2,40.0
68,2568,2,11.0
12,2568,2,2.0
55,2568,2,7.0
33,2568,2,47.0
7,2568,2,37.0
40,2568,2,83.0
39,2568,2,44.0
22,2568,2,30.0
35,2568,2,26.0
70,2568,2,18.0
71,2568,2,3.0
2,2568,2,1.0
60,2568,2,0.0
59,2568,2,0.0
10,2568,2,8.0
18,2568,2,5.0
8,2568,2,2.0
57,2568,2,17.0
67,2568,2,18.0
21,2568,2,10.0
51,2568,2,6.0
31,2568,2,14.0
27,2568,2,20.0
26,2568,2,13.0
29,2568,2,60.0
41,2568,2,38.0
48,2568,2,3.0
23,2568,2,39.0
6,2568,2,0.0
45,2568,2,107.0
38,2568,2,45.0
61,2568,2,6.0
54,2568,2,35.0
30,2568,2,56.0
42,2568,2,61.0
46,2568,2,97.0
64,2556,3,0.0
1,2556,3,3.0
56,2556,3,0.0
34,2556,3,0.0
49,2556,3,0.0
28,2556,3,0.0
13,2556,3,0.0
15,2556,3,0.0
11,2556,3,0.0
9,2556,3,0.0
25,2556,3,0.0
69,2556,3,0.0
72,2556,3,0.0
14,2556,3,0.0
50,2556,3,0.0
17,2556,3,0.0
58,2556,3,0.0
36,2556,3,0.0
19,2556,3,0.0
63,2556,3,0.0
47,2556,3,0.0
3,2556,3,0.0
76,2556,3,0.0
43,2556,3,0.0
77,2556,3,0.0
20,2556,3,0.0
4,2556,3,0.0
62,2556,3,0.0
16,2556,3,0.0
74,2556,3,0.0
5,2556,3,0.0
44,2556,3,0.0
65,2556,3,0.0
73,2556,3,0.0
53,2556,3,0.0
52,2556,3,0.0
66,2556,3,0.0
32,2556,3,0.0
37,2556,3,0.0
75,2556,3,0.0
24,2556,3,0.0
68,2556,3,0.0
12,2556,3,0.0
55,2556,3,0.0
33,2556,3,0.0
7,2556,3,0.0
40,2556,3,0.0
39,2556,3,0.0
22,2556,3,0.0
35,2556,3,0.0
70,2556,3,0.0
71,2556,3,0.0
2,2556,3,0.0
60,2556,3,0.0
59,2556,3,0.0
10,2556,3,0.0
18,2556,3,0.0
8,2556,3,0.0
57,2556,3,0.0
67,2556,3,0.0
21,2556,3,0.0
51,2556,3,0.0
31,2556,3,0.0
27,2556,3,0.0
26,2556,3,0.0
29,2556,3,0.0
41,2556,3,0.0
48,2556,3,0.0
23,2556,3,0.0
6,2556,3,0.0
45,2556,3,0.0
38,2556,3,4.0
61,2556,3,0.0
54,2556,3,0.0
30,2556,3,0.0
42,2556,3,0.0
46,2556,3,0.0
64,2557,3,0.0
1,2557,3,3.0
56,2557,3,0.0
34,2557,3,0.0
49,2557,3,0.0
28,2557,3,0.0
13,2557,3,0.0
15,2557,3,0.0
11,2557,3,0.0
9,2557,3,0.0
25,2557,3,0.0
69,2557,3,0.0
72,2557,3,0.0
14,2557,3,0.0
50,2557,3,0.0
17,2557,3,0.0
58,2557,3,0.0
36,2557,3,0.0
19,2557,3,0.0
63,2557,3,0.0
47,2557,3,0.0
3,2557,3,0.0
76,2557,3,0.0
43,2557,3,0.0
77,2557,3,0.0
20,2557,3,0.0
4,2557,3,0.0
62,2557,3,0.0
16,2557,3,0.0
74,2557,3,0.0
5,2557,3,0.0
44,2557,3,0.0
65,2557,3,0.0
73,2557,3,0.0
53,2557,3,0.0
52,2557,3,0.0
66,2557,3,0.0
32,2557,3,0.0
37,2557,3,0.0
75,2557,3,0.0
24,2557,3,0.0
68,2557,3,0.0
12,2557,3,0.0
55,2557,3,0.0
33,2557,3,0.0
7,2557,3,0.0
40,2557,3,0.0
39,2557,3,0.0
22,2557,3,0.0
35,2557,3,0.0
70,2557,3,0.0
71,2557,3,0.0
2,2557,3,0.0
60,2557,3,1.0
59,2557,3,1.0
10,2557,3,0.0
18,2557,3,0.0
8,2557,3,0.0
57,2557,3,0.0
67,2557,3,0.0
21,2557,3,0.0
51,2557,3,0.0
31,2557,3,0.0
27,2557,3,0.0
26,2557,3,0.0
29,2557,3,0.0
41,2557,3,0.0
48,2557,3,0.0
23,2557,3,0.0
6,2557,3,0.0
45,2557,3,0.0
38,2557,3,4.0
61,2557,3,0.0
54,2557,3,0.0
30,2557,3,0.0
42,2557,3,0.0
46,2557,3,0.0
64,2558,3,0.0
1,2558,3,3.0
56,2558,3,0.0
34,2558,3,0.0
49,2558,3,0.0
28,2558,3,0.0
13,2558,3,0.0
15,2558,3,0.0
11,2558,3,1.0
9,2558,3,1.0
25,2558,3,0.0
69,2558,3,0.0
72,2558,3,0.0
14,2558,3,0.0
50,2558,3,0.0
17,2558,3,0.0
58,2558,3,2.0
36,2558,3,0.0
19,2558,3,1.0
63,2558,3,0.0
47,2558,3,0.0
3,2558,3,0.0
76,2558,3,0.0
43,2558,3,0.0
77,2558,3,0.0
20,2558,3,0.0
4,2558,3,0.0
62,2558,3,0.0
16,2558,3,0.0
74,2558,3,0.0
5,2558,3,0.0
44,2558,3,0.0
65,2558,3,0.0
73,2558,3,0.0
53,2558,3,0.0
52,2558,3,0.0
66,2558,3,0.0
32,2558,3,0.0
37,2558,3,0.0
75,2558,3,0.0
24,2558,3,0.0
68,2558,3,0.0
12,2558,3,0.0
55,2558,3,0.0
33,2558,3,0.0
7,2558,3,0.0
40,2558,3,0.0
39,2558,3,0.0
22,2558,3,0.0
35,2558,3,0.0
70,2558,3,0.0
71,2558,3,0.0
2,2558,3,0.0
60,2558,3,6.0
59,2558,3,0.0
10,2558,3,0.0
18,2558,3,0.0
8,2558,3,0.0
57,2558,3,0.0
67,2558,3,0.0
21,2558,3,0.0
51,2558,3,0.0
31,2558,3,0.0
27,2558,3,0.0
26,2558,3,0.0
29,2558,3,0.0
41,2558,3,0.0
48,2558,3,0.0
23,2558,3,0.0
6,2558,3,0.0
45,2558,3,0.0
38,2558,3,4.0
61,2558,3,0.0
54,2558,3,0.0
30,2558,3,0.0
42,2558,3,0.0
46,2558,3,0.0
64,2559,3,0.0
1,2559,3,3.0
56,2559,3,0.0
34,2559,3,0.0
49,2559,3,0.0
28,2559,3,0.0
13,2559,3,0.0
15,2559,3,0.0
11,2559,3,1.0
9,2559,3,0.0
25,2559,3,0.0
69,2559,3,0.0
72,2559,3,0.0
14,2559,3,0.0
50,2559,3,0.0
17,2559,3,0.0
58,2559,3,1.0
36,2559,3,0.0
19,2559,3,1.0
63,2559,3,0.0
47,2559,3,0.0
3,2559,3,0.0
76,2559,3,0.0
43,2559,3,0.0
77,2559,3,0.0
20,2559,3,0.0
4,2559,3,1.0
62,2559,3,0.0
16,2559,3,0.0
74,2559,3,0.0
5,2559,3,0.0
44,2559,3,0.0
65,2559,3,0.0
73,2559,3,0.0
53,2559,3,0.0
52,2559,3,0.0
66,2559,3,0.0
32,2559,3,0.0
37,2559,3,0.0
75,2559,3,0.0
24,2559,3,0.0
68,2559,3,0.0
12,2559,3,1.0
55,2559,3,0.0
33,2559,3,0.0
7,2559,3,0.0
40,2559,3,0.0
39,2559,3,0.0
22,2559,3,0.0
35,2559,3,0.0
70,2559,3,0.0
71,2559,3,0.0
2,2559,3,0.0
60,2559,3,1.0
59,2559,3,1.0
10,2559,3,0.0
18,2559,3,0.0
8,2559,3,0.0
57,2559,3,0.0
67,2559,3,0.0
21,2559,3,0.0
51,2559,3,0.0
31,2559,3,0.0
27,2559,3,0.0
26,2559,3,0.0
29,2559,3,0.0
41,2559,3,0.0
48,2559,3,0.0
23,2559,3,0.0
6,2559,3,0.0
45,2559,3,0.0
38,2559,3,4.0
61,2559,3,0.0
54,2559,3,0.0
30,2559,3,0.0
42,2559,3,0.0
46,2559,3,0.0
64,2560,3,0.0
1,2560,3,3.0
56,2560,3,0.0
34,2560,3,0.0
49,2560,3,0.0
28,2560,3,0.0
13,2560,3,0.0
15,2560,3,0.0
11,2560,3,0.0
9,2560,3,0.0
25,2560,3,0.0
69,2560,3,0.0
72,2560,3,0.0
14,2560,3,0.0
50,2560,3,0.0
17,2560,3,0.0
58,2560,3,2.0
36,2560,3,0.0
19,2560,3,1.0
63,2560,3,0.0
47,2560,3,0.0
3,2560,3,0.0
76,2560,3,0.0
43,2560,3,0.0
77,2560,3,0.0
20,2560,3,0.0
4,2560,3,1.0
62,2560,3,0.0
16,2560,3,0.0
74,2560,3,0.0
5,2560,3,0.0
44,2560,3,0.0
65,2560,3,0.0
73,2560,3,0.0
53,2560,3,0.0
52,2560,3,1.0
66,2560,3,0.0
32,2560,3,0.0
37,2560,3,0.0
75,2560,3,0.0
24,2560,3,0.0
68,2560,3,0.0
12,2560,3,0.0
55,2560,3,0.0
33,2560,3,0.0
7,2560,3,0.0
40,2560,3,0.0
39,2560,3,0.0
22,2560,3,0.0
35,2560,3,0.0
70,2560,3,0.0
71,2560,3,0.0
2,2560,3,0.0
60,2560,3,1.0
59,2560,3,0.0
10,2560,3,1.0
18,2560,3,0.0
8,2560,3,1.0
57,2560,3,0.0
67,2560,3,0.0
21,2560,3,0.0
51,2560,3,0.0
31,2560,3,0.0
27,2560,3,0.0
26,2560,3,0.0
29,2560,3,0.0
41,2560,3,0.0
48,2560,3,0.0
23,2560,3,0.0
6,2560,3,0.0
45,2560,3,0.0
38,2560,3,4.0
61,2560,3,0.0
54,2560,3,0.0
30,2560,3,0.0
42,2560,3,0.0
46,2560,3,0.0
64,2561,3,0.0
1,2561,3,3.0
56,2561,3,0.0
34,2561,3,0.0
49,2561,3,0.0
28,2561,3,0.0
13,2561,3,0.0
15,2561,3,0.0
11,2561,3,0.0
9,2561,3,1.0
25,2561,3,0.0
69,2561,3,0.0
72,2561,3,0.0
14,2561,3,0.0
50,2561,3,0.0
17,2561,3,0.0
58,2561,3,1.0
36,2561,3,0.0
19,2561,3,1.0
63,2561,3,0.0
47,2561,3,0.0
3,2561,3,0.0
76,2561,3,0.0
43,2561,3,0.0
77,2561,3,0.0
20,2561,3,0.0
4,2561,3,2.0
62,2561,3,0.0
16,2561,3,0.0
74,2561,3,0.0
5,2561,3,0.0
44,2561,3,0.0
65,2561,3,0.0
73,2561,3,1.0
53,2561,3,0.0
52,2561,3,1.0
66,2561,3,0.0
32,2561,3,0.0
37,2561,3,0.0
75,2561,3,0.0
24,2561,3,0.0
68,2561,3,0.0
12,2561,3,1.0
55,2561,3,1.0
33,2561,3,0.0
7,2561,3,0.0
40,2561,3,0.0
39,2561,3,0.0
22,2561,3,0.0
35,2561,3,0.0
70,2561,3,1.0
71,2561,3,0.0
2,2561,3,0.0
60,2561,3,1.0
59,2561,3,3.0
10,2561,3,1.0
18,2561,3,0.0
8,2561,3,1.0
57,2561,3,0.0
67,2561,3,0.0
21,2561,3,0.0
51,2561,3,0.0
31,2561,3,0.0
27,2561,3,0.0
26,2561,3,0.0
29,2561,3,0.0
41,2561,3,0.0
48,2561,3,0.0
23,2561,3,0.0
6,2561,3,0.0
45,2561,3,0.0
38,2561,3,4.0
61,2561,3,0.0
54,2561,3,0.0
30,2561,3,0.0
42,2561,3,0.0
46,2561,3,0.0
64,2562,3,0.0
1,2562,3,3.0
56,2562,3,0.0
34,2562,3,0.0
49,2562,3,0.0
28,2562,3,0.0
13,2562,3,0.0
15,2562,3,0.0
11,2562,3,0.0
9,2562,3,1.0
25,2562,3,0.0
69,2562,3,0.0
72,2562,3,0.0
14,2562,3,0.0
50,2562,3,0.0
17,2562,3,0.0
58,2562,3,1.0
36,2562,3,0.0
19,2562,3,1.0
63,2562,3,0.0
47,2562,3,0.0
3,2562,3,0.0
76,2562,3,0.0
43,2562,3,0.0
77,2562,3,0.0
20,2562,3,0.0
4,2562,3,2.0
62,2562,3,0.0
16,2562,3,0.0
74,2562,3,1.0
5,2562,3,0.0
44,2562,3,0.0
65,2562,3,0.0
73,2562,3,1.0
53,2562,3,0.0
52,2562,3,1.0
66,2562,3,0.0
32,2562,3,0.0
37,2562,3,0.0
75,2562,3,0.0
24,2562,3,0.0
68,2562,3,0.0
12,2562,3,2.0
55,2562,3,2.0
33,2562,3,0.0
7,2562,3,0.0
40,2562,3,0.0
39,2562,3,0.0
22,2562,3,0.0
35,2562,3,0.0
70,2562,3,1.0
71,2562,3,0.0
2,2562,3,0.0
60,2562,3,1.0
59,2562,3,3.0
10,2562,3,1.0
18,2562,3,0.0
8,2562,3,1.0
57,2562,3,0.0
67,2562,3,0.0
21,2562,3,1.0
51,2562,3,0.0
31,2562,3,0.0
27,2562,3,0.0
26,2562,3,0.0
29,2562,3,0.0
41,2562,3,0.0
48,2562,3,0.0
23,2562,3,0.0
6,2562,3,0.0
45,2562,3,0.0
38,2562,3,2.0
61,2562,3,0.0
54,2562,3,0.0
30,2562,3,0.0
42,2562,3,0.0
46,2562,3,0.0
64,2563,3,0.0
1,2563,3,3.0
56,2563,3,0.0
34,2563,3,0.0
49,2563,3,0.0
28,2563,3,0.0
13,2563,3,0.0
15,2563,3,0.0
11,2563,3,1.0
9,2563,3,1.0
25,2563,3,0.0
69,2563,3,0.0
72,2563,3,0.0
14,2563,3,0.0
50,2563,3,0.0
17,2563,3,0.0
58,2563,3,0.0
36,2563,3,0.0
19,2563,3,1.0
63,2563,3,0.0
47,2563,3,0.0
3,2563,3,0.0
76,2563,3,0.0
43,2563,3,0.0
77,2563,3,0.0
20,2563,3,0.0
4,2563,3,2.0
62,2563,3,0.0
16,2563,3,0.0
74,2563,3,1.0
5,2563,3,0.0
44,2563,3,0.0
65,2563,3,0.0
73,2563,3,1.0
53,2563,3,0.0
52,2563,3,1.0
66,2563,3,0.0
32,2563,3,1.0
37,2563,3,0.0
75,2563,3,1.0
24,2563,3,0.0
68,2563,3,0.0
12,2563,3,2.0
55,2563,3,2.0
33,2563,3,0.0
7,2563,3,0.0
40,2563,3,0.0
39,2563,3,0.0
22,2563,3,0.0
35,2563,3,0.0
70,2563,3,0.0
71,2563,3,0.0
2,2563,3,0.0
60,2563,3,1.0
59,2563,3,3.0
10,2563,3,1.0
18,2563,3,0.0
8,2563,3,1.0
57,2563,3,0.0
67,2563,3,1.0
21,2563,3,1.0
51,2563,3,0.0
31,2563,3,0.0
27,2563,3,0.0
26,2563,3,0.0
29,2563,3,0.0
41,2563,3,0.0
48,2563,3,0.0
23,2563,3,0.0
6,2563,3,0.0
45,2563,3,0.0
38,2563,3,2.0
61,2563,3,0.0
54,2563,3,0.0
30,2563,3,0.0
42,2563,3,0.0
46,2563,3,0.0
64,2564,3,0.0
1,2564,3,4.0
56,2564,3,0.0
34,2564,3,0.0
49,2564,3,0.0
28,2564,3,0.0
13,2564,3,0.0
15,2564,3,0.0
11,2564,3,1.0
9,2564,3,1.0
25,2564,3,0.0
69,2564,3,0.0
72,2564,3,0.0
14,2564,3,0.0
50,2564,3,0.0
17,2564,3,0.0
58,2564,3,1.0
36,2564,3,0.0
19,2564,3,1.0
63,2564,3,0.0
47,2564,3,0.0
3,2564,3,0.0
76,2564,3,0.0
43,2564,3,0.0
77,2564,3,0.0
20,2564,3,0.0
4,2564,3,2.0
62,2564,3,0.0
16,2564,3,0.0
74,2564,3,3.0
5,2564,3,0.0
44,2564,3,0.0
65,2564,3,0.0
73,2564,3,1.0
53,2564,3,0.0
52,2564,3,1.0
66,2564,3,0.0
32,2564,3,0.0
37,2564,3,0.0
75,2564,3,1.0
24,2564,3,0.0
68,2564,3,0.0
12,2564,3,2.0
55,2564,3,2.0
33,2564,3,0.0
7,2564,3,0.0
40,2564,3,0.0
39,2564,3,0.0
22,2564,3,0.0
35,2564,3,0.0
70,2564,3,1.0
71,2564,3,0.0
2,2564,3,0.0
60,2564,3,1.0
59,2564,3,3.0
10,2564,3,1.0
18,2564,3,0.0
8,2564,3,1.0
57,2564,3,0.0
67,2564,3,1.0
21,2564,3,1.0
51,2564,3,0.0
31,2564,3,0.0
27,2564,3,0.0
26,2564,3,0.0
29,2564,3,0.0
41,2564,3,0.0
48,2564,3,0.0
23,2564,3,0.0
6,2564,3,0.0
45,2564,3,0.0
38,2564,3,2.0
61,2564,3,0.0
54,2564,3,0.0
30,2564,3,0.0
42,2564,3,0.0
46,2564,3,0.0
64,2565,3,0.0
1,2565,3,4.0
56,2565,3,0.0
34,2565,3,0.0
49,2565,3,0.0
28,2565,3,0.0
13,2565,3,0.0
15,2565,3,0.0
11,2565,3,2.0
9,2565,3,1.0
25,2565,3,0.0
69,2565,3,0.0
72,2565,3,0.0
14,2565,3,0.0
50,2565,3,0.0
17,2565,3,0.0
58,2565,3,1.0
36,2565,3,0.0
19,2565,3,2.0
63,2565,3,0.0
47,2565,3,0.0
3,2565,3,0.0
76,2565,3,0.0
43,2565,3,0.0
77,2565,3,0.0
20,2565,3,0.0
4,2565,3,2.0
62,2565,3,0.0
16,2565,3,0.0
74,2565,3,3.0
5,2565,3,0.0
44,2565,3,0.0
65,2565,3,0.0
73,2565,3,1.0
53,2565,3,0.0
52,2565,3,0.0
66,2565,3,0.0
32,2565,3,0.0
37,2565,3,0.0
75,2565,3,1.0
24,2565,3,0.0
68,2565,3,0.0
12,2565,3,2.0
55,2565,3,1.0
33,2565,3,0.0
7,2565,3,0.0
40,2565,3,0.0
39,2565,3,0.0
22,2565,3,0.0
35,2565,3,0.0
70,2565,3,1.0
71,2565,3,0.0
2,2565,3,0.0
60,2565,3,1.0
59,2565,3,1.0
10,2565,3,1.0
18,2565,3,0.0
8,2565,3,1.0
57,2565,3,1.0
67,2565,3,1.0
21,2565,3,1.0
51,2565,3,0.0
31,2565,3,0.0
27,2565,3,0.0
26,2565,3,0.0
29,2565,3,0.0
41,2565,3,0.0
48,2565,3,0.0
23,2565,3,0.0
6,2565,3,0.0
45,2565,3,0.0
38,2565,3,2.0
61,2565,3,0.0
54,2565,3,0.0
30,2565,3,0.0
42,2565,3,0.0
46,2565,3,0.0
64,2566,3,0.0
1,2566,3,4.0
56,2566,3,0.0
34,2566,3,0.0
49,2566,3,0.0
28,2566,3,0.0
13,2566,3,0.0
15,2566,3,0.0
11,2566,3,2.0
9,2566,3,1.0
25,2566,3,0.0
69,2566,3,0.0
72,2566,3,0.0
14,2566,3,0.0
50,2566,3,0.0
17,2566,3,0.0
58,2566,3,1.0
36,2566,3,0.0
19,2566,3,1.0
63,2566,3,0.0
47,2566,3,0.0
3,2566,3,0.0
76,2566,3,0.0
43,2566,3,0.0
77,2566,3,0.0
20,2566,3,1.0
4,2566,3,1.0
62,2566,3,0.0
16,2566,3,0.0
74,2566,3,3.0
5,2566,3,0.0
44,2566,3,0.0
65,2566,3,0.0
73,2566,3,1.0
53,2566,3,0.0
52,2566,3,0.0
66,2566,3,0.0
32,2566,3,0.0
37,2566,3,0.0
75,2566,3,1.0
24,2566,3,0.0
68,2566,3,0.0
12,2566,3,2.0
55,2566,3,1.0
33,2566,3,0.0
7,2566,3,0.0
40,2566,3,0.0
39,2566,3,0.0
22,2566,3,0.0
35,2566,3,0.0
70,2566,3,1.0
71,2566,3,0.0
2,2566,3,0.0
60,2566,3,1.0
59,2566,3,4.0
10,2566,3,1.0
18,2566,3,0.0
8,2566,3,1.0
57,2566,3,2.0
67,2566,3,1.0
21,2566,3,1.0
51,2566,3,0.0
31,2566,3,0.0
27,2566,3,0.0
26,2566,3,0.0
29,2566,3,0.0
41,2566,3,0.0
48,2566,3,0.0
23,2566,3,0.0
6,2566,3,0.0
45,2566,3,0.0
38,2566,3,4.0
61,2566,3,0.0
54,2566,3,0.0
30,2566,3,0.0
42,2566,3,0.0
46,2566,3,0.0
64,2567,3,0.0
1,2567,3,4.0
56,2567,3,0.0
34,2567,3,0.0
49,2567,3,0.0
28,2567,3,0.0
13,2567,3,0.0
15,2567,3,0.0
11,2567,3,3.0
9,2567,3,1.0
25,2567,3,0.0
69,2567,3,0.0
72,2567,3,0.0
14,2567,3,0.0
50,2567,3,0.0
17,2567,3,0.0
58,2567,3,1.0
36,2567,3,0.0
19,2567,3,1.0
63,2567,3,1.0
47,2567,3,0.0
3,2567,3,0.0
76,2567,3,0.0
43,2567,3,0.0
77,2567,3,0.0
20,2567,3,0.0
4,2567,3,0.0
62,2567,3,0.0
16,2567,3,0.0
74,2567,3,3.0
5,2567,3,0.0
44,2567,3,0.0
65,2567,3,0.0
73,2567,3,1.0
53,2567,3,0.0
52,2567,3,0.0
66,2567,3,0.0
32,2567,3,0.0
37,2567,3,0.0
75,2567,3,1.0
24,2567,3,0.0
68,2567,3,0.0
12,2567,3,2.0
55,2567,3,1.0
33,2567,3,0.0
7,2567,3,0.0
40,2567,3,0.0
39,2567,3,0.0
22,2567,3,0.0
35,2567,3,0.0
70,2567,3,1.0
71,2567,3,0.0
2,2567,3,0.0
60,2567,3,1.0
59,2567,3,1.0
10,2567,3,1.0
18,2567,3,0.0
8,2567,3,1.0
57,2567,3,2.0
67,2567,3,2.0
21,2567,3,1.0
51,2567,3,0.0
31,2567,3,0.0
27,2567,3,0.0
26,2567,3,0.0
29,2567,3,0.0
41,2567,3,0.0
48,2567,3,0.0
23,2567,3,0.0
6,2567,3,1.0
45,2567,3,0.0
38,2567,3,4.0
61,2567,3,0.0
54,2567,3,0.0
30,2567,3,0.0
42,2567,3,0.0
46,2567,3,0.0
64,2568,3,0.0
1,2568,3,4.0
56,2568,3,0.0
34,2568,3,0.0
49,2568,3,0.0
28,2568,3,0.0
13,2568,3,0.0
15,2568,3,0.0
11,2568,3,3.0
9,2568,3,1.0
25,2568,3,0.0
69,2568,3,0.0
72,2568,3,0.0
14,2568,3,0.0
50,2568,3,0.0
17,2568,3,0.0
58,2568,3,1.0
36,2568,3,0.0
19,2568,3,1.0
63,2568,3,0.0
47,2568,3,0.0
3,2568,3,0.0
76,2568,3,0.0
43,2568,3,0.0
77,2568,3,0.0
20,2568,3,0.0
4,2568,3,0.0
62,2568,3,0.0
16,2568,3,0.0
74,2568,3,2.0
5,2568,3,0.0
44,2568,3,0.0
65,2568,3,0.0
73,2568,3,1.0
53,2568,3,0.0
52,2568,3,0.0
66,2568,3,0.0
32,2568,3,0.0
37,2568,3,0.0
75,2568,3,1.0
24,2568,3,0.0
68,2568,3,0.0
12,2568,3,2.0
55,2568,3,1.0
33,2568,3,0.0
7,2568,3,0.0
40,2568,3,0.0
39,2568,3,0.0
22,2568,3,0.0
35,2568,3,0.0
70,2568,3,1.0
71,2568,3,0.0
2,2568,3,0.0
60,2568,3,1.0
59,2568,3,0.0
10,2568,3,1.0
18,2568,3,0.0
8,2568,3,1.0
57,2568,3,0.0
67,2568,3,3.0
21,2568,3,1.0
51,2568,3,0.0
31,2568,3,0.0
27,2568,3,0.0
26,2568,3,0.0
29,2568,3,0.0
41,2568,3,0.0
48,2568,3,0.0
23,2568,3,0.0
6,2568,3,1.0
45,2568,3,0.0
38,2568,3,2.0
61,2568,3,0.0
54,2568,3,0.0
30,2568,3,0.0
42,2568,3,0.0
46,2568,3,0.0
64,2556,4,0.0
1,2556,4,0.0
56,2556,4,0.0
34,2556,4,2.0
49,2556,4,1.0
28,2556,4,5.0
13,2556,4,1.0
15,2556,4,1.0
11,2556,4,5.0
9,2556,4,0.0
25,2556,4,1.0
69,2556,4,0.0
72,2556,4,1.0
14,2556,4,1.0
50,2556,4,0.0
17,2556,4,0.0
58,2556,4,2.0
36,2556,4,1.0
19,2556,4,1.0
63,2556,4,1.0
47,2556,4,4.0
3,2556,4,1.0
76,2556,4,1.0
43,2556,4,1.0
77,2556,4,1.0
20,2556,4,1.0
4,2556,4,0.0
62,2556,4,2.0
16,2556,4,0.0
74,2556,4,0.0
5,2556,4,0.0
44,2556,4,1.0
65,2556,4,0.0
73,2556,4,1.0
53,2556,4,2.0
52,2556,4,0.0
66,2556,4,0.0
32,2556,4,1.0
37,2556,4,3.0
75,2556,4,0.0
24,2556,4,1.0
68,2556,4,0.0
12,2556,4,2.0
55,2556,4,0.0
33,2556,4,0.0
7,2556,4,0.0
40,2556,4,1.0
39,2556,4,1.0
22,2556,4,1.0
35,2556,4,2.0
70,2556,4,1.0
71,2556,4,1.0
2,2556,4,0.0
60,2556,4,0.0
59,2556,4,0.0
10,2556,4,1.0
18,2556,4,0.0
8,2556,4,0.0
57,2556,4,1.0
67,2556,4,0.0
21,2556,4,0.0
51,2556,4,2.0
31,2556,4,1.0
27,2556,4,2.0
26,2556,4,1.0
29,2556,4,1.0
41,2556,4,1.0
48,2556,4,1.0
23,2556,4,2.0
6,2556,4,0.0
45,2556,4,2.0
38,2556,4,3.0
61,2556,4,1.0
54,2556,4,2.0
30,2556,4,0.0
42,2556,4,0.0
46,2556,4,0.0
64,2557,4,1.0
1,2557,4,0.0
56,2557,4,0.0
34,2557,4,1.0
49,2557,4,1.0
28,2557,4,4.0
13,2557,4,1.0
15,2557,4,1.0
11,2557,4,5.0
9,2557,4,0.0
25,2557,4,1.0
69,2557,4,0.0
72,2557,4,0.0
14,2557,4,1.0
50,2557,4,0.0
17,2557,4,0.0
58,2557,4,2.0
36,2557,4,1.0
19,2557,4,1.0
63,2557,4,1.0
47,2557,4,4.0
3,2557,4,1.0
76,2557,4,1.0
43,2557,4,1.0
77,2557,4,1.0
20,2557,4,1.0
4,2557,4,0.0
62,2557,4,1.0
16,2557,4,0.0
74,2557,4,0.0
5,2557,4,0.0
44,2557,4,1.0
65,2557,4,0.0
73,2557,4,0.0
53,2557,4,2.0
52,2557,4,1.0
66,2557,4,0.0
32,2557,4,1.0
37,2557,4,1.0
75,2557,4,0.0
24,2557,4,1.0
68,2557,4,0.0
12,2557,4,3.0
55,2557,4,0.0
33,2557,4,0.0
7,2557,4,2.0
40,2557,4,1.0
39,2557,4,0.0
22,2557,4,1.0
35,2557,4,2.0
70,2557,4,1.0
71,2557,4,1.0
2,2557,4,1.0
60,2557,4,0.0
59,2557,4,3.0
10,2557,4,2.0
18,2557,4,0.0
8,2557,4,0.0
57,2557,4,1.0
67,2557,4,0.0
21,2557,4,0.0
51,2557,4,2.0
31,2557,4,2.0
27,2557,4,3.0
26,2557,4,1.0
29,2557,4,1.0
41,2557,4,1.0
48,2557,4,1.0
23,2557,4,4.0
6,2557,4,0.0
45,2557,4,3.0
38,2557,4,3.0
61,2557,4,0.0
54,2557,4,1.0
30,2557,4,0.0
42,2557,4,0.0
46,2557,4,0.0
64,2558,4,1.0
1,2558,4,0.0
56,2558,4,0.0
34,2558,4,1.0
49,2558,4,1.0
28,2558,4,5.0
13,2558,4,1.0
15,2558,4,1.0
11,2558,4,4.0
9,2558,4,1.0
25,2558,4,1.0
69,2558,4,1.0
72,2558,4,1.0
14,2558,4,1.0
50,2558,4,0.0
17,2558,4,0.0
58,2558,4,1.0
36,2558,4,0.0
19,2558,4,2.0
63,2558,4,1.0
47,2558,4,4.0
3,2558,4,1.0
76,2558,4,2.0
43,2558,4,1.0
77,2558,4,1.0
20,2558,4,1.0
4,2558,4,0.0
62,2558,4,1.0
16,2558,4,0.0
74,2558,4,1.0
5,2558,4,0.0
44,2558,4,1.0
65,2558,4,2.0
73,2558,4,1.0
53,2558,4,3.0
52,2558,4,1.0
66,2558,4,0.0
32,2558,4,1.0
37,2558,4,1.0
75,2558,4,2.0
24,2558,4,1.0
68,2558,4,0.0
12,2558,4,1.0
55,2558,4,0.0
33,2558,4,0.0
7,2558,4,2.0
40,2558,4,1.0
39,2558,4,0.0
22,2558,4,2.0
35,2558,4,3.0
70,2558,4,3.0
71,2558,4,1.0
2,2558,4,0.0
60,2558,4,0.0
59,2558,4,0.0
10,2558,4,2.0
18,2558,4,0.0
8,2558,4,0.0
57,2558,4,1.0
67,2558,4,1.0
21,2558,4,0.0
51,2558,4,2.0
31,2558,4,3.0
27,2558,4,1.0
26,2558,4,1.0
29,2558,4,2.0
41,2558,4,1.0
48,2558,4,1.0
23,2558,4,2.0
6,2558,4,0.0
45,2558,4,3.0
38,2558,4,2.0
61,2558,4,0.0
54,2558,4,1.0
30,2558,4,2.0
42,2558,4,0.0
46,2558,4,1.0
64,2559,4,1.0
1,2559,4,0.0
56,2559,4,0.0
34,2559,4,0.0
49,2559,4,1.0
28,2559,4,4.0
13,2559,4,1.0
15,2559,4,2.0
11,2559,4,4.0
9,2559,4,1.0
25,2559,4,0.0
69,2559,4,1.0
72,2559,4,2.0
14,2559,4,0.0
50,2559,4,0.0
17,2559,4,0.0
58,2559,4,0.0
36,2559,4,1.0
19,2559,4,2.0
63,2559,4,1.0
47,2559,4,4.0
3,2559,4,1.0
76,2559,4,2.0
43,2559,4,1.0
77,2559,4,1.0
20,2559,4,1.0
4,2559,4,0.0
62,2559,4,1.0
16,2559,4,0.0
74,2559,4,1.0
5,2559,4,1.0
44,2559,4,1.0
65,2559,4,2.0
73,2559,4,1.0
53,2559,4,2.0
52,2559,4,0.0
66,2559,4,0.0
32,2559,4,1.0
37,2559,4,1.0
75,2559,4,2.0
24,2559,4,1.0
68,2559,4,0.0
12,2559,4,1.0
55,2559,4,0.0
33,2559,4,0.0
7,2559,4,2.0
40,2559,4,1.0
39,2559,4,0.0
22,2559,4,1.0
35,2559,4,3.0
70,2559,4,3.0
71,2559,4,1.0
2,2559,4,1.0
60,2559,4,0.0
59,2559,4,0.0
10,2559,4,1.0
18,2559,4,1.0
8,2559,4,0.0
57,2559,4,3.0
67,2559,4,3.0
21,2559,4,0.0
51,2559,4,2.0
31,2559,4,2.0
27,2559,4,1.0
26,2559,4,1.0
29,2559,4,2.0
41,2559,4,1.0
48,2559,4,1.0
23,2559,4,2.0
6,2559,4,1.0
45,2559,4,3.0
38,2559,4,2.0
61,2559,4,1.0
54,2559,4,2.0
30,2559,4,0.0
42,2559,4,0.0
46,2559,4,1.0
64,2560,4,1.0
1,2560,4,0.0
56,2560,4,0.0
34,2560,4,1.0
49,2560,4,1.0
28,2560,4,4.0
13,2560,4,1.0
15,2560,4,2.0
11,2560,4,5.0
9,2560,4,1.0
25,2560,4,0.0
69,2560,4,1.0
72,2560,4,2.0
14,2560,4,1.0
50,2560,4,0.0
17,2560,4,0.0
58,2560,4,1.0
36,2560,4,1.0
19,2560,4,3.0
63,2560,4,1.0
47,2560,4,4.0
3,2560,4,1.0
76,2560,4,2.0
43,2560,4,1.0
77,2560,4,1.0
20,2560,4,2.0
4,2560,4,0.0
62,2560,4,1.0
16,2560,4,2.0
74,2560,4,1.0
5,2560,4,1.0
44,2560,4,1.0
65,2560,4,2.0
73,2560,4,1.0
53,2560,4,2.0
52,2560,4,0.0
66,2560,4,0.0
32,2560,4,2.0
37,2560,4,1.0
75,2560,4,2.0
24,2560,4,1.0
68,2560,4,0.0
12,2560,4,2.0
55,2560,4,1.0
33,2560,4,0.0
7,2560,4,2.0
40,2560,4,2.0
39,2560,4,0.0
22,2560,4,1.0
35,2560,4,3.0
70,2560,4,3.0
71,2560,4,2.0
2,2560,4,0.0
60,2560,4,0.0
59,2560,4,1.0
10,2560,4,2.0
18,2560,4,1.0
8,2560,4,0.0
57,2560,4,1.0
67,2560,4,4.0
21,2560,4,1.0
51,2560,4,2.0
31,2560,4,3.0
27,2560,4,2.0
26,2560,4,1.0
29,2560,4,2.0
41,2560,4,1.0
48,2560,4,1.0
23,2560,4,2.0
6,2560,4,1.0
45,2560,4,3.0
38,2560,4,3.0
61,2560,4,1.0
54,2560,4,3.0
30,2560,4,0.0
42,2560,4,1.0
46,2560,4,1.0
64,2561,4,1.0
1,2561,4,0.0
56,2561,4,0.0
34,2561,4,1.0
49,2561,4,1.0
28,2561,4,5.0
13,2561,4,1.0
15,2561,4,1.0
11,2561,4,4.0
9,2561,4,1.0
25,2561,4,0.0
69,2561,4,1.0
72,2561,4,2.0
14,2561,4,1.0
50,2561,4,0.0
17,2561,4,0.0
58,2561,4,2.0
36,2561,4,0.0
19,2561,4,3.0
63,2561,4,0.0
47,2561,4,4.0
3,2561,4,1.0
76,2561,4,2.0
43,2561,4,2.0
77,2561,4,2.0
20,2561,4,2.0
4,2561,4,0.0
62,2561,4,1.0
16,2561,4,1.0
74,2561,4,0.0
5,2561,4,1.0
44,2561,4,1.0
65,2561,4,2.0
73,2561,4,1.0
53,2561,4,2.0
52,2561,4,1.0
66,2561,4,0.0
32,2561,4,2.0
37,2561,4,0.0
75,2561,4,2.0
24,2561,4,1.0
68,2561,4,0.0
12,2561,4,2.0
55,2561,4,1.0
33,2561,4,0.0
7,2561,4,2.0
40,2561,4,2.0
39,2561,4,0.0
22,2561,4,1.0
35,2561,4,3.0
70,2561,4,3.0
71,2561,4,2.0
2,2561,4,0.0
60,2561,4,0.0
59,2561,4,0.0
10,2561,4,1.0
18,2561,4,1.0
8,2561,4,0.0
57,2561,4,1.0
67,2561,4,4.0
21,2561,4,1.0
51,2561,4,3.0
31,2561,4,3.0
27,2561,4,3.0
26,2561,4,1.0
29,2561,4,2.0
41,2561,4,1.0
48,2561,4,1.0
23,2561,4,2.0
6,2561,4,1.0
45,2561,4,4.0
38,2561,4,2.0
61,2561,4,1.0
54,2561,4,3.0
30,2561,4,1.0
42,2561,4,1.0
46,2561,4,0.0
64,2562,4,0.0
1,2562,4,0.0
56,2562,4,0.0
34,2562,4,1.0
49,2562,4,1.0
28,2562,4,3.0
13,2562,4,1.0
15,2562,4,1.0
11,2562,4,3.0
9,2562,4,1.0
25,2562,4,1.0
69,2562,4,1.0
72,2562,4,1.0
14,2562,4,1.0
50,2562,4,1.0
17,2562,4,0.0
58,2562,4,2.0
36,2562,4,0.0
19,2562,4,1.0
63,2562,4,0.0
47,2562,4,3.0
3,2562,4,1.0
76,2562,4,2.0
43,2562,4,2.0
77,2562,4,2.0
20,2562,4,2.0
4,2562,4,0.0
62,2562,4,0.0
16,2562,4,0.0
74,2562,4,1.0
5,2562,4,1.0
44,2562,4,1.0
65,2562,4,1.0
73,2562,4,1.0
53,2562,4,2.0
52,2562,4,1.0
66,2562,4,0.0
32,2562,4,0.0
37,2562,4,0.0
75,2562,4,2.0
24,2562,4,1.0
68,2562,4,0.0
12,2562,4,1.0
55,2562,4,2.0
33,2562,4,0.0
7,2562,4,2.0
40,2562,4,2.0
39,2562,4,0.0
22,2562,4,2.0
35,2562,4,3.0
70,2562,4,3.0
71,2562,4,2.0
2,2562,4,0.0
60,2562,4,0.0
59,2562,4,0.0
10,2562,4,1.0
18,2562,4,1.0
8,2562,4,0.0
57,2562,4,1.0
67,2562,4,2.0
21,2562,4,1.0
51,2562,4,3.0
31,2562,4,3.0
27,2562,4,2.0
26,2562,4,1.0
29,2562,4,1.0
41,2562,4,1.0
48,2562,4,1.0
23,2562,4,2.0
6,2562,4,1.0
45,2562,4,4.0
38,2562,4,3.0
61,2562,4,1.0
54,2562,4,3.0
30,2562,4,0.0
42,2562,4,0.0
46,2562,4,0.0
64,2563,4,1.0
1,2563,4,0.0
56,2563,4,0.0
34,2563,4,1.0
49,2563,4,1.0
28,2563,4,5.0
13,2563,4,1.0
15,2563,4,1.0
11,2563,4,3.0
9,2563,4,1.0
25,2563,4,0.0
69,2563,4,1.0
72,2563,4,2.0
14,2563,4,1.0
50,2563,4,1.0
17,2563,4,0.0
58,2563,4,0.0
36,2563,4,1.0
19,2563,4,1.0
63,2563,4,0.0
47,2563,4,4.0
3,2563,4,1.0
76,2563,4,2.0
43,2563,4,1.0
77,2563,4,2.0
20,2563,4,2.0
4,2563,4,0.0
62,2563,4,1.0
16,2563,4,0.0
74,2563,4,1.0
5,2563,4,1.0
44,2563,4,0.0
65,2563,4,2.0
73,2563,4,1.0
53,2563,4,2.0
52,2563,4,2.0
66,2563,4,0.0
32,2563,4,0.0
37,2563,4,0.0
75,2563,4,2.0
24,2563,4,0.0
68,2563,4,0.0
12,2563,4,1.0
55,2563,4,2.0
33,2563,4,0.0
7,2563,4,2.0
40,2563,4,1.0
39,2563,4,0.0
22,2563,4,1.0
35,2563,4,3.0
70,2563,4,3.0
71,2563,4,2.0
2,2563,4,0.0
60,2563,4,0.0
59,2563,4,0.0
10,2563,4,1.0
18,2563,4,1.0
8,2563,4,0.0
57,2563,4,1.0
67,2563,4,0.0
21,2563,4,1.0
51,2563,4,1.0
31,2563,4,3.0
27,2563,4,2.0
26,2563,4,0.0
29,2563,4,2.0
41,2563,4,1.0
48,2563,4,1.0
23,2563,4,2.0
6,2563,4,0.0
45,2563,4,2.0
38,2563,4,3.0
61,2563,4,1.0
54,2563,4,1.0
30,2563,4,0.0
42,2563,4,0.0
46,2563,4,0.0
64,2564,4,0.0
1,2564,4,0.0
56,2564,4,0.0
34,2564,4,1.0
49,2564,4,1.0
28,2564,4,5.0
13,2564,4,1.0
15,2564,4,1.0
11,2564,4,3.0
9,2564,4,1.0
25,2564,4,0.0
69,2564,4,1.0
72,2564,4,2.0
14,2564,4,1.0
50,2564,4,0.0
17,2564,4,0.0
58,2564,4,1.0
36,2564,4,1.0
19,2564,4,1.0
63,2564,4,0.0
47,2564,4,4.0
3,2564,4,1.0
76,2564,4,2.0
43,2564,4,1.0
77,2564,4,0.0
20,2564,4,1.0
4,2564,4,0.0
62,2564,4,0.0
16,2564,4,0.0
74,2564,4,0.0
5,2564,4,1.0
44,2564,4,0.0
65,2564,4,1.0
73,2564,4,0.0
53,2564,4,2.0
52,2564,4,2.0
66,2564,4,0.0
32,2564,4,0.0
37,2564,4,0.0
75,2564,4,2.0
24,2564,4,0.0
68,2564,4,0.0
12,2564,4,0.0
55,2564,4,2.0
33,2564,4,0.0
7,2564,4,0.0
40,2564,4,1.0
39,2564,4,0.0
22,2564,4,0.0
35,2564,4,2.0
70,2564,4,3.0
71,2564,4,0.0
2,2564,4,0.0
60,2564,4,0.0
59,2564,4,0.0
10,2564,4,1.0
18,2564,4,1.0
8,2564,4,0.0
57,2564,4,1.0
67,2564,4,0.0
21,2564,4,0.0
51,2564,4,0.0
31,2564,4,3.0
27,2564,4,2.0
26,2564,4,0.0
29,2564,4,1.0
41,2564,4,1.0
48,2564,4,1.0
23,2564,4,2.0
6,2564,4,1.0
45,2564,4,2.0
38,2564,4,3.0
61,2564,4,0.0
54,2564,4,3.0
30,2564,4,0.0
42,2564,4,0.0
46,2564,4,0.0
64,2565,4,0.0
1,2565,4,0.0
56,2565,4,0.0
34,2565,4,1.0
49,2565,4,1.0
28,2565,4,5.0
13,2565,4,1.0
15,2565,4,1.0
11,2565,4,3.0
9,2565,4,1.0
25,2565,4,0.0
69,2565,4,1.0
72,2565,4,2.0
14,2565,4,1.0
50,2565,4,0.0
17,2565,4,0.0
58,2565,4,1.0
36,2565,4,1.0
19,2565,4,1.0
63,2565,4,0.0
47,2565,4,3.0
3,2565,4,1.0
76,2565,4,2.0
43,2565,4,1.0
77,2565,4,2.0
20,2565,4,1.0
4,2565,4,0.0
62,2565,4,1.0
16,2565,4,0.0
74,2565,4,0.0
5,2565,4,1.0
44,2565,4,0.0
65,2565,4,1.0
73,2565,4,0.0
53,2565,4,2.0
52,2565,4,2.0
66,2565,4,0.0
32,2565,4,1.0
37,2565,4,0.0
75,2565,4,2.0
24,2565,4,0.0
68,2565,4,0.0
12,2565,4,1.0
55,2565,4,2.0
33,2565,4,0.0
7,2565,4,0.0
40,2565,4,1.0
39,2565,4,0.0
22,2565,4,2.0
35,2565,4,2.0
70,2565,4,3.0
71,2565,4,1.0
2,2565,4,0.0
60,2565,4,0.0
59,2565,4,0.0
10,2565,4,1.0
18,2565,4,0.0
8,2565,4,0.0
57,2565,4,1.0
67,2565,4,0.0
21,2565,4,0.0
51,2565,4,0.0
31,2565,4,3.0
27,2565,4,2.0
26,2565,4,0.0
29,2565,4,1.0
41,2565,4,1.0
48,2565,4,1.0
23,2565,4,2.0
6,2565,4,0.0
45,2565,4,2.0
38,2565,4,3.0
61,2565,4,1.0
54,2565,4,2.0
30,2565,4,0.0
42,2565,4,0.0
46,2565,4,0.0
64,2566,4,0.0
1,2566,4,0.0
56,2566,4,0.0
34,2566,4,1.0
49,2566,4,1.0
28,2566,4,4.0
13,2566,4,1.0
15,2566,4,1.0
11,2566,4,3.0
9,2566,4,1.0
25,2566,4,0.0
69,2566,4,1.0
72,2566,4,2.0
14,2566,4,1.0
50,2566,4,0.0
17,2566,4,0.0
58,2566,4,1.0
36,2566,4,1.0
19,2566,4,1.0
63,2566,4,1.0
47,2566,4,2.0
3,2566,4,1.0
76,2566,4,2.0
43,2566,4,0.0
77,2566,4,2.0
20,2566,4,2.0
4,2566,4,0.0
62,2566,4,1.0
16,2566,4,0.0
74,2566,4,0.0
5,2566,4,0.0
44,2566,4,0.0
65,2566,4,1.0
73,2566,4,0.0
53,2566,4,2.0
52,2566,4,1.0
66,2566,4,0.0
32,2566,4,0.0
37,2566,4,0.0
75,2566,4,2.0
24,2566,4,0.0
68,2566,4,0.0
12,2566,4,0.0
55,2566,4,2.0
33,2566,4,0.0
7,2566,4,0.0
40,2566,4,2.0
39,2566,4,0.0
22,2566,4,2.0
35,2566,4,3.0
70,2566,4,3.0
71,2566,4,1.0
2,2566,4,0.0
60,2566,4,0.0
59,2566,4,0.0
10,2566,4,0.0
18,2566,4,0.0
8,2566,4,0.0
57,2566,4,1.0
67,2566,4,0.0
21,2566,4,1.0
51,2566,4,0.0
31,2566,4,3.0
27,2566,4,3.0
26,2566,4,1.0
29,2566,4,1.0
41,2566,4,1.0
48,2566,4,1.0
23,2566,4,2.0
6,2566,4,0.0
45,2566,4,3.0
38,2566,4,3.0
61,2566,4,1.0
54,2566,4,2.0
30,2566,4,0.0
42,2566,4,1.0
46,2566,4,0.0
64,2567,4,0.0
1,2567,4,0.0
56,2567,4,0.0
34,2567,4,1.0
49,2567,4,1.0
28,2567,4,4.0
13,2567,4,1.0
15,2567,4,1.0
11,2567,4,3.0
9,2567,4,1.0
25,2567,4,0.0
69,2567,4,1.0
72,2567,4,2.0
14,2567,4,1.0
50,2567,4,0.0
17,2567,4,0.0
58,2567,4,1.0
36,2567,4,0.0
19,2567,4,1.0
63,2567,4,1.0
47,2567,4,1.0
3,2567,4,1.0
76,2567,4,2.0
43,2567,4,1.0
77,2567,4,0.0
20,2567,4,2.0
4,2567,4,0.0
62,2567,4,1.0
16,2567,4,0.0
74,2567,4,0.0
5,2567,4,0.0
44,2567,4,0.0
65,2567,4,1.0
73,2567,4,0.0
53,2567,4,2.0
52,2567,4,2.0
66,2567,4,0.0
32,2567,4,0.0
37,2567,4,0.0
75,2567,4,1.0
24,2567,4,0.0
68,2567,4,0.0
12,2567,4,0.0
55,2567,4,0.0
33,2567,4,0.0
7,2567,4,0.0
40,2567,4,2.0
39,2567,4,0.0
22,2567,4,2.0
35,2567,4,2.0
70,2567,4,3.0
71,2567,4,1.0
2,2567,4,0.0
60,2567,4,0.0
59,2567,4,0.0
10,2567,4,1.0
18,2567,4,0.0
8,2567,4,0.0
57,2567,4,1.0
67,2567,4,0.0
21,2567,4,1.0
51,2567,4,0.0
31,2567,4,3.0
27,2567,4,0.0
26,2567,4,1.0
29,2567,4,1.0
41,2567,4,1.0
48,2567,4,1.0
23,2567,4,2.0
6,2567,4,0.0
45,2567,4,3.0
38,2567,4,3.0
61,2567,4,2.0
54,2567,4,3.0
30,2567,4,0.0
42,2567,4,1.0
46,2567,4,0.0
64,2568,4,0.0
1,2568,4,0.0
56,2568,4,1.0
34,2568,4,1.0
49,2568,4,1.0
28,2568,4,4.0
13,2568,4,1.0
15,2568,4,1.0
11,2568,4,2.0
9,2568,4,1.0
25,2568,4,0.0
69,2568,4,0.0
72,2568,4,2.0
14,2568,4,1.0
50,2568,4,0.0
17,2568,4,0.0
58,2568,4,1.0
36,2568,4,0.0
19,2568,4,1.0
63,2568,4,1.0
47,2568,4,1.0
3,2568,4,1.0
76,2568,4,2.0
43,2568,4,0.0
77,2568,4,2.0
20,2568,4,2.0
4,2568,4,0.0
62,2568,4,1.0
16,2568,4,0.0
74,2568,4,0.0
5,2568,4,0.0
44,2568,4,0.0
65,2568,4,1.0
73,2568,4,0.0
53,2568,4,2.0
52,2568,4,1.0
66,2568,4,0.0
32,2568,4,0.0
37,2568,4,0.0
75,2568,4,1.0
24,2568,4,0.0
68,2568,4,0.0
12,2568,4,0.0
55,2568,4,0.0
33,2568,4,1.0
7,2568,4,0.0
40,2568,4,1.0
39,2568,4,0.0
22,2568,4,2.0
35,2568,4,2.0
70,2568,4,1.0
71,2568,4,1.0
2,2568,4,0.0
60,2568,4,0.0
59,2568,4,0.0
10,2568,4,1.0
18,2568,4,0.0
8,2568,4,0.0
57,2568,4,1.0
67,2568,4,0.0
21,2568,4,1.0
51,2568,4,0.0
31,2568,4,2.0
27,2568,4,3.0
26,2568,4,1.0
29,2568,4,1.0
41,2568,4,1.0
48,2568,4,1.0
23,2568,4,2.0
6,2568,4,0.0
45,2568,4,3.0
38,2568,4,2.0
61,2568,4,2.0
54,2568,4,3.0
30,2568,4,0.0
42,2568,4,1.0
46,2568,4,0.0
64,2556,5,0.0
1,2556,5,1.0
56,2556,5,0.0
34,2556,5,0.0
49,2556,5,0.0
28,2556,5,0.0
13,2556,5,0.0
15,2556,5,0.0
11,2556,5,0.0
9,2556,5,0.0
25,2556,5,0.0
69,2556,5,0.0
72,2556,5,0.0
14,2556,5,0.0
50,2556,5,0.0
17,2556,5,0.0
58,2556,5,0.0
36,2556,5,0.0
19,2556,5,1.0
63,2556,5,0.0
47,2556,5,0.0
3,2556,5,0.0
76,2556,5,0.0
43,2556,5,0.0
77,2556,5,0.0
20,2556,5,0.0
4,2556,5,0.0
62,2556,5,2.0
16,2556,5,0.0
74,2556,5,0.0
5,2556,5,0.0
44,2556,5,0.0
65,2556,5,0.0
73,2556,5,0.0
53,2556,5,0.0
52,2556,5,0.0
66,2556,5,0.0
32,2556,5,0.0
37,2556,5,0.0
75,2556,5,0.0
24,2556,5,0.0
68,2556,5,0.0
12,2556,5,1.0
55,2556,5,0.0
33,2556,5,0.0
7,2556,5,0.0
40,2556,5,1.0
39,2556,5,0.0
22,2556,5,1.0
35,2556,5,0.0
70,2556,5,0.0
71,2556,5,0.0
2,2556,5,0.0
60,2556,5,0.0
59,2556,5,0.0
10,2556,5,0.0
18,2556,5,0.0
8,2556,5,0.0
57,2556,5,0.0
67,2556,5,0.0
21,2556,5,0.0
51,2556,5,0.0
31,2556,5,0.0
27,2556,5,0.0
26,2556,5,0.0
29,2556,5,0.0
41,2556,5,0.0
48,2556,5,0.0
23,2556,5,0.0
6,2556,5,0.0
45,2556,5,0.0
38,2556,5,0.0
61,2556,5,0.0
54,2556,5,0.0
30,2556,5,0.0
42,2556,5,0.0
46,2556,5,0.0
64,2557,5,0.0
1,2557,5,1.0
56,2557,5,0.0
34,2557,5,0.0
49,2557,5,0.0
28,2557,5,0.0
13,2557,5,0.0
15,2557,5,0.0
11,2557,5,0.0
9,2557,5,0.0
25,2557,5,0.0
69,2557,5,0.0
72,2557,5,0.0
14,2557,5,0.0
50,2557,5,0.0
17,2557,5,0.0
58,2557,5,0.0
36,2557,5,0.0
19,2557,5,2.0
63,2557,5,0.0
47,2557,5,0.0
3,2557,5,0.0
76,2557,5,0.0
43,2557,5,1.0
77,2557,5,0.0
20,2557,5,0.0
4,2557,5,0.0
62,2557,5,2.0
16,2557,5,0.0
74,2557,5,0.0
5,2557,5,0.0
44,2557,5,0.0
65,2557,5,0.0
73,2557,5,0.0
53,2557,5,0.0
52,2557,5,0.0
66,2557,5,0.0
32,2557,5,0.0
37,2557,5,0.0
75,2557,5,0.0
24,2557,5,0.0
68,2557,5,0.0
12,2557,5,0.0
55,2557,5,0.0
33,2557,5,0.0
7,2557,5,0.0
40,2557,5,0.0
39,2557,5,0.0
22,2557,5,1.0
35,2557,5,0.0
70,2557,5,0.0
71,2557,5,0.0
2,2557,5,0.0
60,2557,5,0.0
59,2557,5,0.0
10,2557,5,0.0
18,2557,5,0.0
8,2557,5,0.0
57,2557,5,0.0
67,2557,5,0.0
21,2557,5,0.0
51,2557,5,0.0
31,2557,5,0.0
27,2557,5,0.0
26,2557,5,0.0
29,2557,5,0.0
41,2557,5,0.0
48,2557,5,0.0
23,2557,5,0.0
6,2557,5,0.0
45,2557,5,0.0
38,2557,5,0.0
61,2557,5,0.0
54,2557,5,0.0
30,2557,5,0.0
42,2557,5,0.0
46,2557,5,0.0
64,2558,5,0.0
1,2558,5,1.0
56,2558,5,0.0
34,2558,5,0.0
49,2558,5,0.0
28,2558,5,0.0
13,2558,5,0.0
15,2558,5,0.0
11,2558,5,0.0
9,2558,5,0.0
25,2558,5,0.0
69,2558,5,0.0
72,2558,5,0.0
14,2558,5,2.0
50,2558,5,0.0
17,2558,5,0.0
58,2558,5,0.0
36,2558,5,0.0
19,2558,5,2.0
63,2558,5,0.0
47,2558,5,0.0
3,2558,5,0.0
76,2558,5,0.0
43,2558,5,0.0
77,2558,5,0.0
20,2558,5,0.0
4,2558,5,1.0
62,2558,5,1.0
16,2558,5,0.0
74,2558,5,0.0
5,2558,5,0.0
44,2558,5,0.0
65,2558,5,0.0
73,2558,5,1.0
53,2558,5,0.0
52,2558,5,0.0
66,2558,5,0.0
32,2558,5,0.0
37,2558,5,0.0
75,2558,5,0.0
24,2558,5,0.0
68,2558,5,0.0
12,2558,5,1.0
55,2558,5,0.0
33,2558,5,0.0
7,2558,5,0.0
40,2558,5,1.0
39,2558,5,0.0
22,2558,5,1.0
35,2558,5,0.0
70,2558,5,0.0
71,2558,5,0.0
2,2558,5,0.0
60,2558,5,0.0
59,2558,5,0.0
10,2558,5,0.0
18,2558,5,0.0
8,2558,5,0.0
57,2558,5,0.0
67,2558,5,0.0
21,2558,5,0.0
51,2558,5,0.0
31,2558,5,0.0
27,2558,5,0.0
26,2558,5,0.0
29,2558,5,0.0
41,2558,5,0.0
48,2558,5,0.0
23,2558,5,0.0
6,2558,5,0.0
45,2558,5,0.0
38,2558,5,0.0
61,2558,5,0.0
54,2558,5,2.0
30,2558,5,1.0
42,2558,5,0.0
46,2558,5,0.0
64,2559,5,0.0
1,2559,5,1.0
56,2559,5,0.0
34,2559,5,0.0
49,2559,5,0.0
28,2559,5,0.0
13,2559,5,0.0
15,2559,5,0.0
11,2559,5,0.0
9,2559,5,0.0
25,2559,5,0.0
69,2559,5,0.0
72,2559,5,0.0
14,2559,5,1.0
50,2559,5,0.0
17,2559,5,0.0
58,2559,5,0.0
36,2559,5,0.0
19,2559,5,2.0
63,2559,5,1.0
47,2559,5,0.0
3,2559,5,0.0
76,2559,5,0.0
43,2559,5,0.0
77,2559,5,0.0
20,2559,5,0.0
4,2559,5,0.0
62,2559,5,1.0
16,2559,5,0.0
74,2559,5,0.0
5,2559,5,0.0
44,2559,5,0.0
65,2559,5,0.0
73,2559,5,1.0
53,2559,5,1.0
52,2559,5,0.0
66,2559,5,0.0
32,2559,5,0.0
37,2559,5,0.0
75,2559,5,0.0
24,2559,5,0.0
68,2559,5,0.0
12,2559,5,0.0
55,2559,5,0.0
33,2559,5,0.0
7,2559,5,0.0
40,2559,5,0.0
39,2559,5,0.0
22,2559,5,0.0
35,2559,5,0.0
70,2559,5,0.0
71,2559,5,0.0
2,2559,5,0.0
60,2559,5,0.0
59,2559,5,0.0
10,2559,5,0.0
18,2559,5,0.0
8,2559,5,0.0
57,2559,5,0.0
67,2559,5,0.0
21,2559,5,1.0
51,2559,5,0.0
31,2559,5,1.0
27,2559,5,0.0
26,2559,5,0.0
29,2559,5,0.0
41,2559,5,0.0
48,2559,5,0.0
23,2559,5,0.0
6,2559,5,0.0
45,2559,5,0.0
38,2559,5,0.0
61,2559,5,0.0
54,2559,5,0.0
30,2559,5,1.0
42,2559,5,0.0
46,2559,5,0.0
64,2560,5,0.0
1,2560,5,1.0
56,2560,5,0.0
34,2560,5,0.0
49,2560,5,0.0
28,2560,5,0.0
13,2560,5,0.0
15,2560,5,0.0
11,2560,5,0.0
9,2560,5,0.0
25,2560,5,0.0
69,2560,5,0.0
72,2560,5,0.0
14,2560,5,0.0
50,2560,5,0.0
17,2560,5,0.0
58,2560,5,0.0
36,2560,5,0.0
19,2560,5,0.0
63,2560,5,0.0
47,2560,5,0.0
3,2560,5,0.0
76,2560,5,0.0
43,2560,5,0.0
77,2560,5,0.0
20,2560,5,0.0
4,2560,5,1.0
62,2560,5,1.0
16,2560,5,0.0
74,2560,5,0.0
5,2560,5,0.0
44,2560,5,0.0
65,2560,5,0.0
73,2560,5,0.0
53,2560,5,0.0
52,2560,5,0.0
66,2560,5,0.0
32,2560,5,0.0
37,2560,5,0.0
75,2560,5,0.0
24,2560,5,0.0
68,2560,5,0.0
12,2560,5,0.0
55,2560,5,0.0
33,2560,5,0.0
7,2560,5,0.0
40,2560,5,0.0
39,2560,5,0.0
22,2560,5,0.0
35,2560,5,0.0
70,2560,5,1.0
71,2560,5,0.0
2,2560,5,0.0
60,2560,5,0.0
59,2560,5,0.0
10,2560,5,0.0
18,2560,5,0.0
8,2560,5,0.0
57,2560,5,0.0
67,2560,5,0.0
21,2560,5,0.0
51,2560,5,0.0
31,2560,5,0.0
27,2560,5,0.0
26,2560,5,0.0
29,2560,5,0.0
41,2560,5,0.0
48,2560,5,0.0
23,2560,5,0.0
6,2560,5,0.0
45,2560,5,0.0
38,2560,5,0.0
61,2560,5,0.0
54,2560,5,0.0
30,2560,5,0.0
42,2560,5,0.0
46,2560,5,0.0
64,2561,5,0.0
1,2561,5,1.0
56,2561,5,0.0
34,2561,5,0.0
49,2561,5,0.0
28,2561,5,0.0
13,2561,5,0.0
15,2561,5,1.0
11,2561,5,0.0
9,2561,5,0.0
25,2561,5,0.0
69,2561,5,0.0
72,2561,5,0.0
14,2561,5,0.0
50,2561,5,0.0
17,2561,5,0.0
58,2561,5,0.0
36,2561,5,0.0
19,2561,5,1.0
63,2561,5,0.0
47,2561,5,0.0
3,2561,5,0.0
76,2561,5,0.0
43,2561,5,0.0
77,2561,5,0.0
20,2561,5,1.0
4,2561,5,1.0
62,2561,5,2.0
16,2561,5,0.0
74,2561,5,0.0
5,2561,5,0.0
44,2561,5,0.0
65,2561,5,0.0
73,2561,5,0.0
53,2561,5,0.0
52,2561,5,0.0
66,2561,5,0.0
32,2561,5,0.0
37,2561,5,0.0
75,2561,5,0.0
24,2561,5,0.0
68,2561,5,0.0
12,2561,5,0.0
55,2561,5,1.0
33,2561,5,0.0
7,2561,5,0.0
40,2561,5,1.0
39,2561,5,0.0
22,2561,5,0.0
35,2561,5,0.0
70,2561,5,1.0
71,2561,5,0.0
2,2561,5,0.0
60,2561,5,0.0
59,2561,5,0.0
10,2561,5,0.0
18,2561,5,0.0
8,2561,5,0.0
57,2561,5,0.0
67,2561,5,0.0
21,2561,5,1.0
51,2561,5,0.0
31,2561,5,0.0
27,2561,5,0.0
26,2561,5,0.0
29,2561,5,0.0
41,2561,5,0.0
48,2561,5,0.0
23,2561,5,0.0
6,2561,5,0.0
45,2561,5,0.0
38,2561,5,0.0
61,2561,5,0.0
54,2561,5,0.0
30,2561,5,0.0
42,2561,5,2.0
46,2561,5,0.0
64,2562,5,0.0
1,2562,5,1.0
56,2562,5,0.0
34,2562,5,0.0
49,2562,5,0.0
28,2562,5,0.0
13,2562,5,0.0
15,2562,5,0.0
11,2562,5,0.0
9,2562,5,0.0
25,2562,5,0.0
69,2562,5,0.0
72,2562,5,0.0
14,2562,5,0.0
50,2562,5,0.0
17,2562,5,0.0
58,2562,5,0.0
36,2562,5,0.0
19,2562,5,2.0
63,2562,5,0.0
47,2562,5,0.0
3,2562,5,0.0
76,2562,5,0.0
43,2562,5,0.0
77,2562,5,0.0
20,2562,5,1.0
4,2562,5,1.0
62,2562,5,0.0
16,2562,5,0.0
74,2562,5,0.0
5,2562,5,0.0
44,2562,5,0.0
65,2562,5,0.0
73,2562,5,0.0
53,2562,5,0.0
52,2562,5,0.0
66,2562,5,0.0
32,2562,5,0.0
37,2562,5,0.0
75,2562,5,0.0
24,2562,5,0.0
68,2562,5,0.0
12,2562,5,0.0
55,2562,5,0.0
33,2562,5,0.0
7,2562,5,0.0
40,2562,5,0.0
39,2562,5,0.0
22,2562,5,0.0
35,2562,5,0.0
70,2562,5,0.0
71,2562,5,0.0
2,2562,5,0.0
60,2562,5,0.0
59,2562,5,0.0
10,2562,5,0.0
18,2562,5,0.0
8,2562,5,0.0
57,2562,5,0.0
67,2562,5,0.0
21,2562,5,1.0
51,2562,5,0.0
31,2562,5,0.0
27,2562,5,0.0
26,2562,5,0.0
29,2562,5,0.0
41,2562,5,0.0
48,2562,5,0.0
23,2562,5,0.0
6,2562,5,0.0
45,2562,5,0.0
38,2562,5,0.0
61,2562,5,0.0
54,2562,5,0.0
30,2562,5,0.0
42,2562,5,0.0
46,2562,5,0.0
64,2563,5,0.0
1,2563,5,1.0
56,2563,5,0.0
34,2563,5,0.0
49,2563,5,0.0
28,2563,5,0.0
13,2563,5,2.0
15,2563,5,0.0
11,2563,5,0.0
9,2563,5,0.0
25,2563,5,0.0
69,2563,5,0.0
72,2563,5,0.0
14,2563,5,0.0
50,2563,5,0.0
17,2563,5,0.0
58,2563,5,0.0
36,2563,5,0.0
19,2563,5,2.0
63,2563,5,0.0
47,2563,5,0.0
3,2563,5,0.0
76,2563,5,0.0
43,2563,5,0.0
77,2563,5,0.0
20,2563,5,1.0
4,2563,5,0.0
62,2563,5,0.0
16,2563,5,0.0
74,2563,5,0.0
5,2563,5,0.0
44,2563,5,0.0
65,2563,5,0.0
73,2563,5,0.0
53,2563,5,0.0
52,2563,5,0.0
66,2563,5,0.0
32,2563,5,0.0
37,2563,5,0.0
75,2563,5,0.0
24,2563,5,0.0
68,2563,5,0.0
12,2563,5,0.0
55,2563,5,0.0
33,2563,5,0.0
7,2563,5,0.0
40,2563,5,0.0
39,2563,5,0.0
22,2563,5,0.0
35,2563,5,0.0
70,2563,5,0.0
71,2563,5,0.0
2,2563,5,0.0
60,2563,5,0.0
59,2563,5,0.0
10,2563,5,0.0
18,2563,5,0.0
8,2563,5,0.0
57,2563,5,0.0
67,2563,5,0.0
21,2563,5,1.0
51,2563,5,0.0
31,2563,5,0.0
27,2563,5,0.0
26,2563,5,0.0
29,2563,5,0.0
41,2563,5,0.0
48,2563,5,0.0
23,2563,5,0.0
6,2563,5,0.0
45,2563,5,0.0
38,2563,5,0.0
61,2563,5,0.0
54,2563,5,0.0
30,2563,5,0.0
42,2563,5,0.0
46,2563,5,0.0
64,2564,5,0.0
1,2564,5,3.0
56,2564,5,0.0
34,2564,5,0.0
49,2564,5,0.0
28,2564,5,0.0
13,2564,5,0.0
15,2564,5,0.0
11,2564,5,1.0
9,2564,5,0.0
25,2564,5,0.0
69,2564,5,0.0
72,2564,5,0.0
14,2564,5,0.0
50,2564,5,0.0
17,2564,5,0.0
58,2564,5,0.0
36,2564,5,0.0
19,2564,5,0.0
63,2564,5,0.0
47,2564,5,0.0
3,2564,5,0.0
76,2564,5,0.0
43,2564,5,0.0
77,2564,5,0.0
20,2564,5,0.0
4,2564,5,0.0
62,2564,5,0.0
16,2564,5,0.0
74,2564,5,0.0
5,2564,5,1.0
44,2564,5,0.0
65,2564,5,0.0
73,2564,5,0.0
53,2564,5,0.0
52,2564,5,0.0
66,2564,5,0.0
32,2564,5,0.0
37,2564,5,0.0
75,2564,5,0.0
24,2564,5,0.0
68,2564,5,0.0
12,2564,5,0.0
55,2564,5,0.0
33,2564,5,0.0
7,2564,5,0.0
40,2564,5,0.0
39,2564,5,0.0
22,2564,5,0.0
35,2564,5,0.0
70,2564,5,0.0
71,2564,5,0.0
2,2564,5,0.0
60,2564,5,0.0
59,2564,5,0.0
10,2564,5,0.0
18,2564,5,0.0
8,2564,5,0.0
57,2564,5,0.0
67,2564,5,0.0
21,2564,5,0.0
51,2564,5,0.0
31,2564,5,0.0
27,2564,5,0.0
26,2564,5,0.0
29,2564,5,0.0
41,2564,5,0.0
48,2564,5,0.0
23,2564,5,0.0
6,2564,5,0.0
45,2564,5,0.0
38,2564,5,0.0
61,2564,5,0.0
54,2564,5,0.0
30,2564,5,0.0
42,2564,5,0.0
46,2564,5,0.0
64,2565,5,0.0
1,2565,5,2.0
56,2565,5,0.0
34,2565,5,0.0
49,2565,5,1.0
28,2565,5,0.0
13,2565,5,0.0
15,2565,5,0.0
11,2565,5,1.0
9,2565,5,0.0
25,2565,5,0.0
69,2565,5,0.0
72,2565,5,0.0
14,2565,5,0.0
50,2565,5,0.0
17,2565,5,0.0
58,2565,5,0.0
36,2565,5,0.0
19,2565,5,0.0
63,2565,5,0.0
47,2565,5,0.0
3,2565,5,0.0
76,2565,5,0.0
43,2565,5,0.0
77,2565,5,0.0
20,2565,5,0.0
4,2565,5,0.0
62,2565,5,0.0
16,2565,5,0.0
74,2565,5,0.0
5,2565,5,0.0
44,2565,5,0.0
65,2565,5,0.0
73,2565,5,0.0
53,2565,5,0.0
52,2565,5,0.0
66,2565,5,0.0
32,2565,5,0.0
37,2565,5,0.0
75,2565,5,0.0
24,2565,5,0.0
68,2565,5,0.0
12,2565,5,0.0
55,2565,5,0.0
33,2565,5,0.0
7,2565,5,0.0
40,2565,5,0.0
39,2565,5,0.0
22,2565,5,0.0
35,2565,5,0.0
70,2565,5,0.0
71,2565,5,0.0
2,2565,5,0.0
60,2565,5,0.0
59,2565,5,0.0
10,2565,5,0.0
18,2565,5,0.0
8,2565,5,0.0
57,2565,5,0.0
67,2565,5,0.0
21,2565,5,0.0
51,2565,5,0.0
31,2565,5,0.0
27,2565,5,0.0
26,2565,5,0.0
29,2565,5,0.0
41,2565,5,0.0
48,2565,5,0.0
23,2565,5,0.0
6,2565,5,0.0
45,2565,5,0.0
38,2565,5,0.0
61,2565,5,0.0
54,2565,5,0.0
30,2565,5,0.0
42,2565,5,0.0
46,2565,5,0.0
64,2566,5,0.0
1,2566,5,2.0
56,2566,5,0.0
34,2566,5,0.0
49,2566,5,0.0
28,2566,5,0.0
13,2566,5,0.0
15,2566,5,0.0
11,2566,5,0.0
9,2566,5,0.0
25,2566,5,0.0
69,2566,5,0.0
72,2566,5,0.0
14,2566,5,0.0
50,2566,5,0.0
17,2566,5,0.0
58,2566,5,0.0
36,2566,5,0.0
19,2566,5,0.0
63,2566,5,0.0
47,2566,5,0.0
3,2566,5,0.0
76,2566,5,0.0
43,2566,5,0.0
77,2566,5,0.0
20,2566,5,0.0
4,2566,5,0.0
62,2566,5,0.0
16,2566,5,0.0
74,2566,5,0.0
5,2566,5,0.0
44,2566,5,0.0
65,2566,5,0.0
73,2566,5,0.0
53,2566,5,0.0
52,2566,5,0.0
66,2566,5,0.0
32,2566,5,0.0
37,2566,5,0.0
75,2566,5,0.0
24,2566,5,0.0
68,2566,5,0.0
12,2566,5,0.0
55,2566,5,0.0
33,2566,5,0.0
7,2566,5,0.0
40,2566,5,0.0
39,2566,5,0.0
22,2566,5,1.0
35,2566,5,0.0
70,2566,5,0.0
71,2566,5,0.0
2,2566,5,0.0
60,2566,5,0.0
59,2566,5,0.0
10,2566,5,0.0
18,2566,5,0.0
8,2566,5,0.0
57,2566,5,0.0
67,2566,5,0.0
21,2566,5,0.0
51,2566,5,0.0
31,2566,5,0.0
27,2566,5,0.0
26,2566,5,0.0
29,2566,5,0.0
41,2566,5,0.0
48,2566,5,0.0
23,2566,5,0.0
6,2566,5,0.0
45,2566,5,0.0
38,2566,5,0.0
61,2566,5,0.0
54,2566,5,0.0
30,2566,5,0.0
42,2566,5,0.0
46,2566,5,0.0
64,2567,5,0.0
1,2567,5,2.0
56,2567,5,0.0
34,2567,5,0.0
49,2567,5,0.0
28,2567,5,0.0
13,2567,5,0.0
15,2567,5,0.0
11,2567,5,0.0
9,2567,5,0.0
25,2567,5,0.0
69,2567,5,0.0
72,2567,5,0.0
14,2567,5,0.0
50,2567,5,0.0
17,2567,5,0.0
58,2567,5,0.0
36,2567,5,0.0
19,2567,5,0.0
63,2567,5,0.0
47,2567,5,0.0
3,2567,5,0.0
76,2567,5,0.0
43,2567,5,0.0
77,2567,5,0.0
20,2567,5,0.0
4,2567,5,0.0
62,2567,5,0.0
16,2567,5,0.0
74,2567,5,0.0
5,2567,5,0.0
44,2567,5,0.0
65,2567,5,0.0
73,2567,5,0.0
53,2567,5,0.0
52,2567,5,0.0
66,2567,5,0.0
32,2567,5,0.0
37,2567,5,0.0
75,2567,5,0.0
24,2567,5,0.0
68,2567,5,0.0
12,2567,5,0.0
55,2567,5,0.0
33,2567,5,0.0
7,2567,5,0.0
40,2567,5,0.0
39,2567,5,0.0
22,2567,5,1.0
35,2567,5,0.0
70,2567,5,0.0
71,2567,5,0.0
2,2567,5,0.0
60,2567,5,0.0
59,2567,5,0.0
10,2567,5,0.0
18,2567,5,0.0
8,2567,5,0.0
57,2567,5,0.0
67,2567,5,0.0
21,2567,5,0.0
51,2567,5,0.0
31,2567,5,0.0
27,2567,5,0.0
26,2567,5,0.0
29,2567,5,0.0
41,2567,5,0.0
48,2567,5,0.0
23,2567,5,0.0
6,2567,5,0.0
45,2567,5,0.0
38,2567,5,0.0
61,2567,5,0.0
54,2567,5,0.0
30,2567,5,0.0
42,2567,5,0.0
46,2567,5,0.0
64,2568,5,0.0
1,2568,5,2.0
56,2568,5,0.0
34,2568,5,0.0
49,2568,5,0.0
28,2568,5,0.0
13,2568,5,0.0
15,2568,5,0.0
11,2568,5,0.0
9,2568,5,0.0
25,2568,5,0.0
69,2568,5,0.0
72,2568,5,0.0
14,2568,5,0.0
50,2568,5,0.0
17,2568,5,0.0
58,2568,5,0.0
36,2568,5,0.0
19,2568,5,0.0
63,2568,5,0.0
47,2568,5,0.0
3,2568,5,0.0
76,2568,5,0.0
43,2568,5,0.0
77,2568,5,0.0
20,2568,5,0.0
4,2568,5,0.0
62,2568,5,0.0
16,2568,5,0.0
74,2568,5,0.0
5,2568,5,0.0
44,2568,5,0.0
65,2568,5,0.0
73,2568,5,0.0
53,2568,5,0.0
52,2568,5,0.0
66,2568,5,0.0
32,2568,5,0.0
37,2568,5,0.0
75,2568,5,0.0
24,2568,5,0.0
68,2568,5,0.0
12,2568,5,0.0
55,2568,5,0.0
33,2568,5,0.0
7,2568,5,0.0
40,2568,5,0.0
39,2568,5,0.0
22,2568,5,0.0
35,2568,5,0.0
70,2568,5,0.0
71,2568,5,0.0
2,2568,5,0.0
60,2568,5,0.0
59,2568,5,0.0
10,2568,5,0.0
18,2568,5,0.0
8,2568,5,0.0
57,2568,5,0.0
67,2568,5,0.0
21,2568,5,0.0
51,2568,5,0.0
31,2568,5,0.0
27,2568,5,0.0
26,2568,5,0.0
29,2568,5,0.0
41,2568,5,0.0
48,2568,5,0.0
23,2568,5,0.0
6,2568,5,0.0
45,2568,5,0.0
38,2568,5,0.0
61,2568,5,0.0
54,2568,5,0.0
30,2568,5,0.0
42,2568,5,0.0
46,2568,5,0.0
64,2556,6,0.0
1,2556,6,0.0
56,2556,6,0.0
34,2556,6,0.0
49,2556,6,0.0
28,2556,6,0.0
13,2556,6,0.0
15,2556,6,0.0
11,2556,6,0.0
9,2556,6,0.0
25,2556,6,0.0
69,2556,6,0.0
72,2556,6,0.0
14,2556,6,0.0
50,2556,6,0.0
17,2556,6,0.0
58,2556,6,0.0
36,2556,6,0.0
19,2556,6,0.0
63,2556,6,0.0
47,2556,6,0.0
3,2556,6,0.0
76,2556,6,0.0
43,2556,6,0.0
77,2556,6,0.0
20,2556,6,0.0
4,2556,6,0.0
62,2556,6,0.0
16,2556,6,0.0
74,2556,6,0.0
5,2556,6,0.0
44,2556,6,0.0
65,2556,6,0.0
73,2556,6,0.0
53,2556,6,0.0
52,2556,6,0.0
66,2556,6,1.0
32,2556,6,0.0
37,2556,6,0.0
75,2556,6,0.0
24,2556,6,0.0
68,2556,6,0.0
12,2556,6,0.0
55,2556,6,0.0
33,2556,6,0.0
7,2556,6,0.0
40,2556,6,0.0
39,2556,6,0.0
22,2556,6,0.0
35,2556,6,0.0
70,2556,6,0.0
71,2556,6,0.0
2,2556,6,0.0
60,2556,6,0.0
59,2556,6,0.0
10,2556,6,0.0
18,2556,6,0.0
8,2556,6,0.0
57,2556,6,0.0
67,2556,6,0.0
21,2556,6,0.0
51,2556,6,0.0
31,2556,6,0.0
27,2556,6,0.0
26,2556,6,0.0
29,2556,6,0.0
41,2556,6,0.0
48,2556,6,0.0
23,2556,6,0.0
6,2556,6,0.0
45,2556,6,0.0
38,2556,6,0.0
61,2556,6,0.0
54,2556,6,0.0
30,2556,6,0.0
42,2556,6,0.0
46,2556,6,0.0
64,2557,6,0.0
1,2557,6,0.0
56,2557,6,0.0
34,2557,6,0.0
49,2557,6,0.0
28,2557,6,0.0
13,2557,6,0.0
15,2557,6,0.0
11,2557,6,0.0
9,2557,6,0.0
25,2557,6,0.0
69,2557,6,0.0
72,2557,6,0.0
14,2557,6,0.0
50,2557,6,0.0
17,2557,6,0.0
58,2557,6,0.0
36,2557,6,0.0
19,2557,6,0.0
63,2557,6,0.0
47,2557,6,0.0
3,2557,6,0.0
76,2557,6,0.0
43,2557,6,0.0
77,2557,6,0.0
20,2557,6,0.0
4,2557,6,0.0
62,2557,6,0.0
16,2557,6,0.0
74,2557,6,0.0
5,2557,6,0.0
44,2557,6,0.0
65,2557,6,0.0
73,2557,6,0.0
53,2557,6,0.0
52,2557,6,0.0
66,2557,6,1.0
32,2557,6,0.0
37,2557,6,0.0
75,2557,6,0.0
24,2557,6,0.0
68,2557,6,0.0
12,2557,6,0.0
55,2557,6,0.0
33,2557,6,0.0
7,2557,6,0.0
40,2557,6,0.0
39,2557,6,0.0
22,2557,6,0.0
35,2557,6,0.0
70,2557,6,0.0
71,2557,6,0.0
2,2557,6,0.0
60,2557,6,0.0
59,2557,6,0.0
10,2557,6,1.0
18,2557,6,0.0
8,2557,6,0.0
57,2557,6,0.0
67,2557,6,0.0
21,2557,6,0.0
51,2557,6,0.0
31,2557,6,0.0
27,2557,6,0.0
26,2557,6,0.0
29,2557,6,0.0
41,2557,6,0.0
48,2557,6,0.0
23,2557,6,0.0
6,2557,6,0.0
45,2557,6,0.0
38,2557,6,0.0
61,2557,6,0.0
54,2557,6,0.0
30,2557,6,0.0
42,2557,6,0.0
46,2557,6,0.0
64,2558,6,0.0
1,2558,6,0.0
56,2558,6,0.0
34,2558,6,0.0
49,2558,6,0.0
28,2558,6,0.0
13,2558,6,0.0
15,2558,6,0.0
11,2558,6,0.0
9,2558,6,0.0
25,2558,6,0.0
69,2558,6,0.0
72,2558,6,0.0
14,2558,6,0.0
50,2558,6,0.0
17,2558,6,0.0
58,2558,6,0.0
36,2558,6,0.0
19,2558,6,0.0
63,2558,6,0.0
47,2558,6,0.0
3,2558,6,0.0
76,2558,6,0.0
43,2558,6,0.0
77,2558,6,0.0
20,2558,6,0.0
4,2558,6,0.0
62,2558,6,0.0
16,2558,6,0.0
74,2558,6,0.0
5,2558,6,0.0
44,2558,6,0.0
65,2558,6,0.0
73,2558,6,0.0
53,2558,6,0.0
52,2558,6,0.0
66,2558,6,1.0
32,2558,6,0.0
37,2558,6,0.0
75,2558,6,0.0
24,2558,6,0.0
68,2558,6,0.0
12,2558,6,0.0
55,2558,6,0.0
33,2558,6,0.0
7,2558,6,0.0
40,2558,6,0.0
39,2558,6,0.0
22,2558,6,0.0
35,2558,6,0.0
70,2558,6,1.0
71,2558,6,0.0
2,2558,6,0.0
60,2558,6,0.0
59,2558,6,0.0
10,2558,6,1.0
18,2558,6,0.0
8,2558,6,0.0
57,2558,6,0.0
67,2558,6,0.0
21,2558,6,0.0
51,2558,6,0.0
31,2558,6,0.0
27,2558,6,0.0
26,2558,6,0.0
29,2558,6,0.0
41,2558,6,0.0
48,2558,6,0.0
23,2558,6,0.0
6,2558,6,0.0
45,2558,6,0.0
38,2558,6,0.0
61,2558,6,0.0
54,2558,6,0.0
30,2558,6,0.0
42,2558,6,0.0
46,2558,6,0.0
64,2559,6,0.0
1,2559,6,1.0
56,2559,6,0.0
34,2559,6,0.0
49,2559,6,0.0
28,2559,6,0.0
13,2559,6,0.0
15,2559,6,0.0
11,2559,6,0.0
9,2559,6,0.0
25,2559,6,0.0
69,2559,6,0.0
72,2559,6,0.0
14,2559,6,0.0
50,2559,6,0.0
17,2559,6,0.0
58,2559,6,0.0
36,2559,6,0.0
19,2559,6,0.0
63,2559,6,0.0
47,2559,6,0.0
3,2559,6,0.0
76,2559,6,0.0
43,2559,6,0.0
77,2559,6,0.0
20,2559,6,0.0
4,2559,6,0.0
62,2559,6,0.0
16,2559,6,0.0
74,2559,6,0.0
5,2559,6,0.0
44,2559,6,0.0
65,2559,6,0.0
73,2559,6,0.0
53,2559,6,0.0
52,2559,6,0.0
66,2559,6,1.0
32,2559,6,0.0
37,2559,6,0.0
75,2559,6,0.0
24,2559,6,0.0
68,2559,6,0.0
12,2559,6,0.0
55,2559,6,0.0
33,2559,6,0.0
7,2559,6,0.0
40,2559,6,0.0
39,2559,6,0.0
22,2559,6,0.0
35,2559,6,0.0
70,2559,6,1.0
71,2559,6,0.0
2,2559,6,0.0
60,2559,6,0.0
59,2559,6,0.0
10,2559,6,1.0
18,2559,6,0.0
8,2559,6,0.0
57,2559,6,0.0
67,2559,6,0.0
21,2559,6,0.0
51,2559,6,0.0
31,2559,6,0.0
27,2559,6,0.0
26,2559,6,0.0
29,2559,6,0.0
41,2559,6,0.0
48,2559,6,0.0
23,2559,6,0.0
6,2559,6,0.0
45,2559,6,0.0
38,2559,6,0.0
61,2559,6,0.0
54,2559,6,0.0
30,2559,6,0.0
42,2559,6,0.0
46,2559,6,0.0
64,2560,6,0.0
1,2560,6,1.0
56,2560,6,0.0
34,2560,6,0.0
49,2560,6,0.0
28,2560,6,1.0
13,2560,6,0.0
15,2560,6,0.0
11,2560,6,0.0
9,2560,6,0.0
25,2560,6,0.0
69,2560,6,0.0
72,2560,6,0.0
14,2560,6,0.0
50,2560,6,0.0
17,2560,6,0.0
58,2560,6,0.0
36,2560,6,0.0
19,2560,6,0.0
63,2560,6,0.0
47,2560,6,0.0
3,2560,6,0.0
76,2560,6,0.0
43,2560,6,0.0
77,2560,6,0.0
20,2560,6,0.0
4,2560,6,0.0
62,2560,6,0.0
16,2560,6,0.0
74,2560,6,0.0
5,2560,6,0.0
44,2560,6,0.0
65,2560,6,0.0
73,2560,6,0.0
53,2560,6,0.0
52,2560,6,0.0
66,2560,6,0.0
32,2560,6,0.0
37,2560,6,0.0
75,2560,6,0.0
24,2560,6,0.0
68,2560,6,0.0
12,2560,6,0.0
55,2560,6,0.0
33,2560,6,0.0
7,2560,6,0.0
40,2560,6,0.0
39,2560,6,0.0
22,2560,6,0.0
35,2560,6,0.0
70,2560,6,1.0
71,2560,6,0.0
2,2560,6,1.0
60,2560,6,0.0
59,2560,6,0.0
10,2560,6,1.0
18,2560,6,0.0
8,2560,6,0.0
57,2560,6,0.0
67,2560,6,0.0
21,2560,6,0.0
51,2560,6,0.0
31,2560,6,0.0
27,2560,6,0.0
26,2560,6,0.0
29,2560,6,0.0
41,2560,6,0.0
48,2560,6,0.0
23,2560,6,0.0
6,2560,6,0.0
45,2560,6,0.0
38,2560,6,0.0
61,2560,6,0.0
54,2560,6,0.0
30,2560,6,0.0
42,2560,6,0.0
46,2560,6,0.0
64,2561,6,0.0
1,2561,6,1.0
56,2561,6,0.0
34,2561,6,0.0
49,2561,6,0.0
28,2561,6,1.0
13,2561,6,0.0
15,2561,6,0.0
11,2561,6,0.0
9,2561,6,0.0
25,2561,6,0.0
69,2561,6,0.0
72,2561,6,0.0
14,2561,6,0.0
50,2561,6,0.0
17,2561,6,0.0
58,2561,6,0.0
36,2561,6,0.0
19,2561,6,0.0
63,2561,6,0.0
47,2561,6,0.0
3,2561,6,0.0
76,2561,6,0.0
43,2561,6,0.0
77,2561,6,0.0
20,2561,6,0.0
4,2561,6,0.0
62,2561,6,0.0
16,2561,6,0.0
74,2561,6,0.0
5,2561,6,0.0
44,2561,6,0.0
65,2561,6,0.0
73,2561,6,0.0
53,2561,6,0.0
52,2561,6,0.0
66,2561,6,1.0
32,2561,6,0.0
37,2561,6,0.0
75,2561,6,0.0
24,2561,6,0.0
68,2561,6,0.0
12,2561,6,0.0
55,2561,6,0.0
33,2561,6,0.0
7,2561,6,0.0
40,2561,6,0.0
39,2561,6,0.0
22,2561,6,0.0
35,2561,6,0.0
70,2561,6,1.0
71,2561,6,0.0
2,2561,6,1.0
60,2561,6,0.0
59,2561,6,0.0
10,2561,6,1.0
18,2561,6,0.0
8,2561,6,0.0
57,2561,6,0.0
67,2561,6,0.0
21,2561,6,0.0
51,2561,6,0.0
31,2561,6,0.0
27,2561,6,0.0
26,2561,6,0.0
29,2561,6,0.0
41,2561,6,0.0
48,2561,6,0.0
23,2561,6,0.0
6,2561,6,0.0
45,2561,6,0.0
38,2561,6,0.0
61,2561,6,0.0
54,2561,6,0.0
30,2561,6,0.0
42,2561,6,0.0
46,2561,6,0.0
64,2562,6,0.0
1,2562,6,1.0
56,2562,6,0.0
34,2562,6,0.0
49,2562,6,0.0
28,2562,6,1.0
13,2562,6,0.0
15,2562,6,0.0
11,2562,6,0.0
9,2562,6,0.0
25,2562,6,0.0
69,2562,6,0.0
72,2562,6,0.0
14,2562,6,0.0
50,2562,6,0.0
17,2562,6,0.0
58,2562,6,0.0
36,2562,6,0.0
19,2562,6,0.0
63,2562,6,0.0
47,2562,6,0.0
3,2562,6,0.0
76,2562,6,0.0
43,2562,6,0.0
77,2562,6,0.0
20,2562,6,0.0
4,2562,6,0.0
62,2562,6,0.0
16,2562,6,0.0
74,2562,6,0.0
5,2562,6,0.0
44,2562,6,0.0
65,2562,6,0.0
73,2562,6,0.0
53,2562,6,0.0
52,2562,6,0.0
66,2562,6,1.0
32,2562,6,0.0
37,2562,6,0.0
75,2562,6,0.0
24,2562,6,0.0
68,2562,6,0.0
12,2562,6,0.0
55,2562,6,0.0
33,2562,6,0.0
7,2562,6,0.0
40,2562,6,0.0
39,2562,6,0.0
22,2562,6,0.0
35,2562,6,0.0
70,2562,6,1.0
71,2562,6,0.0
2,2562,6,1.0
60,2562,6,0.0
59,2562,6,0.0
10,2562,6,1.0
18,2562,6,0.0
8,2562,6,0.0
57,2562,6,0.0
67,2562,6,0.0
21,2562,6,0.0
51,2562,6,0.0
31,2562,6,0.0
27,2562,6,0.0
26,2562,6,0.0
29,2562,6,0.0
41,2562,6,0.0
48,2562,6,0.0
23,2562,6,0.0
6,2562,6,0.0
45,2562,6,0.0
38,2562,6,0.0
61,2562,6,0.0
54,2562,6,0.0
30,2562,6,0.0
42,2562,6,0.0
46,2562,6,0.0
64,2563,6,0.0
1,2563,6,1.0
56,2563,6,0.0
34,2563,6,0.0
49,2563,6,0.0
28,2563,6,1.0
13,2563,6,0.0
15,2563,6,0.0
11,2563,6,0.0
9,2563,6,0.0
25,2563,6,0.0
69,2563,6,0.0
72,2563,6,0.0
14,2563,6,0.0
50,2563,6,0.0
17,2563,6,0.0
58,2563,6,0.0
36,2563,6,0.0
19,2563,6,0.0
63,2563,6,0.0
47,2563,6,0.0
3,2563,6,0.0
76,2563,6,0.0
43,2563,6,0.0
77,2563,6,0.0
20,2563,6,0.0
4,2563,6,0.0
62,2563,6,0.0
16,2563,6,0.0
74,2563,6,0.0
5,2563,6,0.0
44,2563,6,0.0
65,2563,6,0.0
73,2563,6,0.0
53,2563,6,0.0
52,2563,6,0.0
66,2563,6,1.0
32,2563,6,0.0
37,2563,6,0.0
75,2563,6,0.0
24,2563,6,0.0
68,2563,6,0.0
12,2563,6,0.0
55,2563,6,0.0
33,2563,6,0.0
7,2563,6,0.0
40,2563,6,0.0
39,2563,6,0.0
22,2563,6,0.0
35,2563,6,0.0
70,2563,6,1.0
71,2563,6,0.0
2,2563,6,1.0
60,2563,6,0.0
59,2563,6,0.0
10,2563,6,1.0
18,2563,6,0.0
8,2563,6,0.0
57,2563,6,0.0
67,2563,6,0.0
21,2563,6,0.0
51,2563,6,0.0
31,2563,6,0.0
27,2563,6,0.0
26,2563,6,0.0
29,2563,6,0.0
41,2563,6,0.0
48,2563,6,0.0
23,2563,6,0.0
6,2563,6,0.0
45,2563,6,0.0
38,2563,6,0.0
61,2563,6,0.0
54,2563,6,0.0
30,2563,6,0.0
42,2563,6,0.0
46,2563,6,0.0
64,2564,6,1.0
1,2564,6,1.0
56,2564,6,0.0
34,2564,6,0.0
49,2564,6,0.0
28,2564,6,1.0
13,2564,6,0.0
15,2564,6,0.0
11,2564,6,0.0
9,2564,6,0.0
25,2564,6,0.0
69,2564,6,0.0
72,2564,6,0.0
14,2564,6,0.0
50,2564,6,0.0
17,2564,6,0.0
58,2564,6,0.0
36,2564,6,0.0
19,2564,6,0.0
63,2564,6,0.0
47,2564,6,0.0
3,2564,6,0.0
76,2564,6,0.0
43,2564,6,0.0
77,2564,6,0.0
20,2564,6,0.0
4,2564,6,0.0
62,2564,6,0.0
16,2564,6,0.0
74,2564,6,0.0
5,2564,6,0.0
44,2564,6,0.0
65,2564,6,0.0
73,2564,6,0.0
53,2564,6,0.0
52,2564,6,0.0
66,2564,6,1.0
32,2564,6,0.0
37,2564,6,0.0
75,2564,6,0.0
24,2564,6,0.0
68,2564,6,0.0
12,2564,6,1.0
55,2564,6,0.0
33,2564,6,0.0
7,2564,6,0.0
40,2564,6,0.0
39,2564,6,0.0
22,2564,6,0.0
35,2564,6,0.0
70,2564,6,1.0
71,2564,6,0.0
2,2564,6,1.0
60,2564,6,0.0
59,2564,6,0.0
10,2564,6,1.0
18,2564,6,0.0
8,2564,6,0.0
57,2564,6,0.0
67,2564,6,0.0
21,2564,6,0.0
51,2564,6,0.0
31,2564,6,0.0
27,2564,6,0.0
26,2564,6,0.0
29,2564,6,0.0
41,2564,6,0.0
48,2564,6,0.0
23,2564,6,0.0
6,2564,6,0.0
45,2564,6,0.0
38,2564,6,0.0
61,2564,6,0.0
54,2564,6,0.0
30,2564,6,0.0
42,2564,6,0.0
46,2564,6,0.0
64,2565,6,1.0
1,2565,6,1.0
56,2565,6,0.0
34,2565,6,0.0
49,2565,6,0.0
28,2565,6,1.0
13,2565,6,0.0
15,2565,6,0.0
11,2565,6,0.0
9,2565,6,0.0
25,2565,6,0.0
69,2565,6,0.0
72,2565,6,0.0
14,2565,6,0.0
50,2565,6,0.0
17,2565,6,0.0
58,2565,6,0.0
36,2565,6,0.0
19,2565,6,0.0
63,2565,6,0.0
47,2565,6,0.0
3,2565,6,0.0
76,2565,6,0.0
43,2565,6,0.0
77,2565,6,0.0
20,2565,6,0.0
4,2565,6,0.0
62,2565,6,0.0
16,2565,6,0.0
74,2565,6,0.0
5,2565,6,0.0
44,2565,6,0.0
65,2565,6,0.0
73,2565,6,0.0
53,2565,6,0.0
52,2565,6,0.0
66,2565,6,1.0
32,2565,6,0.0
37,2565,6,0.0
75,2565,6,0.0
24,2565,6,0.0
68,2565,6,0.0
12,2565,6,1.0
55,2565,6,0.0
33,2565,6,0.0
7,2565,6,0.0
40,2565,6,0.0
39,2565,6,0.0
22,2565,6,0.0
35,2565,6,0.0
70,2565,6,1.0
71,2565,6,0.0
2,2565,6,1.0
60,2565,6,0.0
59,2565,6,0.0
10,2565,6,1.0
18,2565,6,0.0
8,2565,6,0.0
57,2565,6,0.0
67,2565,6,0.0
21,2565,6,0.0
51,2565,6,0.0
31,2565,6,0.0
27,2565,6,0.0
26,2565,6,0.0
29,2565,6,0.0
41,2565,6,0.0
48,2565,6,0.0
23,2565,6,0.0
6,2565,6,0.0
45,2565,6,0.0
38,2565,6,0.0
61,2565,6,0.0
54,2565,6,0.0
30,2565,6,0.0
42,2565,6,0.0
46,2565,6,0.0
64,2566,6,0.0
1,2566,6,1.0
56,2566,6,0.0
34,2566,6,0.0
49,2566,6,0.0
28,2566,6,1.0
13,2566,6,0.0
15,2566,6,0.0
11,2566,6,0.0
9,2566,6,0.0
25,2566,6,0.0
69,2566,6,0.0
72,2566,6,0.0
14,2566,6,0.0
50,2566,6,0.0
17,2566,6,0.0
58,2566,6,0.0
36,2566,6,0.0
19,2566,6,0.0
63,2566,6,0.0
47,2566,6,0.0
3,2566,6,0.0
76,2566,6,0.0
43,2566,6,0.0
77,2566,6,0.0
20,2566,6,0.0
4,2566,6,0.0
62,2566,6,0.0
16,2566,6,0.0
74,2566,6,0.0
5,2566,6,0.0
44,2566,6,0.0
65,2566,6,0.0
73,2566,6,0.0
53,2566,6,0.0
52,2566,6,0.0
66,2566,6,0.0
32,2566,6,0.0
37,2566,6,0.0
75,2566,6,0.0
24,2566,6,0.0
68,2566,6,0.0
12,2566,6,1.0
55,2566,6,0.0
33,2566,6,0.0
7,2566,6,0.0
40,2566,6,0.0
39,2566,6,0.0
22,2566,6,0.0
35,2566,6,0.0
70,2566,6,0.0
71,2566,6,0.0
2,2566,6,1.0
60,2566,6,0.0
59,2566,6,0.0
10,2566,6,1.0
18,2566,6,0.0
8,2566,6,0.0
57,2566,6,0.0
67,2566,6,0.0
21,2566,6,0.0
51,2566,6,0.0
31,2566,6,1.0
27,2566,6,0.0
26,2566,6,0.0
29,2566,6,0.0
41,2566,6,0.0
48,2566,6,0.0
23,2566,6,0.0
6,2566,6,0.0
45,2566,6,0.0
38,2566,6,0.0
61,2566,6,0.0
54,2566,6,0.0
30,2566,6,0.0
42,2566,6,0.0
46,2566,6,0.0
64,2567,6,1.0
1,2567,6,1.0
56,2567,6,0.0
34,2567,6,0.0
49,2567,6,0.0
28,2567,6,1.0
13,2567,6,0.0
15,2567,6,0.0
11,2567,6,0.0
9,2567,6,0.0
25,2567,6,0.0
69,2567,6,0.0
72,2567,6,0.0
14,2567,6,0.0
50,2567,6,0.0
17,2567,6,0.0
58,2567,6,0.0
36,2567,6,0.0
19,2567,6,0.0
63,2567,6,0.0
47,2567,6,0.0
3,2567,6,0.0
76,2567,6,0.0
43,2567,6,0.0
77,2567,6,0.0
20,2567,6,0.0
4,2567,6,0.0
62,2567,6,0.0
16,2567,6,0.0
74,2567,6,0.0
5,2567,6,0.0
44,2567,6,0.0
65,2567,6,0.0
73,2567,6,0.0
53,2567,6,0.0
52,2567,6,0.0
66,2567,6,0.0
32,2567,6,0.0
37,2567,6,0.0
75,2567,6,0.0
24,2567,6,0.0
68,2567,6,0.0
12,2567,6,1.0
55,2567,6,0.0
33,2567,6,0.0
7,2567,6,0.0
40,2567,6,0.0
39,2567,6,0.0
22,2567,6,0.0
35,2567,6,0.0
70,2567,6,0.0
71,2567,6,0.0
2,2567,6,1.0
60,2567,6,0.0
59,2567,6,0.0
10,2567,6,1.0
18,2567,6,0.0
8,2567,6,0.0
57,2567,6,0.0
67,2567,6,0.0
21,2567,6,0.0
51,2567,6,0.0
31,2567,6,1.0
27,2567,6,0.0
26,2567,6,0.0
29,2567,6,0.0
41,2567,6,0.0
48,2567,6,0.0
23,2567,6,0.0
6,2567,6,0.0
45,2567,6,0.0
38,2567,6,0.0
61,2567,6,0.0
54,2567,6,0.0
30,2567,6,0.0
42,2567,6,0.0
46,2567,6,0.0
64,2568,6,1.0
1,2568,6,1.0
56,2568,6,0.0
34,2568,6,0.0
49,2568,6,0.0
28,2568,6,1.0
13,2568,6,0.0
15,2568,6,0.0
11,2568,6,0.0
9,2568,6,0.0
25,2568,6,0.0
69,2568,6,0.0
72,2568,6,0.0
14,2568,6,0.0
50,2568,6,0.0
17,2568,6,0.0
58,2568,6,0.0
36,2568,6,0.0
19,2568,6,0.0
63,2568,6,0.0
47,2568,6,0.0
3,2568,6,0.0
76,2568,6,0.0
43,2568,6,0.0
77,2568,6,0.0
20,2568,6,0.0
4,2568,6,0.0
62,2568,6,0.0
16,2568,6,0.0
74,2568,6,0.0
5,2568,6,0.0
44,2568,6,0.0
65,2568,6,0.0
73,2568,6,0.0
53,2568,6,0.0
52,2568,6,0.0
66,2568,6,0.0
32,2568,6,1.0
37,2568,6,0.0
75,2568,6,0.0
24,2568,6,0.0
68,2568,6,0.0
12,2568,6,1.0
55,2568,6,0.0
33,2568,6,0.0
7,2568,6,0.0
40,2568,6,0.0
39,2568,6,0.0
22,2568,6,0.0
35,2568,6,0.0
70,2568,6,1.0
71,2568,6,0.0
2,2568,6,1.0
60,2568,6,0.0
59,2568,6,0.0
10,2568,6,1.0
18,2568,6,0.0
8,2568,6,0.0
57,2568,6,0.0
67,2568,6,0.0
21,2568,6,0.0
51,2568,6,0.0
31,2568,6,1.0
27,2568,6,0.0
26,2568,6,0.0
29,2568,6,0.0
41,2568,6,0.0
48,2568,6,0.0
23,2568,6,0.0
6,2568,6,0.0
45,2568,6,0.0
38,2568,6,0.0
61,2568,6,0.0
54,2568,6,0.0
30,2568,6,0.0
42,2568,6,0.0
46,2568,6,0.0
64,2556,7,0.0
1,2556,7,0.0
56,2556,7,0.0
34,2556,7,0.0
49,2556,7,0.0
28,2556,7,0.0
13,2556,7,0.0
15,2556,7,0.0
11,2556,7,0.0
9,2556,7,0.0
25,2556,7,0.0
69,2556,7,0.0
72,2556,7,0.0
14,2556,7,0.0
50,2556,7,0.0
17,2556,7,0.0
58,2556,7,0.0
36,2556,7,0.0
19,2556,7,0.0
63,2556,7,0.0
47,2556,7,0.0
3,2556,7,0.0
76,2556,7,0.0
43,2556,7,0.0
77,2556,7,0.0
20,2556,7,0.0
4,2556,7,0.0
62,2556,7,0.0
16,2556,7,0.0
74,2556,7,0.0
5,2556,7,0.0
44,2556,7,0.0
65,2556,7,0.0
73,2556,7,0.0
53,2556,7,0.0
52,2556,7,0.0
66,2556,7,0.0
32,2556,7,0.0
37,2556,7,0.0
75,2556,7,0.0
24,2556,7,0.0
68,2556,7,0.0
12,2556,7,0.0
55,2556,7,0.0
33,2556,7,0.0
7,2556,7,0.0
40,2556,7,0.0
39,2556,7,0.0
22,2556,7,0.0
35,2556,7,0.0
70,2556,7,0.0
71,2556,7,0.0
2,2556,7,0.0
60,2556,7,0.0
59,2556,7,0.0
10,2556,7,0.0
18,2556,7,0.0
8,2556,7,0.0
57,2556,7,0.0
67,2556,7,0.0
21,2556,7,0.0
51,2556,7,0.0
31,2556,7,0.0
27,2556,7,0.0
26,2556,7,0.0
29,2556,7,0.0
41,2556,7,0.0
48,2556,7,0.0
23,2556,7,0.0
6,2556,7,0.0
45,2556,7,0.0
38,2556,7,0.0
61,2556,7,0.0
54,2556,7,0.0
30,2556,7,0.0
42,2556,7,0.0
46,2556,7,0.0
64,2557,7,0.0
1,2557,7,0.0
56,2557,7,0.0
34,2557,7,0.0
49,2557,7,0.0
28,2557,7,0.0
13,2557,7,0.0
15,2557,7,0.0
11,2557,7,0.0
9,2557,7,0.0
25,2557,7,0.0
69,2557,7,0.0
72,2557,7,0.0
14,2557,7,0.0
50,2557,7,0.0
17,2557,7,0.0
58,2557,7,0.0
36,2557,7,0.0
19,2557,7,0.0
63,2557,7,0.0
47,2557,7,0.0
3,2557,7,0.0
76,2557,7,0.0
43,2557,7,0.0
77,2557,7,0.0
20,2557,7,0.0
4,2557,7,0.0
62,2557,7,0.0
16,2557,7,0.0
74,2557,7,0.0
5,2557,7,0.0
44,2557,7,0.0
65,2557,7,0.0
73,2557,7,0.0
53,2557,7,0.0
52,2557,7,0.0
66,2557,7,0.0
32,2557,7,0.0
37,2557,7,0.0
75,2557,7,0.0
24,2557,7,0.0
68,2557,7,0.0
12,2557,7,0.0
55,2557,7,0.0
33,2557,7,0.0
7,2557,7,0.0
40,2557,7,0.0
39,2557,7,0.0
22,2557,7,0.0
35,2557,7,0.0
70,2557,7,0.0
71,2557,7,0.0
2,2557,7,0.0
60,2557,7,0.0
59,2557,7,0.0
10,2557,7,0.0
18,2557,7,0.0
8,2557,7,0.0
57,2557,7,0.0
67,2557,7,0.0
21,2557,7,0.0
51,2557,7,0.0
31,2557,7,0.0
27,2557,7,0.0
26,2557,7,0.0
29,2557,7,0.0
41,2557,7,0.0
48,2557,7,0.0
23,2557,7,0.0
6,2557,7,0.0
45,2557,7,0.0
38,2557,7,0.0
61,2557,7,0.0
54,2557,7,0.0
30,2557,7,0.0
42,2557,7,0.0
46,2557,7,0.0
64,2558,7,0.0
1,2558,7,0.0
56,2558,7,0.0
34,2558,7,0.0
49,2558,7,0.0
28,2558,7,0.0
13,2558,7,0.0
15,2558,7,0.0
11,2558,7,0.0
9,2558,7,0.0
25,2558,7,0.0
69,2558,7,0.0
72,2558,7,0.0
14,2558,7,0.0
50,2558,7,0.0
17,2558,7,0.0
58,2558,7,0.0
36,2558,7,0.0
19,2558,7,0.0
63,2558,7,0.0
47,2558,7,0.0
3,2558,7,0.0
76,2558,7,0.0
43,2558,7,0.0
77,2558,7,0.0
20,2558,7,0.0
4,2558,7,0.0
62,2558,7,0.0
16,2558,7,0.0
74,2558,7,0.0
5,2558,7,0.0
44,2558,7,0.0
65,2558,7,0.0
73,2558,7,0.0
53,2558,7,0.0
52,2558,7,0.0
66,2558,7,0.0
32,2558,7,0.0
37,2558,7,0.0
75,2558,7,0.0
24,2558,7,0.0
68,2558,7,0.0
12,2558,7,0.0
55,2558,7,0.0
33,2558,7,0.0
7,2558,7,0.0
40,2558,7,0.0
39,2558,7,0.0
22,2558,7,0.0
35,2558,7,0.0
70,2558,7,0.0
71,2558,7,0.0
2,2558,7,0.0
60,2558,7,0.0
59,2558,7,0.0
10,2558,7,0.0
18,2558,7,0.0
8,2558,7,0.0
57,2558,7,0.0
67,2558,7,0.0
21,2558,7,0.0
51,2558,7,0.0
31,2558,7,0.0
27,2558,7,0.0
26,2558,7,0.0
29,2558,7,0.0
41,2558,7,0.0
48,2558,7,0.0
23,2558,7,0.0
6,2558,7,0.0
45,2558,7,0.0
38,2558,7,0.0
61,2558,7,0.0
54,2558,7,0.0
30,2558,7,0.0
42,2558,7,0.0
46,2558,7,0.0
64,2559,7,0.0
1,2559,7,0.0
56,2559,7,0.0
34,2559,7,0.0
49,2559,7,0.0
28,2559,7,0.0
13,2559,7,0.0
15,2559,7,0.0
11,2559,7,0.0
9,2559,7,0.0
25,2559,7,0.0
69,2559,7,0.0
72,2559,7,0.0
14,2559,7,0.0
50,2559,7,0.0
17,2559,7,0.0
58,2559,7,0.0
36,2559,7,0.0
19,2559,7,0.0
63,2559,7,0.0
47,2559,7,0.0
3,2559,7,0.0
76,2559,7,0.0
43,2559,7,0.0
77,2559,7,0.0
20,2559,7,0.0
4,2559,7,0.0
62,2559,7,0.0
16,2559,7,0.0
74,2559,7,0.0
5,2559,7,0.0
44,2559,7,0.0
65,2559,7,0.0
73,2559,7,0.0
53,2559,7,0.0
52,2559,7,0.0
66,2559,7,0.0
32,2559,7,0.0
37,2559,7,0.0
75,2559,7,0.0
24,2559,7,0.0
68,2559,7,0.0
12,2559,7,0.0
55,2559,7,0.0
33,2559,7,0.0
7,2559,7,0.0
40,2559,7,0.0
39,2559,7,0.0
22,2559,7,0.0
35,2559,7,0.0
70,2559,7,0.0
71,2559,7,0.0
2,2559,7,0.0
60,2559,7,0.0
59,2559,7,0.0
10,2559,7,0.0
18,2559,7,0.0
8,2559,7,0.0
57,2559,7,0.0
67,2559,7,0.0
21,2559,7,0.0
51,2559,7,0.0
31,2559,7,0.0
27,2559,7,0.0
26,2559,7,0.0
29,2559,7,0.0
41,2559,7,0.0
48,2559,7,0.0
23,2559,7,0.0
6,2559,7,0.0
45,2559,7,0.0
38,2559,7,0.0
61,2559,7,0.0
54,2559,7,0.0
30,2559,7,0.0
42,2559,7,0.0
46,2559,7,0.0
64,2560,7,0.0
1,2560,7,0.0
56,2560,7,0.0
34,2560,7,0.0
49,2560,7,0.0
28,2560,7,0.0
13,2560,7,0.0
15,2560,7,0.0
11,2560,7,0.0
9,2560,7,0.0
25,2560,7,0.0
69,2560,7,0.0
72,2560,7,0.0
14,2560,7,0.0
50,2560,7,0.0
17,2560,7,0.0
58,2560,7,0.0
36,2560,7,0.0
19,2560,7,0.0
63,2560,7,0.0
47,2560,7,0.0
3,2560,7,0.0
76,2560,7,0.0
43,2560,7,0.0
77,2560,7,0.0
20,2560,7,0.0
4,2560,7,0.0
62,2560,7,0.0
16,2560,7,0.0
74,2560,7,0.0
5,2560,7,0.0
44,2560,7,0.0
65,2560,7,0.0
73,2560,7,0.0
53,2560,7,0.0
52,2560,7,0.0
66,2560,7,0.0
32,2560,7,0.0
37,2560,7,0.0
75,2560,7,0.0
24,2560,7,0.0
68,2560,7,0.0
12,2560,7,0.0
55,2560,7,0.0
33,2560,7,0.0
7,2560,7,0.0
40,2560,7,0.0
39,2560,7,0.0
22,2560,7,0.0
35,2560,7,0.0
70,2560,7,0.0
71,2560,7,0.0
2,2560,7,0.0
60,2560,7,0.0
59,2560,7,0.0
10,2560,7,0.0
18,2560,7,0.0
8,2560,7,0.0
57,2560,7,0.0
67,2560,7,0.0
21,2560,7,0.0
51,2560,7,0.0
31,2560,7,0.0
27,2560,7,0.0
26,2560,7,0.0
29,2560,7,0.0
41,2560,7,0.0
48,2560,7,0.0
23,2560,7,0.0
6,2560,7,0.0
45,2560,7,0.0
38,2560,7,0.0
61,2560,7,0.0
54,2560,7,0.0
30,2560,7,0.0
42,2560,7,0.0
46,2560,7,0.0
64,2561,7,0.0
1,2561,7,0.0
56,2561,7,0.0
34,2561,7,0.0
49,2561,7,0.0
28,2561,7,0.0
13,2561,7,0.0
15,2561,7,0.0
11,2561,7,0.0
9,2561,7,0.0
25,2561,7,0.0
69,2561,7,0.0
72,2561,7,0.0
14,2561,7,0.0
50,2561,7,0.0
17,2561,7,0.0
58,2561,7,0.0
36,2561,7,0.0
19,2561,7,0.0
63,2561,7,0.0
47,2561,7,0.0
3,2561,7,0.0
76,2561,7,0.0
43,2561,7,0.0
77,2561,7,0.0
20,2561,7,0.0
4,2561,7,0.0
62,2561,7,0.0
16,2561,7,0.0
74,2561,7,0.0
5,2561,7,0.0
44,2561,7,0.0
65,2561,7,0.0
73,2561,7,0.0
53,2561,7,0.0
52,2561,7,0.0
66,2561,7,0.0
32,2561,7,0.0
37,2561,7,0.0
75,2561,7,0.0
24,2561,7,0.0
68,2561,7,0.0
12,2561,7,0.0
55,2561,7,0.0
33,2561,7,0.0
7,2561,7,0.0
40,2561,7,0.0
39,2561,7,0.0
22,2561,7,0.0
35,2561,7,0.0
70,2561,7,0.0
71,2561,7,0.0
2,2561,7,0.0
60,2561,7,0.0
59,2561,7,0.0
10,2561,7,0.0
18,2561,7,0.0
8,2561,7,0.0
57,2561,7,0.0
67,2561,7,0.0
21,2561,7,0.0
51,2561,7,0.0
31,2561,7,0.0
27,2561,7,0.0
26,2561,7,0.0
29,2561,7,0.0
41,2561,7,0.0
48,2561,7,0.0
23,2561,7,0.0
6,2561,7,0.0
45,2561,7,0.0
38,2561,7,0.0
61,2561,7,0.0
54,2561,7,0.0
30,2561,7,0.0
42,2561,7,0.0
46,2561,7,0.0
64,2562,7,0.0
1,2562,7,0.0
56,2562,7,0.0
34,2562,7,0.0
49,2562,7,0.0
28,2562,7,0.0
13,2562,7,0.0
15,2562,7,0.0
11,2562,7,0.0
9,2562,7,0.0
25,2562,7,0.0
69,2562,7,0.0
72,2562,7,0.0
14,2562,7,0.0
50,2562,7,0.0
17,2562,7,0.0
58,2562,7,0.0
36,2562,7,0.0
19,2562,7,0.0
63,2562,7,0.0
47,2562,7,0.0
3,2562,7,0.0
76,2562,7,0.0
43,2562,7,0.0
77,2562,7,0.0
20,2562,7,0.0
4,2562,7,0.0
62,2562,7,0.0
16,2562,7,0.0
74,2562,7,0.0
5,2562,7,0.0
44,2562,7,0.0
65,2562,7,0.0
73,2562,7,0.0
53,2562,7,0.0
52,2562,7,0.0
66,2562,7,0.0
32,2562,7,0.0
37,2562,7,0.0
75,2562,7,0.0
24,2562,7,0.0
68,2562,7,0.0
12,2562,7,0.0
55,2562,7,0.0
33,2562,7,0.0
7,2562,7,0.0
40,2562,7,0.0
39,2562,7,0.0
22,2562,7,0.0
35,2562,7,0.0
70,2562,7,0.0
71,2562,7,0.0
2,2562,7,0.0
60,2562,7,0.0
59,2562,7,0.0
10,2562,7,0.0
18,2562,7,0.0
8,2562,7,0.0
57,2562,7,0.0
67,2562,7,0.0
21,2562,7,0.0
51,2562,7,0.0
31,2562,7,0.0
27,2562,7,0.0
26,2562,7,0.0
29,2562,7,0.0
41,2562,7,0.0
48,2562,7,0.0
23,2562,7,0.0
6,2562,7,0.0
45,2562,7,0.0
38,2562,7,0.0
61,2562,7,0.0
54,2562,7,0.0
30,2562,7,0.0
42,2562,7,0.0
46,2562,7,0.0
64,2563,7,0.0
1,2563,7,0.0
56,2563,7,0.0
34,2563,7,0.0
49,2563,7,0.0
28,2563,7,0.0
13,2563,7,0.0
15,2563,7,0.0
11,2563,7,0.0
9,2563,7,0.0
25,2563,7,0.0
69,2563,7,0.0
72,2563,7,0.0
14,2563,7,0.0
50,2563,7,0.0
17,2563,7,0.0
58,2563,7,0.0
36,2563,7,0.0
19,2563,7,0.0
63,2563,7,0.0
47,2563,7,0.0
3,2563,7,0.0
76,2563,7,0.0
43,2563,7,0.0
77,2563,7,0.0
20,2563,7,0.0
4,2563,7,0.0
62,2563,7,0.0
16,2563,7,0.0
74,2563,7,0.0
5,2563,7,0.0
44,2563,7,0.0
65,2563,7,0.0
73,2563,7,0.0
53,2563,7,0.0
52,2563,7,0.0
66,2563,7,0.0
32,2563,7,0.0
37,2563,7,0.0
75,2563,7,0.0
24,2563,7,0.0
68,2563,7,0.0
12,2563,7,0.0
55,2563,7,0.0
33,2563,7,0.0
7,2563,7,0.0
40,2563,7,0.0
39,2563,7,0.0
22,2563,7,0.0
35,2563,7,0.0
70,2563,7,0.0
71,2563,7,0.0
2,2563,7,0.0
60,2563,7,0.0
59,2563,7,0.0
10,2563,7,0.0
18,2563,7,0.0
8,2563,7,0.0
57,2563,7,0.0
67,2563,7,0.0
21,2563,7,0.0
51,2563,7,0.0
31,2563,7,0.0
27,2563,7,0.0
26,2563,7,0.0
29,2563,7,0.0
41,2563,7,0.0
48,2563,7,0.0
23,2563,7,0.0
6,2563,7,0.0
45,2563,7,0.0
38,2563,7,0.0
61,2563,7,0.0
54,2563,7,0.0
30,2563,7,0.0
42,2563,7,0.0
46,2563,7,0.0
64,2564,7,0.0
1,2564,7,0.0
56,2564,7,0.0
34,2564,7,0.0
49,2564,7,0.0
28,2564,7,0.0
13,2564,7,0.0
15,2564,7,0.0
11,2564,7,0.0
9,2564,7,0.0
25,2564,7,0.0
69,2564,7,0.0
72,2564,7,0.0
14,2564,7,0.0
50,2564,7,0.0
17,2564,7,0.0
58,2564,7,0.0
36,2564,7,0.0
19,2564,7,0.0
63,2564,7,0.0
47,2564,7,0.0
3,2564,7,0.0
76,2564,7,0.0
43,2564,7,0.0
77,2564,7,0.0
20,2564,7,0.0
4,2564,7,0.0
62,2564,7,0.0
16,2564,7,0.0
74,2564,7,0.0
5,2564,7,0.0
44,2564,7,0.0
65,2564,7,0.0
73,2564,7,0.0
53,2564,7,0.0
52,2564,7,0.0
66,2564,7,0.0
32,2564,7,0.0
37,2564,7,0.0
75,2564,7,0.0
24,2564,7,0.0
68,2564,7,0.0
12,2564,7,0.0
55,2564,7,0.0
33,2564,7,0.0
7,2564,7,0.0
40,2564,7,0.0
39,2564,7,0.0
22,2564,7,0.0
35,2564,7,0.0
70,2564,7,0.0
71,2564,7,0.0
2,2564,7,0.0
60,2564,7,0.0
59,2564,7,0.0
10,2564,7,0.0
18,2564,7,0.0
8,2564,7,0.0
57,2564,7,0.0
67,2564,7,0.0
21,2564,7,0.0
51,2564,7,0.0
31,2564,7,0.0
27,2564,7,0.0
26,2564,7,0.0
29,2564,7,0.0
41,2564,7,0.0
48,2564,7,0.0
23,2564,7,0.0
6,2564,7,0.0
45,2564,7,0.0
38,2564,7,0.0
61,2564,7,0.0
54,2564,7,0.0
30,2564,7,0.0
42,2564,7,0.0
46,2564,7,0.0
64,2565,7,0.0
1,2565,7,0.0
56,2565,7,0.0
34,2565,7,0.0
49,2565,7,0.0
28,2565,7,0.0
13,2565,7,0.0
15,2565,7,0.0
11,2565,7,0.0
9,2565,7,0.0
25,2565,7,0.0
69,2565,7,0.0
72,2565,7,0.0
14,2565,7,0.0
50,2565,7,0.0
17,2565,7,0.0
58,2565,7,0.0
36,2565,7,0.0
19,2565,7,0.0
63,2565,7,0.0
47,2565,7,0.0
3,2565,7,0.0
76,2565,7,0.0
43,2565,7,0.0
77,2565,7,0.0
20,2565,7,0.0
4,2565,7,0.0
62,2565,7,0.0
16,2565,7,0.0
74,2565,7,0.0
5,2565,7,0.0
44,2565,7,0.0
65,2565,7,0.0
73,2565,7,0.0
53,2565,7,0.0
52,2565,7,0.0
66,2565,7,0.0
32,2565,7,0.0
37,2565,7,0.0
75,2565,7,0.0
24,2565,7,0.0
68,2565,7,0.0
12,2565,7,0.0
55,2565,7,0.0
33,2565,7,0.0
7,2565,7,0.0
40,2565,7,0.0
39,2565,7,0.0
22,2565,7,0.0
35,2565,7,0.0
70,2565,7,0.0
71,2565,7,0.0
2,2565,7,0.0
60,2565,7,0.0
59,2565,7,0.0
10,2565,7,0.0
18,2565,7,0.0
8,2565,7,0.0
57,2565,7,0.0
67,2565,7,0.0
21,2565,7,0.0
51,2565,7,0.0
31,2565,7,0.0
27,2565,7,0.0
26,2565,7,0.0
29,2565,7,0.0
41,2565,7,0.0
48,2565,7,0.0
23,2565,7,0.0
6,2565,7,0.0
45,2565,7,0.0
38,2565,7,0.0
61,2565,7,0.0
54,2565,7,0.0
30,2565,7,0.0
42,2565,7,0.0
46,2565,7,0.0
64,2566,7,0.0
1,2566,7,0.0
56,2566,7,1.0
34,2566,7,0.0
49,2566,7,0.0
28,2566,7,0.0
13,2566,7,0.0
15,2566,7,0.0
11,2566,7,0.0
9,2566,7,0.0
25,2566,7,0.0
69,2566,7,0.0
72,2566,7,0.0
14,2566,7,0.0
50,2566,7,1.0
17,2566,7,0.0
58,2566,7,0.0
36,2566,7,0.0
19,2566,7,0.0
63,2566,7,0.0
47,2566,7,0.0
3,2566,7,0.0
76,2566,7,0.0
43,2566,7,0.0
77,2566,7,0.0
20,2566,7,0.0
4,2566,7,0.0
62,2566,7,0.0
16,2566,7,0.0
74,2566,7,0.0
5,2566,7,0.0
44,2566,7,0.0
65,2566,7,0.0
73,2566,7,0.0
53,2566,7,0.0
52,2566,7,0.0
66,2566,7,0.0
32,2566,7,0.0
37,2566,7,0.0
75,2566,7,0.0
24,2566,7,0.0
68,2566,7,0.0
12,2566,7,0.0
55,2566,7,0.0
33,2566,7,0.0
7,2566,7,0.0
40,2566,7,0.0
39,2566,7,0.0
22,2566,7,0.0
35,2566,7,0.0
70,2566,7,0.0
71,2566,7,0.0
2,2566,7,0.0
60,2566,7,0.0
59,2566,7,0.0
10,2566,7,0.0
18,2566,7,0.0
8,2566,7,0.0
57,2566,7,0.0
67,2566,7,0.0
21,2566,7,0.0
51,2566,7,0.0
31,2566,7,0.0
27,2566,7,0.0
26,2566,7,0.0
29,2566,7,0.0
41,2566,7,0.0
48,2566,7,0.0
23,2566,7,0.0
6,2566,7,0.0
45,2566,7,1.0
38,2566,7,0.0
61,2566,7,0.0
54,2566,7,0.0
30,2566,7,0.0
42,2566,7,0.0
46,2566,7,0.0
64,2567,7,0.0
1,2567,7,0.0
56,2567,7,1.0
34,2567,7,0.0
49,2567,7,0.0
28,2567,7,0.0
13,2567,7,0.0
15,2567,7,0.0
11,2567,7,0.0
9,2567,7,0.0
25,2567,7,0.0
69,2567,7,0.0
72,2567,7,0.0
14,2567,7,0.0
50,2567,7,1.0
17,2567,7,0.0
58,2567,7,0.0
36,2567,7,0.0
19,2567,7,0.0
63,2567,7,0.0
47,2567,7,0.0
3,2567,7,0.0
76,2567,7,0.0
43,2567,7,0.0
77,2567,7,0.0
20,2567,7,0.0
4,2567,7,0.0
62,2567,7,0.0
16,2567,7,0.0
74,2567,7,0.0
5,2567,7,0.0
44,2567,7,0.0
65,2567,7,0.0
73,2567,7,0.0
53,2567,7,0.0
52,2567,7,0.0
66,2567,7,0.0
32,2567,7,0.0
37,2567,7,0.0
75,2567,7,0.0
24,2567,7,0.0
68,2567,7,0.0
12,2567,7,0.0
55,2567,7,0.0
33,2567,7,0.0
7,2567,7,0.0
40,2567,7,0.0
39,2567,7,0.0
22,2567,7,0.0
35,2567,7,0.0
70,2567,7,0.0
71,2567,7,0.0
2,2567,7,0.0
60,2567,7,0.0
59,2567,7,0.0
10,2567,7,0.0
18,2567,7,0.0
8,2567,7,0.0
57,2567,7,0.0
67,2567,7,0.0
21,2567,7,0.0
51,2567,7,0.0
31,2567,7,0.0
27,2567,7,0.0
26,2567,7,0.0
29,2567,7,0.0
41,2567,7,0.0
48,2567,7,0.0
23,2567,7,0.0
6,2567,7,0.0
45,2567,7,1.0
38,2567,7,0.0
61,2567,7,0.0
54,2567,7,0.0
30,2567,7,0.0
42,2567,7,0.0
46,2567,7,0.0
64,2568,7,0.0
1,2568,7,0.0
56,2568,7,0.0
34,2568,7,0.0
49,2568,7,0.0
28,2568,7,0.0
13,2568,7,0.0
15,2568,7,0.0
11,2568,7,0.0
9,2568,7,0.0
25,2568,7,0.0
69,2568,7,0.0
72,2568,7,0.0
14,2568,7,0.0
50,2568,7,1.0
17,2568,7,0.0
58,2568,7,0.0
36,2568,7,0.0
19,2568,7,0.0
63,2568,7,0.0
47,2568,7,0.0
3,2568,7,0.0
76,2568,7,0.0
43,2568,7,0.0
77,2568,7,0.0
20,2568,7,0.0
4,2568,7,0.0
62,2568,7,0.0
16,2568,7,0.0
74,2568,7,0.0
5,2568,7,0.0
44,2568,7,0.0
65,2568,7,0.0
73,2568,7,0.0
53,2568,7,0.0
52,2568,7,0.0
66,2568,7,0.0
32,2568,7,0.0
37,2568,7,0.0
75,2568,7,0.0
24,2568,7,0.0
68,2568,7,0.0
12,2568,7,0.0
55,2568,7,0.0
33,2568,7,0.0
7,2568,7,0.0
40,2568,7,0.0
39,2568,7,0.0
22,2568,7,0.0
35,2568,7,0.0
70,2568,7,0.0
71,2568,7,0.0
2,2568,7,0.0
60,2568,7,0.0
59,2568,7,0.0
10,2568,7,0.0
18,2568,7,0.0
8,2568,7,0.0
57,2568,7,0.0
67,2568,7,0.0
21,2568,7,0.0
51,2568,7,0.0
31,2568,7,0.0
27,2568,7,0.0
26,2568,7,0.0
29,2568,7,0.0
41,2568,7,1.0
48,2568,7,0.0
23,2568,7,0.0
6,2568,7,0.0
45,2568,7,1.0
38,2568,7,0.0
61,2568,7,0.0
54,2568,7,0.0
30,2568,7,0.0
42,2568,7,0.0
46,2568,7,0.0
64,2556,8,0.0
1,2556,8,0.0
56,2556,8,0.0
34,2556,8,0.0
49,2556,8,1.0
28,2556,8,0.0
13,2556,8,1.0
15,2556,8,0.0
11,2556,8,0.0
9,2556,8,0.0
25,2556,8,0.0
69,2556,8,0.0
72,2556,8,0.0
14,2556,8,0.0
50,2556,8,0.0
17,2556,8,0.0
58,2556,8,0.0
36,2556,8,0.0
19,2556,8,0.0
63,2556,8,0.0
47,2556,8,0.0
3,2556,8,0.0
76,2556,8,0.0
43,2556,8,1.0
77,2556,8,0.0
20,2556,8,0.0
4,2556,8,0.0
62,2556,8,0.0
16,2556,8,0.0
74,2556,8,0.0
5,2556,8,0.0
44,2556,8,0.0
65,2556,8,0.0
73,2556,8,0.0
53,2556,8,0.0
52,2556,8,2.0
66,2556,8,0.0
32,2556,8,0.0
37,2556,8,0.0
75,2556,8,0.0
24,2556,8,0.0
68,2556,8,0.0
12,2556,8,0.0
55,2556,8,0.0
33,2556,8,0.0
7,2556,8,0.0
40,2556,8,0.0
39,2556,8,0.0
22,2556,8,0.0
35,2556,8,0.0
70,2556,8,0.0
71,2556,8,0.0
2,2556,8,0.0
60,2556,8,0.0
59,2556,8,0.0
10,2556,8,0.0
18,2556,8,0.0
8,2556,8,0.0
57,2556,8,0.0
67,2556,8,0.0
21,2556,8,0.0
51,2556,8,0.0
31,2556,8,0.0
27,2556,8,0.0
26,2556,8,0.0
29,2556,8,0.0
41,2556,8,0.0
48,2556,8,0.0
23,2556,8,0.0
6,2556,8,0.0
45,2556,8,0.0
38,2556,8,0.0
61,2556,8,0.0
54,2556,8,1.0
30,2556,8,0.0
42,2556,8,0.0
46,2556,8,0.0
64,2557,8,0.0
1,2557,8,0.0
56,2557,8,0.0
34,2557,8,0.0
49,2557,8,0.0
28,2557,8,0.0
13,2557,8,1.0
15,2557,8,0.0
11,2557,8,0.0
9,2557,8,0.0
25,2557,8,0.0
69,2557,8,0.0
72,2557,8,0.0
14,2557,8,0.0
50,2557,8,0.0
17,2557,8,0.0
58,2557,8,0.0
36,2557,8,0.0
19,2557,8,0.0
63,2557,8,0.0
47,2557,8,0.0
3,2557,8,0.0
76,2557,8,0.0
43,2557,8,0.0
77,2557,8,0.0
20,2557,8,0.0
4,2557,8,0.0
62,2557,8,0.0
16,2557,8,0.0
74,2557,8,0.0
5,2557,8,0.0
44,2557,8,0.0
65,2557,8,0.0
73,2557,8,0.0
53,2557,8,0.0
52,2557,8,1.0
66,2557,8,0.0
32,2557,8,0.0
37,2557,8,0.0
75,2557,8,0.0
24,2557,8,0.0
68,2557,8,0.0
12,2557,8,0.0
55,2557,8,0.0
33,2557,8,0.0
7,2557,8,0.0
40,2557,8,0.0
39,2557,8,0.0
22,2557,8,0.0
35,2557,8,0.0
70,2557,8,0.0
71,2557,8,0.0
2,2557,8,0.0
60,2557,8,0.0
59,2557,8,0.0
10,2557,8,0.0
18,2557,8,0.0
8,2557,8,0.0
57,2557,8,0.0
67,2557,8,0.0
21,2557,8,0.0
51,2557,8,0.0
31,2557,8,0.0
27,2557,8,0.0
26,2557,8,0.0
29,2557,8,0.0
41,2557,8,0.0
48,2557,8,0.0
23,2557,8,0.0
6,2557,8,0.0
45,2557,8,0.0
38,2557,8,0.0
61,2557,8,0.0
54,2557,8,0.0
30,2557,8,0.0
42,2557,8,0.0
46,2557,8,0.0
64,2558,8,0.0
1,2558,8,0.0
56,2558,8,0.0
34,2558,8,0.0
49,2558,8,1.0
28,2558,8,0.0
13,2558,8,1.0
15,2558,8,0.0
11,2558,8,0.0
9,2558,8,0.0
25,2558,8,0.0
69,2558,8,0.0
72,2558,8,0.0
14,2558,8,0.0
50,2558,8,0.0
17,2558,8,0.0
58,2558,8,0.0
36,2558,8,0.0
19,2558,8,0.0
63,2558,8,0.0
47,2558,8,0.0
3,2558,8,0.0
76,2558,8,0.0
43,2558,8,1.0
77,2558,8,0.0
20,2558,8,0.0
4,2558,8,0.0
62,2558,8,0.0
16,2558,8,1.0
74,2558,8,0.0
5,2558,8,0.0
44,2558,8,0.0
65,2558,8,1.0
73,2558,8,0.0
53,2558,8,0.0
52,2558,8,1.0
66,2558,8,0.0
32,2558,8,0.0
37,2558,8,0.0
75,2558,8,0.0
24,2558,8,0.0
68,2558,8,0.0
12,2558,8,0.0
55,2558,8,0.0
33,2558,8,0.0
7,2558,8,0.0
40,2558,8,0.0
39,2558,8,0.0
22,2558,8,0.0
35,2558,8,0.0
70,2558,8,0.0
71,2558,8,0.0
2,2558,8,0.0
60,2558,8,0.0
59,2558,8,0.0
10,2558,8,0.0
18,2558,8,0.0
8,2558,8,0.0
57,2558,8,0.0
67,2558,8,0.0
21,2558,8,0.0
51,2558,8,0.0
31,2558,8,0.0
27,2558,8,0.0
26,2558,8,0.0
29,2558,8,0.0
41,2558,8,0.0
48,2558,8,0.0
23,2558,8,0.0
6,2558,8,0.0
45,2558,8,0.0
38,2558,8,0.0
61,2558,8,0.0
54,2558,8,0.0
30,2558,8,0.0
42,2558,8,0.0
46,2558,8,0.0
64,2559,8,0.0
1,2559,8,0.0
56,2559,8,0.0
34,2559,8,0.0
49,2559,8,1.0
28,2559,8,0.0
13,2559,8,1.0
15,2559,8,0.0
11,2559,8,0.0
9,2559,8,0.0
25,2559,8,0.0
69,2559,8,0.0
72,2559,8,0.0
14,2559,8,0.0
50,2559,8,0.0
17,2559,8,0.0
58,2559,8,0.0
36,2559,8,0.0
19,2559,8,0.0
63,2559,8,0.0
47,2559,8,0.0
3,2559,8,0.0
76,2559,8,0.0
43,2559,8,0.0
77,2559,8,0.0
20,2559,8,0.0
4,2559,8,0.0
62,2559,8,0.0
16,2559,8,0.0
74,2559,8,0.0
5,2559,8,0.0
44,2559,8,0.0
65,2559,8,1.0
73,2559,8,0.0
53,2559,8,0.0
52,2559,8,2.0
66,2559,8,0.0
32,2559,8,0.0
37,2559,8,0.0
75,2559,8,0.0
24,2559,8,0.0
68,2559,8,0.0
12,2559,8,0.0
55,2559,8,0.0
33,2559,8,0.0
7,2559,8,0.0
40,2559,8,0.0
39,2559,8,0.0
22,2559,8,0.0
35,2559,8,0.0
70,2559,8,0.0
71,2559,8,0.0
2,2559,8,0.0
60,2559,8,0.0
59,2559,8,0.0
10,2559,8,0.0
18,2559,8,0.0
8,2559,8,0.0
57,2559,8,0.0
67,2559,8,0.0
21,2559,8,0.0
51,2559,8,0.0
31,2559,8,0.0
27,2559,8,0.0
26,2559,8,0.0
29,2559,8,0.0
41,2559,8,0.0
48,2559,8,0.0
23,2559,8,0.0
6,2559,8,0.0
45,2559,8,0.0
38,2559,8,0.0
61,2559,8,0.0
54,2559,8,0.0
30,2559,8,0.0
42,2559,8,0.0
46,2559,8,0.0
64,2560,8,0.0
1,2560,8,0.0
56,2560,8,0.0
34,2560,8,0.0
49,2560,8,1.0
28,2560,8,0.0
13,2560,8,1.0
15,2560,8,0.0
11,2560,8,0.0
9,2560,8,0.0
25,2560,8,0.0
69,2560,8,0.0
72,2560,8,0.0
14,2560,8,0.0
50,2560,8,0.0
17,2560,8,0.0
58,2560,8,0.0
36,2560,8,0.0
19,2560,8,3.0
63,2560,8,0.0
47,2560,8,0.0
3,2560,8,0.0
76,2560,8,0.0
43,2560,8,0.0
77,2560,8,0.0
20,2560,8,0.0
4,2560,8,0.0
62,2560,8,0.0
16,2560,8,0.0
74,2560,8,0.0
5,2560,8,0.0
44,2560,8,0.0
65,2560,8,1.0
73,2560,8,0.0
53,2560,8,1.0
52,2560,8,2.0
66,2560,8,1.0
32,2560,8,0.0
37,2560,8,0.0
75,2560,8,0.0
24,2560,8,0.0
68,2560,8,0.0
12,2560,8,0.0
55,2560,8,0.0
33,2560,8,0.0
7,2560,8,1.0
40,2560,8,0.0
39,2560,8,0.0
22,2560,8,0.0
35,2560,8,0.0
70,2560,8,0.0
71,2560,8,0.0
2,2560,8,0.0
60,2560,8,0.0
59,2560,8,0.0
10,2560,8,0.0
18,2560,8,0.0
8,2560,8,0.0
57,2560,8,0.0
67,2560,8,0.0
21,2560,8,0.0
51,2560,8,0.0
31,2560,8,0.0
27,2560,8,0.0
26,2560,8,0.0
29,2560,8,0.0
41,2560,8,0.0
48,2560,8,0.0
23,2560,8,0.0
6,2560,8,0.0
45,2560,8,0.0
38,2560,8,0.0
61,2560,8,0.0
54,2560,8,1.0
30,2560,8,0.0
42,2560,8,0.0
46,2560,8,0.0
64,2561,8,0.0
1,2561,8,0.0
56,2561,8,0.0
34,2561,8,0.0
49,2561,8,1.0
28,2561,8,0.0
13,2561,8,1.0
15,2561,8,0.0
11,2561,8,0.0
9,2561,8,0.0
25,2561,8,0.0
69,2561,8,0.0
72,2561,8,0.0
14,2561,8,0.0
50,2561,8,0.0
17,2561,8,2.0
58,2561,8,0.0
36,2561,8,0.0
19,2561,8,4.0
63,2561,8,0.0
47,2561,8,0.0
3,2561,8,0.0
76,2561,8,0.0
43,2561,8,0.0
77,2561,8,0.0
20,2561,8,0.0
4,2561,8,0.0
62,2561,8,0.0
16,2561,8,0.0
74,2561,8,0.0
5,2561,8,0.0
44,2561,8,0.0
65,2561,8,1.0
73,2561,8,0.0
53,2561,8,1.0
52,2561,8,0.0
66,2561,8,0.0
32,2561,8,0.0
37,2561,8,0.0
75,2561,8,0.0
24,2561,8,0.0
68,2561,8,0.0
12,2561,8,0.0
55,2561,8,0.0
33,2561,8,0.0
7,2561,8,1.0
40,2561,8,0.0
39,2561,8,0.0
22,2561,8,0.0
35,2561,8,0.0
70,2561,8,0.0
71,2561,8,0.0
2,2561,8,0.0
60,2561,8,0.0
59,2561,8,0.0
10,2561,8,3.0
18,2561,8,0.0
8,2561,8,0.0
57,2561,8,0.0
67,2561,8,0.0
21,2561,8,0.0
51,2561,8,0.0
31,2561,8,0.0
27,2561,8,0.0
26,2561,8,0.0
29,2561,8,0.0
41,2561,8,0.0
48,2561,8,0.0
23,2561,8,0.0
6,2561,8,0.0
45,2561,8,0.0
38,2561,8,0.0
61,2561,8,0.0
54,2561,8,2.0
30,2561,8,0.0
42,2561,8,0.0
46,2561,8,0.0
64,2562,8,0.0
1,2562,8,0.0
56,2562,8,0.0
34,2562,8,0.0
49,2562,8,1.0
28,2562,8,0.0
13,2562,8,1.0
15,2562,8,0.0
11,2562,8,1.0
9,2562,8,0.0
25,2562,8,0.0
69,2562,8,0.0
72,2562,8,0.0
14,2562,8,0.0
50,2562,8,0.0
17,2562,8,0.0
58,2562,8,0.0
36,2562,8,0.0
19,2562,8,1.0
63,2562,8,0.0
47,2562,8,0.0
3,2562,8,0.0
76,2562,8,0.0
43,2562,8,0.0
77,2562,8,0.0
20,2562,8,0.0
4,2562,8,0.0
62,2562,8,0.0
16,2562,8,0.0
74,2562,8,0.0
5,2562,8,0.0
44,2562,8,0.0
65,2562,8,1.0
73,2562,8,0.0
53,2562,8,0.0
52,2562,8,0.0
66,2562,8,0.0
32,2562,8,0.0
37,2562,8,0.0
75,2562,8,0.0
24,2562,8,0.0
68,2562,8,0.0
12,2562,8,0.0
55,2562,8,0.0
33,2562,8,1.0
7,2562,8,0.0
40,2562,8,0.0
39,2562,8,0.0
22,2562,8,0.0
35,2562,8,0.0
70,2562,8,0.0
71,2562,8,0.0
2,2562,8,0.0
60,2562,8,0.0
59,2562,8,0.0
10,2562,8,1.0
18,2562,8,0.0
8,2562,8,0.0
57,2562,8,0.0
67,2562,8,0.0
21,2562,8,0.0
51,2562,8,0.0
31,2562,8,0.0
27,2562,8,0.0
26,2562,8,0.0
29,2562,8,0.0
41,2562,8,0.0
48,2562,8,0.0
23,2562,8,0.0
6,2562,8,0.0
45,2562,8,0.0
38,2562,8,0.0
61,2562,8,0.0
54,2562,8,2.0
30,2562,8,0.0
42,2562,8,0.0
46,2562,8,0.0
64,2563,8,0.0
1,2563,8,0.0
56,2563,8,0.0
34,2563,8,0.0
49,2563,8,1.0
28,2563,8,0.0
13,2563,8,0.0
15,2563,8,0.0
11,2563,8,1.0
9,2563,8,0.0
25,2563,8,0.0
69,2563,8,0.0
72,2563,8,0.0
14,2563,8,0.0
50,2563,8,0.0
17,2563,8,0.0
58,2563,8,0.0
36,2563,8,0.0
19,2563,8,1.0
63,2563,8,1.0
47,2563,8,0.0
3,2563,8,0.0
76,2563,8,0.0
43,2563,8,0.0
77,2563,8,0.0
20,2563,8,0.0
4,2563,8,0.0
62,2563,8,0.0
16,2563,8,0.0
74,2563,8,0.0
5,2563,8,0.0
44,2563,8,0.0
65,2563,8,1.0
73,2563,8,0.0
53,2563,8,0.0
52,2563,8,0.0
66,2563,8,0.0
32,2563,8,0.0
37,2563,8,0.0
75,2563,8,0.0
24,2563,8,0.0
68,2563,8,0.0
12,2563,8,0.0
55,2563,8,0.0
33,2563,8,1.0
7,2563,8,0.0
40,2563,8,0.0
39,2563,8,0.0
22,2563,8,2.0
35,2563,8,0.0
70,2563,8,1.0
71,2563,8,0.0
2,2563,8,0.0
60,2563,8,0.0
59,2563,8,0.0
10,2563,8,1.0
18,2563,8,0.0
8,2563,8,0.0
57,2563,8,0.0
67,2563,8,0.0
21,2563,8,0.0
51,2563,8,0.0
31,2563,8,0.0
27,2563,8,0.0
26,2563,8,0.0
29,2563,8,0.0
41,2563,8,0.0
48,2563,8,1.0
23,2563,8,0.0
6,2563,8,0.0
45,2563,8,0.0
38,2563,8,0.0
61,2563,8,0.0
54,2563,8,2.0
30,2563,8,0.0
42,2563,8,0.0
46,2563,8,0.0
64,2564,8,0.0
1,2564,8,0.0
56,2564,8,0.0
34,2564,8,0.0
49,2564,8,1.0
28,2564,8,0.0
13,2564,8,0.0
15,2564,8,0.0
11,2564,8,0.0
9,2564,8,0.0
25,2564,8,0.0
69,2564,8,0.0
72,2564,8,0.0
14,2564,8,0.0
50,2564,8,0.0
17,2564,8,0.0
58,2564,8,0.0
36,2564,8,0.0
19,2564,8,0.0
63,2564,8,0.0
47,2564,8,0.0
3,2564,8,0.0
76,2564,8,0.0
43,2564,8,0.0
77,2564,8,0.0
20,2564,8,0.0
4,2564,8,0.0
62,2564,8,0.0
16,2564,8,0.0
74,2564,8,0.0
5,2564,8,0.0
44,2564,8,0.0
65,2564,8,1.0
73,2564,8,0.0
53,2564,8,0.0
52,2564,8,0.0
66,2564,8,0.0
32,2564,8,0.0
37,2564,8,0.0
75,2564,8,0.0
24,2564,8,0.0
68,2564,8,0.0
12,2564,8,0.0
55,2564,8,0.0
33,2564,8,1.0
7,2564,8,0.0
40,2564,8,0.0
39,2564,8,0.0
22,2564,8,0.0
35,2564,8,0.0
70,2564,8,0.0
71,2564,8,0.0
2,2564,8,0.0
60,2564,8,0.0
59,2564,8,0.0
10,2564,8,1.0
18,2564,8,0.0
8,2564,8,0.0
57,2564,8,0.0
67,2564,8,0.0
21,2564,8,0.0
51,2564,8,0.0
31,2564,8,0.0
27,2564,8,0.0
26,2564,8,0.0
29,2564,8,0.0
41,2564,8,0.0
48,2564,8,1.0
23,2564,8,0.0
6,2564,8,0.0
45,2564,8,0.0
38,2564,8,0.0
61,2564,8,0.0
54,2564,8,0.0
30,2564,8,0.0
42,2564,8,0.0
46,2564,8,0.0
64,2565,8,0.0
1,2565,8,0.0
56,2565,8,0.0
34,2565,8,0.0
49,2565,8,0.0
28,2565,8,0.0
13,2565,8,0.0
15,2565,8,0.0
11,2565,8,0.0
9,2565,8,0.0
25,2565,8,0.0
69,2565,8,0.0
72,2565,8,0.0
14,2565,8,0.0
50,2565,8,0.0
17,2565,8,0.0
58,2565,8,0.0
36,2565,8,0.0
19,2565,8,0.0
63,2565,8,0.0
47,2565,8,0.0
3,2565,8,0.0
76,2565,8,0.0
43,2565,8,0.0
77,2565,8,0.0
20,2565,8,0.0
4,2565,8,0.0
62,2565,8,0.0
16,2565,8,0.0
74,2565,8,0.0
5,2565,8,0.0
44,2565,8,0.0
65,2565,8,0.0
73,2565,8,0.0
53,2565,8,0.0
52,2565,8,0.0
66,2565,8,0.0
32,2565,8,0.0
37,2565,8,0.0
75,2565,8,0.0
24,2565,8,0.0
68,2565,8,0.0
12,2565,8,0.0
55,2565,8,0.0
33,2565,8,0.0
7,2565,8,0.0
40,2565,8,0.0
39,2565,8,0.0
22,2565,8,0.0
35,2565,8,0.0
70,2565,8,0.0
71,2565,8,0.0
2,2565,8,0.0
60,2565,8,0.0
59,2565,8,0.0
10,2565,8,0.0
18,2565,8,0.0
8,2565,8,0.0
57,2565,8,0.0
67,2565,8,0.0
21,2565,8,0.0
51,2565,8,0.0
31,2565,8,0.0
27,2565,8,0.0
26,2565,8,0.0
29,2565,8,0.0
41,2565,8,0.0
48,2565,8,0.0
23,2565,8,0.0
6,2565,8,0.0
45,2565,8,0.0
38,2565,8,0.0
61,2565,8,0.0
54,2565,8,0.0
30,2565,8,0.0
42,2565,8,0.0
46,2565,8,0.0
64,2566,8,0.0
1,2566,8,0.0
56,2566,8,0.0
34,2566,8,0.0
49,2566,8,1.0
28,2566,8,0.0
13,2566,8,1.0
15,2566,8,0.0
11,2566,8,0.0
9,2566,8,0.0
25,2566,8,0.0
69,2566,8,0.0
72,2566,8,0.0
14,2566,8,0.0
50,2566,8,0.0
17,2566,8,0.0
58,2566,8,0.0
36,2566,8,0.0
19,2566,8,0.0
63,2566,8,1.0
47,2566,8,0.0
3,2566,8,0.0
76,2566,8,0.0
43,2566,8,0.0
77,2566,8,0.0
20,2566,8,0.0
4,2566,8,0.0
62,2566,8,0.0
16,2566,8,0.0
74,2566,8,0.0
5,2566,8,0.0
44,2566,8,0.0
65,2566,8,0.0
73,2566,8,0.0
53,2566,8,0.0
52,2566,8,0.0
66,2566,8,0.0
32,2566,8,0.0
37,2566,8,0.0
75,2566,8,0.0
24,2566,8,0.0
68,2566,8,0.0
12,2566,8,0.0
55,2566,8,0.0
33,2566,8,0.0
7,2566,8,0.0
40,2566,8,0.0
39,2566,8,0.0
22,2566,8,0.0
35,2566,8,0.0
70,2566,8,0.0
71,2566,8,0.0
2,2566,8,1.0
60,2566,8,0.0
59,2566,8,0.0
10,2566,8,0.0
18,2566,8,0.0
8,2566,8,0.0
57,2566,8,0.0
67,2566,8,0.0
21,2566,8,0.0
51,2566,8,0.0
31,2566,8,0.0
27,2566,8,0.0
26,2566,8,0.0
29,2566,8,0.0
41,2566,8,0.0
48,2566,8,0.0
23,2566,8,0.0
6,2566,8,0.0
45,2566,8,0.0
38,2566,8,0.0
61,2566,8,0.0
54,2566,8,0.0
30,2566,8,0.0
42,2566,8,0.0
46,2566,8,0.0
64,2567,8,0.0
1,2567,8,0.0
56,2567,8,0.0
34,2567,8,0.0
49,2567,8,1.0
28,2567,8,0.0
13,2567,8,1.0
15,2567,8,0.0
11,2567,8,0.0
9,2567,8,0.0
25,2567,8,0.0
69,2567,8,0.0
72,2567,8,0.0
14,2567,8,0.0
50,2567,8,0.0
17,2567,8,0.0
58,2567,8,0.0
36,2567,8,0.0
19,2567,8,0.0
63,2567,8,0.0
47,2567,8,0.0
3,2567,8,0.0
76,2567,8,0.0
43,2567,8,0.0
77,2567,8,0.0
20,2567,8,0.0
4,2567,8,0.0
62,2567,8,0.0
16,2567,8,0.0
74,2567,8,0.0
5,2567,8,0.0
44,2567,8,0.0
65,2567,8,0.0
73,2567,8,0.0
53,2567,8,0.0
52,2567,8,0.0
66,2567,8,0.0
32,2567,8,0.0
37,2567,8,0.0
75,2567,8,0.0
24,2567,8,0.0
68,2567,8,0.0
12,2567,8,0.0
55,2567,8,0.0
33,2567,8,0.0
7,2567,8,0.0
40,2567,8,0.0
39,2567,8,0.0
22,2567,8,0.0
35,2567,8,0.0
70,2567,8,0.0
71,2567,8,0.0
2,2567,8,0.0
60,2567,8,0.0
59,2567,8,0.0
10,2567,8,0.0
18,2567,8,0.0
8,2567,8,0.0
57,2567,8,0.0
67,2567,8,0.0
21,2567,8,0.0
51,2567,8,0.0
31,2567,8,0.0
27,2567,8,0.0
26,2567,8,0.0
29,2567,8,0.0
41,2567,8,0.0
48,2567,8,0.0
23,2567,8,0.0
6,2567,8,0.0
45,2567,8,0.0
38,2567,8,0.0
61,2567,8,0.0
54,2567,8,1.0
30,2567,8,0.0
42,2567,8,0.0
46,2567,8,0.0
64,2568,8,0.0
1,2568,8,0.0
56,2568,8,0.0
34,2568,8,0.0
49,2568,8,0.0
28,2568,8,0.0
13,2568,8,0.0
15,2568,8,0.0
11,2568,8,1.0
9,2568,8,0.0
25,2568,8,0.0
69,2568,8,0.0
72,2568,8,0.0
14,2568,8,0.0
50,2568,8,0.0
17,2568,8,0.0
58,2568,8,0.0
36,2568,8,0.0
19,2568,8,0.0
63,2568,8,0.0
47,2568,8,0.0
3,2568,8,0.0
76,2568,8,0.0
43,2568,8,0.0
77,2568,8,0.0
20,2568,8,0.0
4,2568,8,0.0
62,2568,8,0.0
16,2568,8,0.0
74,2568,8,0.0
5,2568,8,0.0
44,2568,8,0.0
65,2568,8,0.0
73,2568,8,0.0
53,2568,8,0.0
52,2568,8,0.0
66,2568,8,0.0
32,2568,8,0.0
37,2568,8,0.0
75,2568,8,0.0
24,2568,8,0.0
68,2568,8,0.0
12,2568,8,0.0
55,2568,8,0.0
33,2568,8,0.0
7,2568,8,0.0
40,2568,8,0.0
39,2568,8,0.0
22,2568,8,0.0
35,2568,8,0.0
70,2568,8,0.0
71,2568,8,0.0
2,2568,8,0.0
60,2568,8,0.0
59,2568,8,0.0
10,2568,8,0.0
18,2568,8,0.0
8,2568,8,0.0
57,2568,8,0.0
67,2568,8,0.0
21,2568,8,0.0
51,2568,8,0.0
31,2568,8,0.0
27,2568,8,0.0
26,2568,8,0.0
29,2568,8,0.0
41,2568,8,0.0
48,2568,8,0.0
23,2568,8,0.0
6,2568,8,0.0
45,2568,8,0.0
38,2568,8,0.0
61,2568,8,0.0
54,2568,8,1.0
30,2568,8,0.0
42,2568,8,0.0
46,2568,8,0.0
64,2556,9,0.0
1,2556,9,0.0
56,2556,9,1.0
34,2556,9,0.0
49,2556,9,0.0
28,2556,9,0.0
13,2556,9,0.0
15,2556,9,0.0
11,2556,9,0.0
9,2556,9,0.0
25,2556,9,0.0
69,2556,9,0.0
72,2556,9,0.0
14,2556,9,0.0
50,2556,9,0.0
17,2556,9,0.0
58,2556,9,0.0
36,2556,9,0.0
19,2556,9,0.0
63,2556,9,0.0
47,2556,9,0.0
3,2556,9,0.0
76,2556,9,0.0
43,2556,9,0.0
77,2556,9,0.0
20,2556,9,0.0
4,2556,9,0.0
62,2556,9,0.0
16,2556,9,0.0
74,2556,9,0.0
5,2556,9,0.0
44,2556,9,0.0
65,2556,9,0.0
73,2556,9,0.0
53,2556,9,0.0
52,2556,9,0.0
66,2556,9,0.0
32,2556,9,0.0
37,2556,9,0.0
75,2556,9,0.0
24,2556,9,0.0
68,2556,9,0.0
12,2556,9,0.0
55,2556,9,0.0
33,2556,9,0.0
7,2556,9,0.0
40,2556,9,0.0
39,2556,9,0.0
22,2556,9,0.0
35,2556,9,0.0
70,2556,9,0.0
71,2556,9,0.0
2,2556,9,0.0
60,2556,9,0.0
59,2556,9,0.0
10,2556,9,1.0
18,2556,9,0.0
8,2556,9,0.0
57,2556,9,0.0
67,2556,9,0.0
21,2556,9,0.0
51,2556,9,0.0
31,2556,9,0.0
27,2556,9,0.0
26,2556,9,0.0
29,2556,9,0.0
41,2556,9,0.0
48,2556,9,0.0
23,2556,9,0.0
6,2556,9,0.0
45,2556,9,0.0
38,2556,9,0.0
61,2556,9,0.0
54,2556,9,0.0
30,2556,9,0.0
42,2556,9,0.0
46,2556,9,0.0
64,2557,9,0.0
1,2557,9,0.0
56,2557,9,1.0
34,2557,9,0.0
49,2557,9,1.0
28,2557,9,0.0
13,2557,9,0.0
15,2557,9,0.0
11,2557,9,0.0
9,2557,9,0.0
25,2557,9,0.0
69,2557,9,0.0
72,2557,9,0.0
14,2557,9,1.0
50,2557,9,0.0
17,2557,9,0.0
58,2557,9,0.0
36,2557,9,0.0
19,2557,9,0.0
63,2557,9,0.0
47,2557,9,0.0
3,2557,9,0.0
76,2557,9,0.0
43,2557,9,0.0
77,2557,9,0.0
20,2557,9,0.0
4,2557,9,0.0
62,2557,9,0.0
16,2557,9,0.0
74,2557,9,0.0
5,2557,9,0.0
44,2557,9,0.0
65,2557,9,0.0
73,2557,9,0.0
53,2557,9,0.0
52,2557,9,1.0
66,2557,9,0.0
32,2557,9,0.0
37,2557,9,0.0
75,2557,9,0.0
24,2557,9,0.0
68,2557,9,0.0
12,2557,9,0.0
55,2557,9,0.0
33,2557,9,0.0
7,2557,9,0.0
40,2557,9,0.0
39,2557,9,0.0
22,2557,9,0.0
35,2557,9,0.0
70,2557,9,0.0
71,2557,9,0.0
2,2557,9,0.0
60,2557,9,0.0
59,2557,9,0.0
10,2557,9,0.0
18,2557,9,0.0
8,2557,9,0.0
57,2557,9,0.0
67,2557,9,0.0
21,2557,9,0.0
51,2557,9,0.0
31,2557,9,0.0
27,2557,9,0.0
26,2557,9,0.0
29,2557,9,0.0
41,2557,9,0.0
48,2557,9,0.0
23,2557,9,0.0
6,2557,9,0.0
45,2557,9,1.0
38,2557,9,0.0
61,2557,9,0.0
54,2557,9,0.0
30,2557,9,0.0
42,2557,9,0.0
46,2557,9,0.0
64,2558,9,0.0
1,2558,9,0.0
56,2558,9,0.0
34,2558,9,0.0
49,2558,9,0.0
28,2558,9,0.0
13,2558,9,0.0
15,2558,9,0.0
11,2558,9,0.0
9,2558,9,0.0
25,2558,9,0.0
69,2558,9,0.0
72,2558,9,0.0
14,2558,9,0.0
50,2558,9,0.0
17,2558,9,1.0
58,2558,9,0.0
36,2558,9,0.0
19,2558,9,0.0
63,2558,9,1.0
47,2558,9,0.0
3,2558,9,0.0
76,2558,9,0.0
43,2558,9,0.0
77,2558,9,0.0
20,2558,9,0.0
4,2558,9,0.0
62,2558,9,0.0
16,2558,9,0.0
74,2558,9,0.0
5,2558,9,0.0
44,2558,9,0.0
65,2558,9,0.0
73,2558,9,0.0
53,2558,9,0.0
52,2558,9,0.0
66,2558,9,0.0
32,2558,9,0.0
37,2558,9,0.0
75,2558,9,0.0
24,2558,9,0.0
68,2558,9,0.0
12,2558,9,0.0
55,2558,9,0.0
33,2558,9,0.0
7,2558,9,0.0
40,2558,9,0.0
39,2558,9,0.0
22,2558,9,0.0
35,2558,9,0.0
70,2558,9,0.0
71,2558,9,0.0
2,2558,9,0.0
60,2558,9,0.0
59,2558,9,0.0
10,2558,9,0.0
18,2558,9,0.0
8,2558,9,0.0
57,2558,9,0.0
67,2558,9,0.0
21,2558,9,0.0
51,2558,9,0.0
31,2558,9,0.0
27,2558,9,0.0
26,2558,9,0.0
29,2558,9,0.0
41,2558,9,0.0
48,2558,9,0.0
23,2558,9,0.0
6,2558,9,0.0
45,2558,9,0.0
38,2558,9,0.0
61,2558,9,0.0
54,2558,9,0.0
30,2558,9,0.0
42,2558,9,0.0
46,2558,9,0.0
64,2559,9,0.0
1,2559,9,0.0
56,2559,9,0.0
34,2559,9,0.0
49,2559,9,0.0
28,2559,9,0.0
13,2559,9,0.0
15,2559,9,0.0
11,2559,9,0.0
9,2559,9,0.0
25,2559,9,0.0
69,2559,9,0.0
72,2559,9,0.0
14,2559,9,1.0
50,2559,9,0.0
17,2559,9,0.0
58,2559,9,0.0
36,2559,9,0.0
19,2559,9,0.0
63,2559,9,0.0
47,2559,9,0.0
3,2559,9,0.0
76,2559,9,0.0
43,2559,9,0.0
77,2559,9,0.0
20,2559,9,0.0
4,2559,9,0.0
62,2559,9,0.0
16,2559,9,0.0
74,2559,9,0.0
5,2559,9,0.0
44,2559,9,0.0
65,2559,9,0.0
73,2559,9,0.0
53,2559,9,0.0
52,2559,9,0.0
66,2559,9,0.0
32,2559,9,0.0
37,2559,9,0.0
75,2559,9,0.0
24,2559,9,0.0
68,2559,9,0.0
12,2559,9,0.0
55,2559,9,0.0
33,2559,9,0.0
7,2559,9,0.0
40,2559,9,0.0
39,2559,9,0.0
22,2559,9,0.0
35,2559,9,0.0
70,2559,9,0.0
71,2559,9,0.0
2,2559,9,0.0
60,2559,9,0.0
59,2559,9,0.0
10,2559,9,0.0
18,2559,9,0.0
8,2559,9,0.0
57,2559,9,0.0
67,2559,9,0.0
21,2559,9,0.0
51,2559,9,0.0
31,2559,9,0.0
27,2559,9,0.0
26,2559,9,0.0
29,2559,9,0.0
41,2559,9,0.0
48,2559,9,0.0
23,2559,9,0.0
6,2559,9,0.0
45,2559,9,0.0
38,2559,9,0.0
61,2559,9,0.0
54,2559,9,0.0
30,2559,9,0.0
42,2559,9,0.0
46,2559,9,0.0
64,2560,9,0.0
1,2560,9,0.0
56,2560,9,0.0
34,2560,9,0.0
49,2560,9,0.0
28,2560,9,0.0
13,2560,9,0.0
15,2560,9,0.0
11,2560,9,0.0
9,2560,9,0.0
25,2560,9,0.0
69,2560,9,0.0
72,2560,9,0.0
14,2560,9,0.0
50,2560,9,0.0
17,2560,9,0.0
58,2560,9,0.0
36,2560,9,0.0
19,2560,9,0.0
63,2560,9,1.0
47,2560,9,0.0
3,2560,9,0.0
76,2560,9,0.0
43,2560,9,0.0
77,2560,9,0.0
20,2560,9,0.0
4,2560,9,0.0
62,2560,9,0.0
16,2560,9,0.0
74,2560,9,0.0
5,2560,9,0.0
44,2560,9,0.0
65,2560,9,0.0
73,2560,9,0.0
53,2560,9,0.0
52,2560,9,0.0
66,2560,9,0.0
32,2560,9,0.0
37,2560,9,0.0
75,2560,9,0.0
24,2560,9,0.0
68,2560,9,0.0
12,2560,9,0.0
55,2560,9,3.0
33,2560,9,0.0
7,2560,9,0.0
40,2560,9,0.0
39,2560,9,0.0
22,2560,9,1.0
35,2560,9,0.0
70,2560,9,0.0
71,2560,9,0.0
2,2560,9,0.0
60,2560,9,0.0
59,2560,9,0.0
10,2560,9,0.0
18,2560,9,0.0
8,2560,9,0.0
57,2560,9,0.0
67,2560,9,0.0
21,2560,9,0.0
51,2560,9,0.0
31,2560,9,0.0
27,2560,9,0.0
26,2560,9,0.0
29,2560,9,0.0
41,2560,9,0.0
48,2560,9,0.0
23,2560,9,0.0
6,2560,9,0.0
45,2560,9,0.0
38,2560,9,0.0
61,2560,9,0.0
54,2560,9,0.0
30,2560,9,0.0
42,2560,9,0.0
46,2560,9,0.0
64,2561,9,0.0
1,2561,9,0.0
56,2561,9,3.0
34,2561,9,0.0
49,2561,9,0.0
28,2561,9,0.0
13,2561,9,0.0
15,2561,9,1.0
11,2561,9,0.0
9,2561,9,0.0
25,2561,9,0.0
69,2561,9,0.0
72,2561,9,0.0
14,2561,9,0.0
50,2561,9,0.0
17,2561,9,0.0
58,2561,9,0.0
36,2561,9,0.0
19,2561,9,0.0
63,2561,9,3.0
47,2561,9,0.0
3,2561,9,0.0
76,2561,9,0.0
43,2561,9,0.0
77,2561,9,0.0
20,2561,9,0.0
4,2561,9,0.0
62,2561,9,0.0
16,2561,9,0.0
74,2561,9,0.0
5,2561,9,1.0
44,2561,9,0.0
65,2561,9,0.0
73,2561,9,0.0
53,2561,9,0.0
52,2561,9,0.0
66,2561,9,0.0
32,2561,9,0.0
37,2561,9,0.0
75,2561,9,0.0
24,2561,9,0.0
68,2561,9,0.0
12,2561,9,0.0
55,2561,9,1.0
33,2561,9,0.0
7,2561,9,0.0
40,2561,9,0.0
39,2561,9,0.0
22,2561,9,2.0
35,2561,9,0.0
70,2561,9,0.0
71,2561,9,0.0
2,2561,9,1.0
60,2561,9,0.0
59,2561,9,0.0
10,2561,9,0.0
18,2561,9,0.0
8,2561,9,0.0
57,2561,9,0.0
67,2561,9,1.0
21,2561,9,0.0
51,2561,9,0.0
31,2561,9,0.0
27,2561,9,0.0
26,2561,9,0.0
29,2561,9,0.0
41,2561,9,0.0
48,2561,9,0.0
23,2561,9,0.0
6,2561,9,0.0
45,2561,9,0.0
38,2561,9,0.0
61,2561,9,1.0
54,2561,9,0.0
30,2561,9,0.0
42,2561,9,0.0
46,2561,9,0.0
64,2562,9,0.0
1,2562,9,0.0
56,2562,9,2.0
34,2562,9,0.0
49,2562,9,0.0
28,2562,9,0.0
13,2562,9,0.0
15,2562,9,0.0
11,2562,9,0.0
9,2562,9,0.0
25,2562,9,0.0
69,2562,9,0.0
72,2562,9,0.0
14,2562,9,0.0
50,2562,9,0.0
17,2562,9,0.0
58,2562,9,0.0
36,2562,9,0.0
19,2562,9,0.0
63,2562,9,3.0
47,2562,9,0.0
3,2562,9,0.0
76,2562,9,0.0
43,2562,9,0.0
77,2562,9,0.0
20,2562,9,0.0
4,2562,9,0.0
62,2562,9,2.0
16,2562,9,0.0
74,2562,9,0.0
5,2562,9,0.0
44,2562,9,0.0
65,2562,9,0.0
73,2562,9,0.0
53,2562,9,0.0
52,2562,9,0.0
66,2562,9,0.0
32,2562,9,0.0
37,2562,9,0.0
75,2562,9,0.0
24,2562,9,0.0
68,2562,9,0.0
12,2562,9,0.0
55,2562,9,0.0
33,2562,9,0.0
7,2562,9,0.0
40,2562,9,0.0
39,2562,9,0.0
22,2562,9,2.0
35,2562,9,0.0
70,2562,9,1.0
71,2562,9,0.0
2,2562,9,1.0
60,2562,9,0.0
59,2562,9,0.0
10,2562,9,0.0
18,2562,9,0.0
8,2562,9,0.0
57,2562,9,0.0
67,2562,9,0.0
21,2562,9,0.0
51,2562,9,0.0
31,2562,9,0.0
27,2562,9,0.0
26,2562,9,0.0
29,2562,9,0.0
41,2562,9,0.0
48,2562,9,0.0
23,2562,9,0.0
6,2562,9,0.0
45,2562,9,0.0
38,2562,9,0.0
61,2562,9,0.0
54,2562,9,0.0
30,2562,9,0.0
42,2562,9,0.0
46,2562,9,0.0
64,2563,9,0.0
1,2563,9,0.0
56,2563,9,1.0
34,2563,9,0.0
49,2563,9,0.0
28,2563,9,0.0
13,2563,9,0.0
15,2563,9,0.0
11,2563,9,0.0
9,2563,9,0.0
25,2563,9,0.0
69,2563,9,0.0
72,2563,9,0.0
14,2563,9,0.0
50,2563,9,0.0
17,2563,9,0.0
58,2563,9,0.0
36,2563,9,0.0
19,2563,9,0.0
63,2563,9,0.0
47,2563,9,0.0
3,2563,9,0.0
76,2563,9,0.0
43,2563,9,0.0
77,2563,9,0.0
20,2563,9,0.0
4,2563,9,0.0
62,2563,9,2.0
16,2563,9,0.0
74,2563,9,0.0
5,2563,9,0.0
44,2563,9,0.0
65,2563,9,0.0
73,2563,9,0.0
53,2563,9,0.0
52,2563,9,0.0
66,2563,9,0.0
32,2563,9,0.0
37,2563,9,0.0
75,2563,9,0.0
24,2563,9,0.0
68,2563,9,0.0
12,2563,9,1.0
55,2563,9,0.0
33,2563,9,0.0
7,2563,9,0.0
40,2563,9,0.0
39,2563,9,0.0
22,2563,9,0.0
35,2563,9,0.0
70,2563,9,0.0
71,2563,9,0.0
2,2563,9,1.0
60,2563,9,0.0
59,2563,9,0.0
10,2563,9,0.0
18,2563,9,0.0
8,2563,9,0.0
57,2563,9,0.0
67,2563,9,0.0
21,2563,9,0.0
51,2563,9,0.0
31,2563,9,0.0
27,2563,9,0.0
26,2563,9,0.0
29,2563,9,0.0
41,2563,9,0.0
48,2563,9,0.0
23,2563,9,0.0
6,2563,9,0.0
45,2563,9,0.0
38,2563,9,0.0
61,2563,9,0.0
54,2563,9,0.0
30,2563,9,0.0
42,2563,9,0.0
46,2563,9,0.0
64,2564,9,0.0
1,2564,9,0.0
56,2564,9,0.0
34,2564,9,0.0
49,2564,9,0.0
28,2564,9,0.0
13,2564,9,1.0
15,2564,9,0.0
11,2564,9,0.0
9,2564,9,0.0
25,2564,9,0.0
69,2564,9,0.0
72,2564,9,0.0
14,2564,9,0.0
50,2564,9,0.0
17,2564,9,0.0
58,2564,9,0.0
36,2564,9,0.0
19,2564,9,0.0
63,2564,9,1.0
47,2564,9,0.0
3,2564,9,0.0
76,2564,9,0.0
43,2564,9,0.0
77,2564,9,0.0
20,2564,9,0.0
4,2564,9,0.0
62,2564,9,1.0
16,2564,9,0.0
74,2564,9,0.0
5,2564,9,0.0
44,2564,9,0.0
65,2564,9,0.0
73,2564,9,0.0
53,2564,9,0.0
52,2564,9,0.0
66,2564,9,0.0
32,2564,9,0.0
37,2564,9,0.0
75,2564,9,0.0
24,2564,9,0.0
68,2564,9,0.0
12,2564,9,0.0
55,2564,9,0.0
33,2564,9,3.0
7,2564,9,0.0
40,2564,9,0.0
39,2564,9,0.0
22,2564,9,0.0
35,2564,9,0.0
70,2564,9,1.0
71,2564,9,0.0
2,2564,9,0.0
60,2564,9,0.0
59,2564,9,0.0
10,2564,9,0.0
18,2564,9,0.0
8,2564,9,0.0
57,2564,9,0.0
67,2564,9,0.0
21,2564,9,0.0
51,2564,9,0.0
31,2564,9,0.0
27,2564,9,0.0
26,2564,9,0.0
29,2564,9,0.0
41,2564,9,0.0
48,2564,9,0.0
23,2564,9,0.0
6,2564,9,0.0
45,2564,9,0.0
38,2564,9,0.0
61,2564,9,0.0
54,2564,9,0.0
30,2564,9,0.0
42,2564,9,0.0
46,2564,9,0.0
64,2565,9,0.0
1,2565,9,0.0
56,2565,9,1.0
34,2565,9,0.0
49,2565,9,0.0
28,2565,9,0.0
13,2565,9,0.0
15,2565,9,0.0
11,2565,9,0.0
9,2565,9,0.0
25,2565,9,0.0
69,2565,9,0.0
72,2565,9,0.0
14,2565,9,0.0
50,2565,9,0.0
17,2565,9,0.0
58,2565,9,0.0
36,2565,9,0.0
19,2565,9,0.0
63,2565,9,0.0
47,2565,9,0.0
3,2565,9,0.0
76,2565,9,0.0
43,2565,9,0.0
77,2565,9,0.0
20,2565,9,0.0
4,2565,9,0.0
62,2565,9,0.0
16,2565,9,0.0
74,2565,9,0.0
5,2565,9,0.0
44,2565,9,0.0
65,2565,9,0.0
73,2565,9,0.0
53,2565,9,0.0
52,2565,9,0.0
66,2565,9,0.0
32,2565,9,0.0
37,2565,9,0.0
75,2565,9,0.0
24,2565,9,0.0
68,2565,9,0.0
12,2565,9,0.0
55,2565,9,0.0
33,2565,9,0.0
7,2565,9,0.0
40,2565,9,0.0
39,2565,9,0.0
22,2565,9,1.0
35,2565,9,0.0
70,2565,9,0.0
71,2565,9,0.0
2,2565,9,0.0
60,2565,9,0.0
59,2565,9,0.0
10,2565,9,0.0
18,2565,9,0.0
8,2565,9,0.0
57,2565,9,0.0
67,2565,9,0.0
21,2565,9,0.0
51,2565,9,0.0
31,2565,9,0.0
27,2565,9,0.0
26,2565,9,0.0
29,2565,9,0.0
41,2565,9,0.0
48,2565,9,0.0
23,2565,9,0.0
6,2565,9,0.0
45,2565,9,0.0
38,2565,9,0.0
61,2565,9,0.0
54,2565,9,0.0
30,2565,9,0.0
42,2565,9,0.0
46,2565,9,0.0
64,2566,9,0.0
1,2566,9,0.0
56,2566,9,1.0
34,2566,9,0.0
49,2566,9,0.0
28,2566,9,0.0
13,2566,9,0.0
15,2566,9,0.0
11,2566,9,0.0
9,2566,9,0.0
25,2566,9,0.0
69,2566,9,0.0
72,2566,9,0.0
14,2566,9,0.0
50,2566,9,0.0
17,2566,9,0.0
58,2566,9,0.0
36,2566,9,0.0
19,2566,9,0.0
63,2566,9,0.0
47,2566,9,0.0
3,2566,9,0.0
76,2566,9,0.0
43,2566,9,0.0
77,2566,9,0.0
20,2566,9,0.0
4,2566,9,0.0
62,2566,9,0.0
16,2566,9,0.0
74,2566,9,0.0
5,2566,9,0.0
44,2566,9,0.0
65,2566,9,0.0
73,2566,9,0.0
53,2566,9,0.0
52,2566,9,0.0
66,2566,9,0.0
32,2566,9,0.0
37,2566,9,0.0
75,2566,9,0.0
24,2566,9,0.0
68,2566,9,0.0
12,2566,9,0.0
55,2566,9,0.0
33,2566,9,0.0
7,2566,9,0.0
40,2566,9,0.0
39,2566,9,0.0
22,2566,9,0.0
35,2566,9,0.0
70,2566,9,0.0
71,2566,9,0.0
2,2566,9,0.0
60,2566,9,0.0
59,2566,9,0.0
10,2566,9,0.0
18,2566,9,0.0
8,2566,9,0.0
57,2566,9,0.0
67,2566,9,0.0
21,2566,9,0.0
51,2566,9,0.0
31,2566,9,0.0
27,2566,9,0.0
26,2566,9,0.0
29,2566,9,0.0
41,2566,9,0.0
48,2566,9,0.0
23,2566,9,0.0
6,2566,9,0.0
45,2566,9,0.0
38,2566,9,0.0
61,2566,9,0.0
54,2566,9,0.0
30,2566,9,0.0
42,2566,9,0.0
46,2566,9,0.0
64,2567,9,0.0
1,2567,9,0.0
56,2567,9,0.0
34,2567,9,0.0
49,2567,9,0.0
28,2567,9,0.0
13,2567,9,0.0
15,2567,9,0.0
11,2567,9,0.0
9,2567,9,0.0
25,2567,9,0.0
69,2567,9,0.0
72,2567,9,0.0
14,2567,9,0.0
50,2567,9,0.0
17,2567,9,0.0
58,2567,9,0.0
36,2567,9,0.0
19,2567,9,0.0
63,2567,9,0.0
47,2567,9,1.0
3,2567,9,0.0
76,2567,9,0.0
43,2567,9,0.0
77,2567,9,0.0
20,2567,9,1.0
4,2567,9,1.0
62,2567,9,0.0
16,2567,9,0.0
74,2567,9,0.0
5,2567,9,1.0
44,2567,9,0.0
65,2567,9,0.0
73,2567,9,0.0
53,2567,9,0.0
52,2567,9,0.0
66,2567,9,0.0
32,2567,9,0.0
37,2567,9,0.0
75,2567,9,0.0
24,2567,9,0.0
68,2567,9,0.0
12,2567,9,0.0
55,2567,9,1.0
33,2567,9,0.0
7,2567,9,0.0
40,2567,9,0.0
39,2567,9,0.0
22,2567,9,1.0
35,2567,9,0.0
70,2567,9,0.0
71,2567,9,0.0
2,2567,9,0.0
60,2567,9,0.0
59,2567,9,3.0
10,2567,9,0.0
18,2567,9,0.0
8,2567,9,0.0
57,2567,9,0.0
67,2567,9,0.0
21,2567,9,0.0
51,2567,9,0.0
31,2567,9,0.0
27,2567,9,0.0
26,2567,9,0.0
29,2567,9,0.0
41,2567,9,0.0
48,2567,9,0.0
23,2567,9,0.0
6,2567,9,0.0
45,2567,9,0.0
38,2567,9,0.0
61,2567,9,0.0
54,2567,9,0.0
30,2567,9,0.0
42,2567,9,0.0
46,2567,9,0.0
64,2568,9,0.0
1,2568,9,0.0
56,2568,9,0.0
34,2568,9,0.0
49,2568,9,0.0
28,2568,9,0.0
13,2568,9,0.0
15,2568,9,0.0
11,2568,9,0.0
9,2568,9,0.0
25,2568,9,0.0
69,2568,9,0.0
72,2568,9,0.0
14,2568,9,0.0
50,2568,9,0.0
17,2568,9,0.0
58,2568,9,0.0
36,2568,9,0.0
19,2568,9,0.0
63,2568,9,0.0
47,2568,9,1.0
3,2568,9,0.0
76,2568,9,0.0
43,2568,9,0.0
77,2568,9,0.0
20,2568,9,0.0
4,2568,9,0.0
62,2568,9,0.0
16,2568,9,0.0
74,2568,9,0.0
5,2568,9,1.0
44,2568,9,0.0
65,2568,9,0.0
73,2568,9,0.0
53,2568,9,0.0
52,2568,9,0.0
66,2568,9,0.0
32,2568,9,0.0
37,2568,9,0.0
75,2568,9,0.0
24,2568,9,0.0
68,2568,9,0.0
12,2568,9,1.0
55,2568,9,1.0
33,2568,9,0.0
7,2568,9,0.0
40,2568,9,0.0
39,2568,9,0.0
22,2568,9,1.0
35,2568,9,0.0
70,2568,9,0.0
71,2568,9,0.0
2,2568,9,0.0
60,2568,9,0.0
59,2568,9,4.0
10,2568,9,0.0
18,2568,9,0.0
8,2568,9,0.0
57,2568,9,2.0
67,2568,9,0.0
21,2568,9,0.0
51,2568,9,0.0
31,2568,9,0.0
27,2568,9,0.0
26,2568,9,0.0
29,2568,9,0.0
41,2568,9,0.0
48,2568,9,0.0
23,2568,9,0.0
6,2568,9,0.0
45,2568,9,0.0
38,2568,9,0.0
61,2568,9,0.0
54,2568,9,0.0
30,2568,9,0.0
42,2568,9,0.0
46,2568,9,0.0
64,2556,10,0.0
1,2556,10,0.0
56,2556,10,1.0
34,2556,10,0.0
49,2556,10,0.0
28,2556,10,0.0
13,2556,10,0.0
15,2556,10,0.0
11,2556,10,1.0
9,2556,10,0.0
25,2556,10,0.0
69,2556,10,0.0
72,2556,10,0.0
14,2556,10,0.0
50,2556,10,0.0
17,2556,10,0.0
58,2556,10,0.0
36,2556,10,0.0
19,2556,10,0.0
63,2556,10,0.0
47,2556,10,0.0
3,2556,10,0.0
76,2556,10,0.0
43,2556,10,0.0
77,2556,10,0.0
20,2556,10,0.0
4,2556,10,0.0
62,2556,10,1.0
16,2556,10,0.0
74,2556,10,0.0
5,2556,10,0.0
44,2556,10,0.0
65,2556,10,0.0
73,2556,10,0.0
53,2556,10,0.0
52,2556,10,0.0
66,2556,10,0.0
32,2556,10,0.0
37,2556,10,0.0
75,2556,10,0.0
24,2556,10,2.0
68,2556,10,0.0
12,2556,10,0.0
55,2556,10,0.0
33,2556,10,0.0
7,2556,10,0.0
40,2556,10,0.0
39,2556,10,0.0
22,2556,10,0.0
35,2556,10,0.0
70,2556,10,0.0
71,2556,10,0.0
2,2556,10,0.0
60,2556,10,0.0
59,2556,10,0.0
10,2556,10,0.0
18,2556,10,0.0
8,2556,10,0.0
57,2556,10,0.0
67,2556,10,0.0
21,2556,10,0.0
51,2556,10,0.0
31,2556,10,0.0
27,2556,10,0.0
26,2556,10,1.0
29,2556,10,0.0
41,2556,10,0.0
48,2556,10,0.0
23,2556,10,0.0
6,2556,10,0.0
45,2556,10,3.0
38,2556,10,1.0
61,2556,10,0.0
54,2556,10,0.0
30,2556,10,0.0
42,2556,10,0.0
46,2556,10,0.0
64,2557,10,0.0
1,2557,10,0.0
56,2557,10,1.0
34,2557,10,0.0
49,2557,10,0.0
28,2557,10,0.0
13,2557,10,0.0
15,2557,10,0.0
11,2557,10,0.0
9,2557,10,0.0
25,2557,10,0.0
69,2557,10,0.0
72,2557,10,0.0
14,2557,10,0.0
50,2557,10,0.0
17,2557,10,0.0
58,2557,10,0.0
36,2557,10,0.0
19,2557,10,0.0
63,2557,10,0.0
47,2557,10,0.0
3,2557,10,0.0
76,2557,10,0.0
43,2557,10,0.0
77,2557,10,0.0
20,2557,10,0.0
4,2557,10,0.0
62,2557,10,0.0
16,2557,10,0.0
74,2557,10,0.0
5,2557,10,1.0
44,2557,10,0.0
65,2557,10,0.0
73,2557,10,0.0
53,2557,10,0.0
52,2557,10,0.0
66,2557,10,0.0
32,2557,10,0.0
37,2557,10,0.0
75,2557,10,0.0
24,2557,10,0.0
68,2557,10,0.0
12,2557,10,0.0
55,2557,10,0.0
33,2557,10,0.0
7,2557,10,0.0
40,2557,10,0.0
39,2557,10,0.0
22,2557,10,0.0
35,2557,10,0.0
70,2557,10,0.0
71,2557,10,0.0
2,2557,10,0.0
60,2557,10,0.0
59,2557,10,0.0
10,2557,10,0.0
18,2557,10,0.0
8,2557,10,0.0
57,2557,10,0.0
67,2557,10,0.0
21,2557,10,0.0
51,2557,10,0.0
31,2557,10,0.0
27,2557,10,0.0
26,2557,10,0.0
29,2557,10,0.0
41,2557,10,2.0
48,2557,10,0.0
23,2557,10,0.0
6,2557,10,0.0
45,2557,10,1.0
38,2557,10,0.0
61,2557,10,0.0
54,2557,10,0.0
30,2557,10,0.0
42,2557,10,0.0
46,2557,10,0.0
64,2558,10,0.0
1,2558,10,0.0
56,2558,10,1.0
34,2558,10,0.0
49,2558,10,0.0
28,2558,10,0.0
13,2558,10,0.0
15,2558,10,0.0
11,2558,10,0.0
9,2558,10,0.0
25,2558,10,0.0
69,2558,10,0.0
72,2558,10,0.0
14,2558,10,0.0
50,2558,10,1.0
17,2558,10,0.0
58,2558,10,0.0
36,2558,10,0.0
19,2558,10,0.0
63,2558,10,0.0
47,2558,10,0.0
3,2558,10,0.0
76,2558,10,0.0
43,2558,10,0.0
77,2558,10,0.0
20,2558,10,0.0
4,2558,10,0.0
62,2558,10,1.0
16,2558,10,0.0
74,2558,10,0.0
5,2558,10,0.0
44,2558,10,1.0
65,2558,10,0.0
73,2558,10,0.0
53,2558,10,1.0
52,2558,10,0.0
66,2558,10,0.0
32,2558,10,0.0
37,2558,10,0.0
75,2558,10,0.0
24,2558,10,0.0
68,2558,10,0.0
12,2558,10,0.0
55,2558,10,0.0
33,2558,10,0.0
7,2558,10,0.0
40,2558,10,0.0
39,2558,10,0.0
22,2558,10,0.0
35,2558,10,0.0
70,2558,10,0.0
71,2558,10,0.0
2,2558,10,0.0
60,2558,10,0.0
59,2558,10,0.0
10,2558,10,0.0
18,2558,10,0.0
8,2558,10,0.0
57,2558,10,0.0
67,2558,10,0.0
21,2558,10,0.0
51,2558,10,0.0
31,2558,10,0.0
27,2558,10,0.0
26,2558,10,0.0
29,2558,10,0.0
41,2558,10,4.0
48,2558,10,0.0
23,2558,10,0.0
6,2558,10,0.0
45,2558,10,3.0
38,2558,10,1.0
61,2558,10,0.0
54,2558,10,0.0
30,2558,10,0.0
42,2558,10,0.0
46,2558,10,2.0
64,2559,10,0.0
1,2559,10,0.0
56,2559,10,1.0
34,2559,10,0.0
49,2559,10,0.0
28,2559,10,1.0
13,2559,10,0.0
15,2559,10,0.0
11,2559,10,0.0
9,2559,10,0.0
25,2559,10,0.0
69,2559,10,0.0
72,2559,10,0.0
14,2559,10,0.0
50,2559,10,2.0
17,2559,10,0.0
58,2559,10,0.0
36,2559,10,0.0
19,2559,10,0.0
63,2559,10,0.0
47,2559,10,0.0
3,2559,10,0.0
76,2559,10,0.0
43,2559,10,0.0
77,2559,10,0.0
20,2559,10,0.0
4,2559,10,0.0
62,2559,10,1.0
16,2559,10,0.0
74,2559,10,0.0
5,2559,10,1.0
44,2559,10,2.0
65,2559,10,0.0
73,2559,10,0.0
53,2559,10,0.0
52,2559,10,1.0
66,2559,10,0.0
32,2559,10,0.0
37,2559,10,0.0
75,2559,10,0.0
24,2559,10,0.0
68,2559,10,0.0
12,2559,10,1.0
55,2559,10,0.0
33,2559,10,0.0
7,2559,10,0.0
40,2559,10,0.0
39,2559,10,0.0
22,2559,10,0.0
35,2559,10,0.0
70,2559,10,0.0
71,2559,10,0.0
2,2559,10,0.0
60,2559,10,0.0
59,2559,10,0.0
10,2559,10,0.0
18,2559,10,0.0
8,2559,10,0.0
57,2559,10,0.0
67,2559,10,0.0
21,2559,10,0.0
51,2559,10,1.0
31,2559,10,0.0
27,2559,10,0.0
26,2559,10,0.0
29,2559,10,0.0
41,2559,10,0.0
48,2559,10,0.0
23,2559,10,0.0
6,2559,10,0.0
45,2559,10,2.0
38,2559,10,0.0
61,2559,10,0.0
54,2559,10,0.0
30,2559,10,0.0
42,2559,10,0.0
46,2559,10,2.0
64,2560,10,0.0
1,2560,10,0.0
56,2560,10,1.0
34,2560,10,0.0
49,2560,10,0.0
28,2560,10,0.0
13,2560,10,0.0
15,2560,10,0.0
11,2560,10,0.0
9,2560,10,0.0
25,2560,10,0.0
69,2560,10,0.0
72,2560,10,0.0
14,2560,10,0.0
50,2560,10,0.0
17,2560,10,0.0
58,2560,10,0.0
36,2560,10,0.0
19,2560,10,0.0
63,2560,10,0.0
47,2560,10,0.0
3,2560,10,0.0
76,2560,10,0.0
43,2560,10,0.0
77,2560,10,3.0
20,2560,10,0.0
4,2560,10,0.0
62,2560,10,0.0
16,2560,10,0.0
74,2560,10,0.0
5,2560,10,0.0
44,2560,10,2.0
65,2560,10,0.0
73,2560,10,0.0
53,2560,10,0.0
52,2560,10,0.0
66,2560,10,0.0
32,2560,10,0.0
37,2560,10,0.0
75,2560,10,0.0
24,2560,10,3.0
68,2560,10,0.0
12,2560,10,0.0
55,2560,10,0.0
33,2560,10,4.0
7,2560,10,0.0
40,2560,10,0.0
39,2560,10,11.0
22,2560,10,0.0
35,2560,10,1.0
70,2560,10,0.0
71,2560,10,0.0
2,2560,10,0.0
60,2560,10,0.0
59,2560,10,0.0
10,2560,10,0.0
18,2560,10,1.0
8,2560,10,0.0
57,2560,10,0.0
67,2560,10,0.0
21,2560,10,0.0
51,2560,10,1.0
31,2560,10,0.0
27,2560,10,0.0
26,2560,10,0.0
29,2560,10,0.0
41,2560,10,0.0
48,2560,10,0.0
23,2560,10,0.0
6,2560,10,0.0
45,2560,10,5.0
38,2560,10,3.0
61,2560,10,0.0
54,2560,10,0.0
30,2560,10,0.0
42,2560,10,0.0
46,2560,10,2.0
64,2561,10,0.0
1,2561,10,0.0
56,2561,10,0.0
34,2561,10,0.0
49,2561,10,1.0
28,2561,10,0.0
13,2561,10,0.0
15,2561,10,0.0
11,2561,10,0.0
9,2561,10,0.0
25,2561,10,0.0
69,2561,10,0.0
72,2561,10,0.0
14,2561,10,0.0
50,2561,10,0.0
17,2561,10,0.0
58,2561,10,0.0
36,2561,10,0.0
19,2561,10,1.0
63,2561,10,0.0
47,2561,10,0.0
3,2561,10,0.0
76,2561,10,0.0
43,2561,10,0.0
77,2561,10,0.0
20,2561,10,0.0
4,2561,10,0.0
62,2561,10,0.0
16,2561,10,0.0
74,2561,10,0.0
5,2561,10,0.0
44,2561,10,2.0
65,2561,10,0.0
73,2561,10,0.0
53,2561,10,0.0
52,2561,10,0.0
66,2561,10,0.0
32,2561,10,0.0
37,2561,10,0.0
75,2561,10,0.0
24,2561,10,2.0
68,2561,10,0.0
12,2561,10,0.0
55,2561,10,0.0
33,2561,10,0.0
7,2561,10,0.0
40,2561,10,0.0
39,2561,10,11.0
22,2561,10,0.0
35,2561,10,0.0
70,2561,10,0.0
71,2561,10,0.0
2,2561,10,0.0
60,2561,10,0.0
59,2561,10,0.0
10,2561,10,0.0
18,2561,10,0.0
8,2561,10,0.0
57,2561,10,0.0
67,2561,10,0.0
21,2561,10,0.0
51,2561,10,0.0
31,2561,10,0.0
27,2561,10,0.0
26,2561,10,0.0
29,2561,10,0.0
41,2561,10,0.0
48,2561,10,0.0
23,2561,10,0.0
6,2561,10,0.0
45,2561,10,5.0
38,2561,10,3.0
61,2561,10,0.0
54,2561,10,0.0
30,2561,10,0.0
42,2561,10,0.0
46,2561,10,2.0
64,2562,10,0.0
1,2562,10,0.0
56,2562,10,0.0
34,2562,10,0.0
49,2562,10,0.0
28,2562,10,0.0
13,2562,10,0.0
15,2562,10,0.0
11,2562,10,0.0
9,2562,10,0.0
25,2562,10,0.0
69,2562,10,0.0
72,2562,10,0.0
14,2562,10,0.0
50,2562,10,0.0
17,2562,10,0.0
58,2562,10,0.0
36,2562,10,0.0
19,2562,10,1.0
63,2562,10,0.0
47,2562,10,0.0
3,2562,10,0.0
76,2562,10,0.0
43,2562,10,0.0
77,2562,10,0.0
20,2562,10,0.0
4,2562,10,0.0
62,2562,10,0.0
16,2562,10,0.0
74,2562,10,0.0
5,2562,10,0.0
44,2562,10,0.0
65,2562,10,0.0
73,2562,10,0.0
53,2562,10,0.0
52,2562,10,0.0
66,2562,10,0.0
32,2562,10,0.0
37,2562,10,0.0
75,2562,10,0.0
24,2562,10,0.0
68,2562,10,0.0
12,2562,10,0.0
55,2562,10,0.0
33,2562,10,0.0
7,2562,10,0.0
40,2562,10,0.0
39,2562,10,0.0
22,2562,10,0.0
35,2562,10,0.0
70,2562,10,0.0
71,2562,10,0.0
2,2562,10,0.0
60,2562,10,0.0
59,2562,10,0.0
10,2562,10,0.0
18,2562,10,0.0
8,2562,10,0.0
57,2562,10,0.0
67,2562,10,0.0
21,2562,10,0.0
51,2562,10,0.0
31,2562,10,0.0
27,2562,10,0.0
26,2562,10,0.0
29,2562,10,0.0
41,2562,10,0.0
48,2562,10,0.0
23,2562,10,0.0
6,2562,10,0.0
45,2562,10,3.0
38,2562,10,0.0
61,2562,10,0.0
54,2562,10,0.0
30,2562,10,0.0
42,2562,10,1.0
46,2562,10,0.0
64,2563,10,0.0
1,2563,10,0.0
56,2563,10,0.0
34,2563,10,0.0
49,2563,10,0.0
28,2563,10,0.0
13,2563,10,0.0
15,2563,10,0.0
11,2563,10,0.0
9,2563,10,0.0
25,2563,10,0.0
69,2563,10,0.0
72,2563,10,0.0
14,2563,10,1.0
50,2563,10,0.0
17,2563,10,0.0
58,2563,10,0.0
36,2563,10,0.0
19,2563,10,0.0
63,2563,10,0.0
47,2563,10,0.0
3,2563,10,0.0
76,2563,10,0.0
43,2563,10,0.0
77,2563,10,0.0
20,2563,10,0.0
4,2563,10,0.0
62,2563,10,0.0
16,2563,10,0.0
74,2563,10,0.0
5,2563,10,0.0
44,2563,10,0.0
65,2563,10,0.0
73,2563,10,0.0
53,2563,10,0.0
52,2563,10,1.0
66,2563,10,0.0
32,2563,10,0.0
37,2563,10,0.0
75,2563,10,0.0
24,2563,10,0.0
68,2563,10,0.0
12,2563,10,0.0
55,2563,10,0.0
33,2563,10,0.0
7,2563,10,0.0
40,2563,10,0.0
39,2563,10,0.0
22,2563,10,0.0
35,2563,10,0.0
70,2563,10,0.0
71,2563,10,0.0
2,2563,10,0.0
60,2563,10,0.0
59,2563,10,0.0
10,2563,10,0.0
18,2563,10,0.0
8,2563,10,0.0
57,2563,10,0.0
67,2563,10,0.0
21,2563,10,0.0
51,2563,10,0.0
31,2563,10,0.0
27,2563,10,0.0
26,2563,10,0.0
29,2563,10,0.0
41,2563,10,0.0
48,2563,10,0.0
23,2563,10,0.0
6,2563,10,0.0
45,2563,10,1.0
38,2563,10,0.0
61,2563,10,0.0
54,2563,10,0.0
30,2563,10,0.0
42,2563,10,0.0
46,2563,10,0.0
64,2564,10,0.0
1,2564,10,0.0
56,2564,10,1.0
34,2564,10,0.0
49,2564,10,0.0
28,2564,10,0.0
13,2564,10,0.0
15,2564,10,1.0
11,2564,10,1.0
9,2564,10,0.0
25,2564,10,0.0
69,2564,10,0.0
72,2564,10,0.0
14,2564,10,0.0
50,2564,10,2.0
17,2564,10,0.0
58,2564,10,0.0
36,2564,10,0.0
19,2564,10,2.0
63,2564,10,0.0
47,2564,10,0.0
3,2564,10,0.0
76,2564,10,0.0
43,2564,10,1.0
77,2564,10,0.0
20,2564,10,1.0
4,2564,10,0.0
62,2564,10,0.0
16,2564,10,0.0
74,2564,10,1.0
5,2564,10,0.0
44,2564,10,0.0
65,2564,10,0.0
73,2564,10,0.0
53,2564,10,0.0
52,2564,10,0.0
66,2564,10,0.0
32,2564,10,0.0
37,2564,10,0.0
75,2564,10,0.0
24,2564,10,1.0
68,2564,10,0.0
12,2564,10,2.0
55,2564,10,0.0
33,2564,10,1.0
7,2564,10,0.0
40,2564,10,0.0
39,2564,10,0.0
22,2564,10,1.0
35,2564,10,1.0
70,2564,10,0.0
71,2564,10,0.0
2,2564,10,0.0
60,2564,10,0.0
59,2564,10,0.0
10,2564,10,0.0
18,2564,10,0.0
8,2564,10,0.0
57,2564,10,0.0
67,2564,10,0.0
21,2564,10,1.0
51,2564,10,1.0
31,2564,10,0.0
27,2564,10,0.0
26,2564,10,0.0
29,2564,10,1.0
41,2564,10,0.0
48,2564,10,0.0
23,2564,10,0.0
6,2564,10,0.0
45,2564,10,0.0
38,2564,10,0.0
61,2564,10,0.0
54,2564,10,0.0
30,2564,10,0.0
42,2564,10,0.0
46,2564,10,0.0
64,2565,10,0.0
1,2565,10,0.0
56,2565,10,1.0
34,2565,10,0.0
49,2565,10,0.0
28,2565,10,0.0
13,2565,10,1.0
15,2565,10,1.0
11,2565,10,0.0
9,2565,10,0.0
25,2565,10,0.0
69,2565,10,0.0
72,2565,10,0.0
14,2565,10,1.0
50,2565,10,0.0
17,2565,10,0.0
58,2565,10,0.0
36,2565,10,0.0
19,2565,10,1.0
63,2565,10,0.0
47,2565,10,0.0
3,2565,10,0.0
76,2565,10,0.0
43,2565,10,1.0
77,2565,10,0.0
20,2565,10,0.0
4,2565,10,0.0
62,2565,10,1.0
16,2565,10,0.0
74,2565,10,1.0
5,2565,10,0.0
44,2565,10,0.0
65,2565,10,0.0
73,2565,10,0.0
53,2565,10,0.0
52,2565,10,0.0
66,2565,10,0.0
32,2565,10,0.0
37,2565,10,0.0
75,2565,10,0.0
24,2565,10,1.0
68,2565,10,0.0
12,2565,10,1.0
55,2565,10,1.0
33,2565,10,1.0
7,2565,10,0.0
40,2565,10,1.0
39,2565,10,0.0
22,2565,10,1.0
35,2565,10,1.0
70,2565,10,0.0
71,2565,10,1.0
2,2565,10,0.0
60,2565,10,0.0
59,2565,10,0.0
10,2565,10,0.0
18,2565,10,0.0
8,2565,10,0.0
57,2565,10,0.0
67,2565,10,0.0
21,2565,10,1.0
51,2565,10,1.0
31,2565,10,0.0
27,2565,10,0.0
26,2565,10,0.0
29,2565,10,1.0
41,2565,10,0.0
48,2565,10,0.0
23,2565,10,40.0
6,2565,10,0.0
45,2565,10,0.0
38,2565,10,0.0
61,2565,10,1.0
54,2565,10,1.0
30,2565,10,0.0
42,2565,10,0.0
46,2565,10,0.0
64,2566,10,0.0
1,2566,10,0.0
56,2566,10,1.0
34,2566,10,0.0
49,2566,10,0.0
28,2566,10,0.0
13,2566,10,0.0
15,2566,10,0.0
11,2566,10,1.0
9,2566,10,0.0
25,2566,10,0.0
69,2566,10,0.0
72,2566,10,0.0
14,2566,10,0.0
50,2566,10,1.0
17,2566,10,0.0
58,2566,10,0.0
36,2566,10,0.0
19,2566,10,2.0
63,2566,10,0.0
47,2566,10,1.0
3,2566,10,0.0
76,2566,10,0.0
43,2566,10,2.0
77,2566,10,0.0
20,2566,10,0.0
4,2566,10,0.0
62,2566,10,0.0
16,2566,10,0.0
74,2566,10,1.0
5,2566,10,0.0
44,2566,10,0.0
65,2566,10,0.0
73,2566,10,0.0
53,2566,10,0.0
52,2566,10,0.0
66,2566,10,1.0
32,2566,10,0.0
37,2566,10,0.0
75,2566,10,0.0
24,2566,10,1.0
68,2566,10,0.0
12,2566,10,2.0
55,2566,10,1.0
33,2566,10,1.0
7,2566,10,0.0
40,2566,10,0.0
39,2566,10,0.0
22,2566,10,1.0
35,2566,10,0.0
70,2566,10,0.0
71,2566,10,1.0
2,2566,10,0.0
60,2566,10,0.0
59,2566,10,0.0
10,2566,10,1.0
18,2566,10,0.0
8,2566,10,0.0
57,2566,10,0.0
67,2566,10,0.0
21,2566,10,1.0
51,2566,10,1.0
31,2566,10,0.0
27,2566,10,0.0
26,2566,10,0.0
29,2566,10,1.0
41,2566,10,0.0
48,2566,10,0.0
23,2566,10,0.0
6,2566,10,0.0
45,2566,10,0.0
38,2566,10,0.0
61,2566,10,1.0
54,2566,10,1.0
30,2566,10,0.0
42,2566,10,0.0
46,2566,10,0.0
64,2567,10,0.0
1,2567,10,0.0
56,2567,10,1.0
34,2567,10,0.0
49,2567,10,0.0
28,2567,10,0.0
13,2567,10,0.0
15,2567,10,0.0
11,2567,10,1.0
9,2567,10,0.0
25,2567,10,0.0
69,2567,10,0.0
72,2567,10,0.0
14,2567,10,0.0
50,2567,10,1.0
17,2567,10,0.0
58,2567,10,0.0
36,2567,10,0.0
19,2567,10,1.0
63,2567,10,0.0
47,2567,10,1.0
3,2567,10,0.0
76,2567,10,0.0
43,2567,10,1.0
77,2567,10,0.0
20,2567,10,0.0
4,2567,10,0.0
62,2567,10,0.0
16,2567,10,0.0
74,2567,10,1.0
5,2567,10,0.0
44,2567,10,0.0
65,2567,10,0.0
73,2567,10,0.0
53,2567,10,0.0
52,2567,10,0.0
66,2567,10,1.0
32,2567,10,0.0
37,2567,10,0.0
75,2567,10,1.0
24,2567,10,1.0
68,2567,10,0.0
12,2567,10,2.0
55,2567,10,1.0
33,2567,10,1.0
7,2567,10,0.0
40,2567,10,0.0
39,2567,10,0.0
22,2567,10,1.0
35,2567,10,1.0
70,2567,10,0.0
71,2567,10,1.0
2,2567,10,1.0
60,2567,10,0.0
59,2567,10,0.0
10,2567,10,0.0
18,2567,10,0.0
8,2567,10,0.0
57,2567,10,0.0
67,2567,10,0.0
21,2567,10,1.0
51,2567,10,1.0
31,2567,10,0.0
27,2567,10,0.0
26,2567,10,0.0
29,2567,10,1.0
41,2567,10,0.0
48,2567,10,0.0
23,2567,10,0.0
6,2567,10,0.0
45,2567,10,0.0
38,2567,10,0.0
61,2567,10,1.0
54,2567,10,1.0
30,2567,10,0.0
42,2567,10,0.0
46,2567,10,0.0
64,2568,10,0.0
1,2568,10,0.0
56,2568,10,1.0
34,2568,10,0.0
49,2568,10,0.0
28,2568,10,0.0
13,2568,10,1.0
15,2568,10,0.0
11,2568,10,0.0
9,2568,10,0.0
25,2568,10,0.0
69,2568,10,0.0
72,2568,10,0.0
14,2568,10,0.0
50,2568,10,1.0
17,2568,10,0.0
58,2568,10,0.0
36,2568,10,0.0
19,2568,10,1.0
63,2568,10,1.0
47,2568,10,1.0
3,2568,10,0.0
76,2568,10,0.0
43,2568,10,2.0
77,2568,10,0.0
20,2568,10,0.0
4,2568,10,0.0
62,2568,10,1.0
16,2568,10,0.0
74,2568,10,1.0
5,2568,10,0.0
44,2568,10,0.0
65,2568,10,0.0
73,2568,10,0.0
53,2568,10,0.0
52,2568,10,0.0
66,2568,10,1.0
32,2568,10,0.0
37,2568,10,0.0
75,2568,10,1.0
24,2568,10,1.0
68,2568,10,0.0
12,2568,10,1.0
55,2568,10,1.0
33,2568,10,1.0
7,2568,10,0.0
40,2568,10,1.0
39,2568,10,0.0
22,2568,10,1.0
35,2568,10,1.0
70,2568,10,1.0
71,2568,10,1.0
2,2568,10,1.0
60,2568,10,0.0
59,2568,10,0.0
10,2568,10,0.0
18,2568,10,0.0
8,2568,10,0.0
57,2568,10,0.0
67,2568,10,0.0
21,2568,10,1.0
51,2568,10,1.0
31,2568,10,1.0
27,2568,10,0.0
26,2568,10,0.0
29,2568,10,1.0
41,2568,10,0.0
48,2568,10,0.0
23,2568,10,0.0
6,2568,10,0.0
45,2568,10,0.0
38,2568,10,0.0
61,2568,10,0.0
54,2568,10,1.0
30,2568,10,0.0
42,2568,10,0.0
46,2568,10,0.0
64,2556,11,0.0
1,2556,11,0.0
56,2556,11,2.0
34,2556,11,2.0
49,2556,11,0.0
28,2556,11,12.0
13,2556,11,0.0
15,2556,11,1.0
11,2556,11,2.0
9,2556,11,1.0
25,2556,11,10.0
69,2556,11,2.0
72,2556,11,0.0
14,2556,11,2.0
50,2556,11,1.0
17,2556,11,1.0
58,2556,11,0.0
36,2556,11,3.0
19,2556,11,3.0
63,2556,11,0.0
47,2556,11,0.0
3,2556,11,0.0
76,2556,11,1.0
43,2556,11,0.0
77,2556,11,2.0
20,2556,11,0.0
4,2556,11,0.0
62,2556,11,1.0
16,2556,11,1.0
74,2556,11,0.0
5,2556,11,0.0
44,2556,11,1.0
65,2556,11,3.0
73,2556,11,1.0
53,2556,11,2.0
52,2556,11,0.0
66,2556,11,0.0
32,2556,11,0.0
37,2556,11,0.0
75,2556,11,1.0
24,2556,11,5.0
68,2556,11,0.0
12,2556,11,2.0
55,2556,11,0.0
33,2556,11,7.0
7,2556,11,6.0
40,2556,11,16.0
39,2556,11,39.0
22,2556,11,2.0
35,2556,11,0.0
70,2556,11,0.0
71,2556,11,1.0
2,2556,11,0.0
60,2556,11,1.0
59,2556,11,2.0
10,2556,11,2.0
18,2556,11,2.0
8,2556,11,1.0
57,2556,11,3.0
67,2556,11,0.0
21,2556,11,2.0
51,2556,11,0.0
31,2556,11,1.0
27,2556,11,0.0
26,2556,11,0.0
29,2556,11,0.0
41,2556,11,5.0
48,2556,11,0.0
23,2556,11,22.0
6,2556,11,0.0
45,2556,11,71.0
38,2556,11,96.0
61,2556,11,2.0
54,2556,11,1.0
30,2556,11,1.0
42,2556,11,0.0
46,2556,11,22.0
64,2557,11,0.0
1,2557,11,0.0
56,2557,11,1.0
34,2557,11,0.0
49,2557,11,1.0
28,2557,11,7.0
13,2557,11,0.0
15,2557,11,1.0
11,2557,11,0.0
9,2557,11,0.0
25,2557,11,8.0
69,2557,11,1.0
72,2557,11,1.0
14,2557,11,2.0
50,2557,11,1.0
17,2557,11,1.0
58,2557,11,0.0
36,2557,11,3.0
19,2557,11,0.0
63,2557,11,0.0
47,2557,11,0.0
3,2557,11,0.0
76,2557,11,1.0
43,2557,11,0.0
77,2557,11,2.0
20,2557,11,0.0
4,2557,11,0.0
62,2557,11,1.0
16,2557,11,1.0
74,2557,11,0.0
5,2557,11,0.0
44,2557,11,28.0
65,2557,11,3.0
73,2557,11,2.0
53,2557,11,3.0
52,2557,11,11.0
66,2557,11,0.0
32,2557,11,0.0
37,2557,11,0.0
75,2557,11,1.0
24,2557,11,0.0
68,2557,11,0.0
12,2557,11,1.0
55,2557,11,0.0
33,2557,11,0.0
7,2557,11,0.0
40,2557,11,71.0
39,2557,11,20.0
22,2557,11,0.0
35,2557,11,0.0
70,2557,11,0.0
71,2557,11,1.0
2,2557,11,0.0
60,2557,11,0.0
59,2557,11,0.0
10,2557,11,0.0
18,2557,11,2.0
8,2557,11,0.0
57,2557,11,1.0
67,2557,11,1.0
21,2557,11,3.0
51,2557,11,0.0
31,2557,11,0.0
27,2557,11,0.0
26,2557,11,0.0
29,2557,11,0.0
41,2557,11,7.0
48,2557,11,0.0
23,2557,11,10.0
6,2557,11,0.0
45,2557,11,62.0
38,2557,11,94.0
61,2557,11,1.0
54,2557,11,3.0
30,2557,11,2.0
42,2557,11,0.0
46,2557,11,22.0
64,2558,11,0.0
1,2558,11,0.0
56,2558,11,3.0
34,2558,11,0.0
49,2558,11,12.0
28,2558,11,3.0
13,2558,11,0.0
15,2558,11,1.0
11,2558,11,0.0
9,2558,11,0.0
25,2558,11,0.0
69,2558,11,0.0
72,2558,11,0.0
14,2558,11,1.0
50,2558,11,2.0
17,2558,11,0.0
58,2558,11,0.0
36,2558,11,1.0
19,2558,11,1.0
63,2558,11,0.0
47,2558,11,3.0
3,2558,11,0.0
76,2558,11,0.0
43,2558,11,0.0
77,2558,11,0.0
20,2558,11,0.0
4,2558,11,0.0
62,2558,11,0.0
16,2558,11,0.0
74,2558,11,0.0
5,2558,11,0.0
44,2558,11,14.0
65,2558,11,0.0
73,2558,11,0.0
53,2558,11,0.0
52,2558,11,2.0
66,2558,11,0.0
32,2558,11,0.0
37,2558,11,0.0
75,2558,11,0.0
24,2558,11,0.0
68,2558,11,0.0
12,2558,11,1.0
55,2558,11,3.0
33,2558,11,0.0
7,2558,11,0.0
40,2558,11,78.0
39,2558,11,25.0
22,2558,11,0.0
35,2558,11,0.0
70,2558,11,0.0
71,2558,11,1.0
2,2558,11,0.0
60,2558,11,0.0
59,2558,11,2.0
10,2558,11,1.0
18,2558,11,2.0
8,2558,11,0.0
57,2558,11,2.0
67,2558,11,0.0
21,2558,11,2.0
51,2558,11,0.0
31,2558,11,0.0
27,2558,11,1.0
26,2558,11,0.0
29,2558,11,1.0
41,2558,11,0.0
48,2558,11,3.0
23,2558,11,1.0
6,2558,11,0.0
45,2558,11,46.0
38,2558,11,77.0
61,2558,11,0.0
54,2558,11,0.0
30,2558,11,0.0
42,2558,11,5.0
46,2558,11,27.0
64,2559,11,0.0
1,2559,11,0.0
56,2559,11,1.0
34,2559,11,0.0
49,2559,11,3.0
28,2559,11,3.0
13,2559,11,0.0
15,2559,11,0.0
11,2559,11,0.0
9,2559,11,0.0
25,2559,11,0.0
69,2559,11,1.0
72,2559,11,1.0
14,2559,11,0.0
50,2559,11,4.0
17,2559,11,0.0
58,2559,11,0.0
36,2559,11,0.0
19,2559,11,0.0
63,2559,11,5.0
47,2559,11,5.0
3,2559,11,0.0
76,2559,11,0.0
43,2559,11,1.0
77,2559,11,0.0
20,2559,11,0.0
4,2559,11,0.0
62,2559,11,0.0
16,2559,11,0.0
74,2559,11,0.0
5,2559,11,0.0
44,2559,11,8.0
65,2559,11,0.0
73,2559,11,0.0
53,2559,11,0.0
52,2559,11,1.0
66,2559,11,0.0
32,2559,11,0.0
37,2559,11,0.0
75,2559,11,0.0
24,2559,11,0.0
68,2559,11,0.0
12,2559,11,0.0
55,2559,11,3.0
33,2559,11,0.0
7,2559,11,0.0
40,2559,11,21.0
39,2559,11,26.0
22,2559,11,1.0
35,2559,11,0.0
70,2559,11,0.0
71,2559,11,1.0
2,2559,11,0.0
60,2559,11,0.0
59,2559,11,0.0
10,2559,11,0.0
18,2559,11,0.0
8,2559,11,0.0
57,2559,11,0.0
67,2559,11,0.0
21,2559,11,2.0
51,2559,11,0.0
31,2559,11,0.0
27,2559,11,2.0
26,2559,11,0.0
29,2559,11,2.0
41,2559,11,0.0
48,2559,11,0.0
23,2559,11,1.0
6,2559,11,0.0
45,2559,11,19.0
38,2559,11,59.0
61,2559,11,0.0
54,2559,11,0.0
30,2559,11,0.0
42,2559,11,6.0
46,2559,11,26.0
64,2560,11,0.0
1,2560,11,0.0
56,2560,11,1.0
34,2560,11,1.0
49,2560,11,0.0
28,2560,11,2.0
13,2560,11,0.0
15,2560,11,0.0
11,2560,11,6.0
9,2560,11,1.0
25,2560,11,0.0
69,2560,11,0.0
72,2560,11,1.0
14,2560,11,11.0
50,2560,11,6.0
17,2560,11,0.0
58,2560,11,1.0
36,2560,11,0.0
19,2560,11,0.0
63,2560,11,5.0
47,2560,11,13.0
3,2560,11,0.0
76,2560,11,0.0
43,2560,11,1.0
77,2560,11,1.0
20,2560,11,1.0
4,2560,11,0.0
62,2560,11,0.0
16,2560,11,0.0
74,2560,11,0.0
5,2560,11,1.0
44,2560,11,42.0
65,2560,11,0.0
73,2560,11,0.0
53,2560,11,2.0
52,2560,11,1.0
66,2560,11,0.0
32,2560,11,0.0
37,2560,11,0.0
75,2560,11,0.0
24,2560,11,38.0
68,2560,11,0.0
12,2560,11,0.0
55,2560,11,2.0
33,2560,11,53.0
7,2560,11,0.0
40,2560,11,21.0
39,2560,11,41.0
22,2560,11,2.0
35,2560,11,0.0
70,2560,11,1.0
71,2560,11,1.0
2,2560,11,0.0
60,2560,11,0.0
59,2560,11,0.0
10,2560,11,0.0
18,2560,11,3.0
8,2560,11,0.0
57,2560,11,0.0
67,2560,11,1.0
21,2560,11,1.0
51,2560,11,2.0
31,2560,11,1.0
27,2560,11,3.0
26,2560,11,1.0
29,2560,11,4.0
41,2560,11,0.0
48,2560,11,1.0
23,2560,11,28.0
6,2560,11,0.0
45,2560,11,15.0
38,2560,11,61.0
61,2560,11,1.0
54,2560,11,0.0
30,2560,11,1.0
42,2560,11,53.0
46,2560,11,31.0
64,2561,11,0.0
1,2561,11,0.0
56,2561,11,1.0
34,2561,11,1.0
49,2561,11,6.0
28,2561,11,2.0
13,2561,11,3.0
15,2561,11,1.0
11,2561,11,5.0
9,2561,11,1.0
25,2561,11,0.0
69,2561,11,0.0
72,2561,11,0.0
14,2561,11,9.0
50,2561,11,7.0
17,2561,11,0.0
58,2561,11,1.0
36,2561,11,1.0
19,2561,11,0.0
63,2561,11,0.0
47,2561,11,13.0
3,2561,11,0.0
76,2561,11,0.0
43,2561,11,0.0
77,2561,11,0.0
20,2561,11,1.0
4,2561,11,0.0
62,2561,11,2.0
16,2561,11,0.0
74,2561,11,0.0
5,2561,11,0.0
44,2561,11,28.0
65,2561,11,0.0
73,2561,11,0.0
53,2561,11,6.0
52,2561,11,1.0
66,2561,11,0.0
32,2561,11,0.0
37,2561,11,0.0
75,2561,11,0.0
24,2561,11,0.0
68,2561,11,0.0
12,2561,11,0.0
55,2561,11,1.0
33,2561,11,43.0
7,2561,11,0.0
40,2561,11,20.0
39,2561,11,41.0
22,2561,11,32.0
35,2561,11,0.0
70,2561,11,0.0
71,2561,11,0.0
2,2561,11,0.0
60,2561,11,0.0
59,2561,11,0.0
10,2561,11,0.0
18,2561,11,1.0
8,2561,11,0.0
57,2561,11,3.0
67,2561,11,0.0
21,2561,11,1.0
51,2561,11,0.0
31,2561,11,1.0
27,2561,11,0.0
26,2561,11,0.0
29,2561,11,4.0
41,2561,11,0.0
48,2561,11,1.0
23,2561,11,0.0
6,2561,11,0.0
45,2561,11,14.0
38,2561,11,62.0
61,2561,11,0.0
54,2561,11,0.0
30,2561,11,0.0
42,2561,11,46.0
46,2561,11,30.0
64,2562,11,0.0
1,2562,11,0.0
56,2562,11,0.0
34,2562,11,0.0
49,2562,11,9.0
28,2562,11,4.0
13,2562,11,3.0
15,2562,11,1.0
11,2562,11,7.0
9,2562,11,2.0
25,2562,11,19.0
69,2562,11,0.0
72,2562,11,1.0
14,2562,11,10.0
50,2562,11,8.0
17,2562,11,0.0
58,2562,11,1.0
36,2562,11,1.0
19,2562,11,0.0
63,2562,11,0.0
47,2562,11,18.0
3,2562,11,0.0
76,2562,11,0.0
43,2562,11,0.0
77,2562,11,0.0
20,2562,11,1.0
4,2562,11,0.0
62,2562,11,1.0
16,2562,11,0.0
74,2562,11,0.0
5,2562,11,0.0
44,2562,11,22.0
65,2562,11,0.0
73,2562,11,0.0
53,2562,11,12.0
52,2562,11,14.0
66,2562,11,0.0
32,2562,11,0.0
37,2562,11,0.0
75,2562,11,0.0
24,2562,11,0.0
68,2562,11,0.0
12,2562,11,0.0
55,2562,11,1.0
33,2562,11,0.0
7,2562,11,0.0
40,2562,11,21.0
39,2562,11,38.0
22,2562,11,1.0
35,2562,11,0.0
70,2562,11,0.0
71,2562,11,0.0
2,2562,11,1.0
60,2562,11,0.0
59,2562,11,0.0
10,2562,11,0.0
18,2562,11,0.0
8,2562,11,0.0
57,2562,11,1.0
67,2562,11,0.0
21,2562,11,1.0
51,2562,11,0.0
31,2562,11,2.0
27,2562,11,1.0
26,2562,11,0.0
29,2562,11,5.0
41,2562,11,0.0
48,2562,11,4.0
23,2562,11,0.0
6,2562,11,0.0
45,2562,11,15.0
38,2562,11,0.0
61,2562,11,0.0
54,2562,11,0.0
30,2562,11,1.0
42,2562,11,55.0
46,2562,11,1.0
64,2563,11,0.0
1,2563,11,0.0
56,2563,11,0.0
34,2563,11,0.0
49,2563,11,12.0
28,2563,11,4.0
13,2563,11,3.0
15,2563,11,1.0
11,2563,11,7.0
9,2563,11,0.0
25,2563,11,23.0
69,2563,11,0.0
72,2563,11,1.0
14,2563,11,9.0
50,2563,11,8.0
17,2563,11,0.0
58,2563,11,0.0
36,2563,11,1.0
19,2563,11,0.0
63,2563,11,0.0
47,2563,11,18.0
3,2563,11,0.0
76,2563,11,0.0
43,2563,11,2.0
77,2563,11,0.0
20,2563,11,2.0
4,2563,11,0.0
62,2563,11,0.0
16,2563,11,0.0
74,2563,11,0.0
5,2563,11,0.0
44,2563,11,6.0
65,2563,11,0.0
73,2563,11,0.0
53,2563,11,14.0
52,2563,11,12.0
66,2563,11,0.0
32,2563,11,1.0
37,2563,11,0.0
75,2563,11,0.0
24,2563,11,1.0
68,2563,11,0.0
12,2563,11,0.0
55,2563,11,1.0
33,2563,11,5.0
7,2563,11,0.0
40,2563,11,20.0
39,2563,11,1.0
22,2563,11,2.0
35,2563,11,0.0
70,2563,11,0.0
71,2563,11,1.0
2,2563,11,0.0
60,2563,11,0.0
59,2563,11,0.0
10,2563,11,0.0
18,2563,11,0.0
8,2563,11,0.0
57,2563,11,1.0
67,2563,11,1.0
21,2563,11,0.0
51,2563,11,0.0
31,2563,11,2.0
27,2563,11,2.0
26,2563,11,1.0
29,2563,11,2.0
41,2563,11,2.0
48,2563,11,2.0
23,2563,11,10.0
6,2563,11,0.0
45,2563,11,5.0
38,2563,11,0.0
61,2563,11,0.0
54,2563,11,1.0
30,2563,11,1.0
42,2563,11,51.0
46,2563,11,1.0
64,2564,11,0.0
1,2564,11,0.0
56,2564,11,0.0
34,2564,11,3.0
49,2564,11,12.0
28,2564,11,6.0
13,2564,11,4.0
15,2564,11,1.0
11,2564,11,7.0
9,2564,11,1.0
25,2564,11,22.0
69,2564,11,0.0
72,2564,11,1.0
14,2564,11,7.0
50,2564,11,7.0
17,2564,11,0.0
58,2564,11,0.0
36,2564,11,1.0
19,2564,11,1.0
63,2564,11,1.0
47,2564,11,17.0
3,2564,11,0.0
76,2564,11,0.0
43,2564,11,1.0
77,2564,11,0.0
20,2564,11,3.0
4,2564,11,0.0
62,2564,11,1.0
16,2564,11,0.0
74,2564,11,1.0
5,2564,11,1.0
44,2564,11,3.0
65,2564,11,0.0
73,2564,11,0.0
53,2564,11,14.0
52,2564,11,12.0
66,2564,11,0.0
32,2564,11,2.0
37,2564,11,0.0
75,2564,11,0.0
24,2564,11,0.0
68,2564,11,0.0
12,2564,11,0.0
55,2564,11,1.0
33,2564,11,5.0
7,2564,11,2.0
40,2564,11,1.0
39,2564,11,0.0
22,2564,11,1.0
35,2564,11,1.0
70,2564,11,0.0
71,2564,11,0.0
2,2564,11,0.0
60,2564,11,0.0
59,2564,11,0.0
10,2564,11,0.0
18,2564,11,0.0
8,2564,11,0.0
57,2564,11,1.0
67,2564,11,1.0
21,2564,11,1.0
51,2564,11,0.0
31,2564,11,2.0
27,2564,11,4.0
26,2564,11,0.0
29,2564,11,2.0
41,2564,11,7.0
48,2564,11,2.0
23,2564,11,0.0
6,2564,11,0.0
45,2564,11,3.0
38,2564,11,0.0
61,2564,11,0.0
54,2564,11,13.0
30,2564,11,0.0
42,2564,11,0.0
46,2564,11,0.0
64,2565,11,0.0
1,2565,11,0.0
56,2565,11,1.0
34,2565,11,5.0
49,2565,11,12.0
28,2565,11,6.0
13,2565,11,6.0
15,2565,11,0.0
11,2565,11,5.0
9,2565,11,1.0
25,2565,11,21.0
69,2565,11,0.0
72,2565,11,0.0
14,2565,11,7.0
50,2565,11,0.0
17,2565,11,0.0
58,2565,11,2.0
36,2565,11,1.0
19,2565,11,2.0
63,2565,11,1.0
47,2565,11,16.0
3,2565,11,0.0
76,2565,11,0.0
43,2565,11,0.0
77,2565,11,0.0
20,2565,11,3.0
4,2565,11,0.0
62,2565,11,2.0
16,2565,11,0.0
74,2565,11,0.0
5,2565,11,0.0
44,2565,11,0.0
65,2565,11,0.0
73,2565,11,0.0
53,2565,11,14.0
52,2565,11,5.0
66,2565,11,0.0
32,2565,11,2.0
37,2565,11,0.0
75,2565,11,0.0
24,2565,11,0.0
68,2565,11,0.0
12,2565,11,2.0
55,2565,11,2.0
33,2565,11,2.0
7,2565,11,2.0
40,2565,11,0.0
39,2565,11,1.0
22,2565,11,1.0
35,2565,11,1.0
70,2565,11,0.0
71,2565,11,1.0
2,2565,11,0.0
60,2565,11,0.0
59,2565,11,0.0
10,2565,11,0.0
18,2565,11,0.0
8,2565,11,0.0
57,2565,11,2.0
67,2565,11,1.0
21,2565,11,0.0
51,2565,11,1.0
31,2565,11,1.0
27,2565,11,7.0
26,2565,11,0.0
29,2565,11,2.0
41,2565,11,6.0
48,2565,11,3.0
23,2565,11,0.0
6,2565,11,0.0
45,2565,11,13.0
38,2565,11,0.0
61,2565,11,1.0
54,2565,11,11.0
30,2565,11,2.0
42,2565,11,0.0
46,2565,11,0.0
64,2566,11,0.0
1,2566,11,0.0
56,2566,11,5.0
34,2566,11,2.0
49,2566,11,12.0
28,2566,11,7.0
13,2566,11,3.0
15,2566,11,1.0
11,2566,11,5.0
9,2566,11,1.0
25,2566,11,12.0
69,2566,11,0.0
72,2566,11,0.0
14,2566,11,0.0
50,2566,11,7.0
17,2566,11,0.0
58,2566,11,1.0
36,2566,11,1.0
19,2566,11,1.0
63,2566,11,0.0
47,2566,11,16.0
3,2566,11,0.0
76,2566,11,0.0
43,2566,11,1.0
77,2566,11,0.0
20,2566,11,1.0
4,2566,11,0.0
62,2566,11,5.0
16,2566,11,0.0
74,2566,11,0.0
5,2566,11,0.0
44,2566,11,0.0
65,2566,11,0.0
73,2566,11,0.0
53,2566,11,13.0
52,2566,11,4.0
66,2566,11,0.0
32,2566,11,2.0
37,2566,11,0.0
75,2566,11,0.0
24,2566,11,0.0
68,2566,11,0.0
12,2566,11,0.0
55,2566,11,2.0
33,2566,11,1.0
7,2566,11,2.0
40,2566,11,0.0
39,2566,11,0.0
22,2566,11,1.0
35,2566,11,0.0
70,2566,11,0.0
71,2566,11,0.0
2,2566,11,0.0
60,2566,11,0.0
59,2566,11,0.0
10,2566,11,0.0
18,2566,11,1.0
8,2566,11,0.0
57,2566,11,1.0
67,2566,11,1.0
21,2566,11,0.0
51,2566,11,1.0
31,2566,11,1.0
27,2566,11,7.0
26,2566,11,11.0
29,2566,11,2.0
41,2566,11,6.0
48,2566,11,3.0
23,2566,11,0.0
6,2566,11,0.0
45,2566,11,14.0
38,2566,11,0.0
61,2566,11,1.0
54,2566,11,12.0
30,2566,11,2.0
42,2566,11,0.0
46,2566,11,0.0
64,2567,11,1.0
1,2567,11,0.0
56,2567,11,4.0
34,2567,11,2.0
49,2567,11,11.0
28,2567,11,8.0
13,2567,11,3.0
15,2567,11,1.0
11,2567,11,4.0
9,2567,11,0.0
25,2567,11,11.0
69,2567,11,0.0
72,2567,11,0.0
14,2567,11,0.0
50,2567,11,7.0
17,2567,11,0.0
58,2567,11,0.0
36,2567,11,0.0
19,2567,11,1.0
63,2567,11,0.0
47,2567,11,15.0
3,2567,11,0.0
76,2567,11,0.0
43,2567,11,0.0
77,2567,11,0.0
20,2567,11,2.0
4,2567,11,0.0
62,2567,11,4.0
16,2567,11,0.0
74,2567,11,0.0
5,2567,11,0.0
44,2567,11,0.0
65,2567,11,0.0
73,2567,11,0.0
53,2567,11,11.0
52,2567,11,5.0
66,2567,11,0.0
32,2567,11,2.0
37,2567,11,0.0
75,2567,11,0.0
24,2567,11,0.0
68,2567,11,0.0
12,2567,11,1.0
55,2567,11,2.0
33,2567,11,1.0
7,2567,11,0.0
40,2567,11,0.0
39,2567,11,0.0
22,2567,11,1.0
35,2567,11,0.0
70,2567,11,0.0
71,2567,11,0.0
2,2567,11,0.0
60,2567,11,0.0
59,2567,11,0.0
10,2567,11,0.0
18,2567,11,1.0
8,2567,11,0.0
57,2567,11,1.0
67,2567,11,1.0
21,2567,11,0.0
51,2567,11,2.0
31,2567,11,0.0
27,2567,11,0.0
26,2567,11,11.0
29,2567,11,0.0
41,2567,11,7.0
48,2567,11,3.0
23,2567,11,0.0
6,2567,11,0.0
45,2567,11,14.0
38,2567,11,1.0
61,2567,11,0.0
54,2567,11,12.0
30,2567,11,0.0
42,2567,11,0.0
46,2567,11,0.0
64,2568,11,1.0
1,2568,11,0.0
56,2568,11,5.0
34,2568,11,4.0
49,2568,11,11.0
28,2568,11,7.0
13,2568,11,1.0
15,2568,11,1.0
11,2568,11,2.0
9,2568,11,0.0
25,2568,11,5.0
69,2568,11,0.0
72,2568,11,0.0
14,2568,11,0.0
50,2568,11,7.0
17,2568,11,0.0
58,2568,11,0.0
36,2568,11,1.0
19,2568,11,1.0
63,2568,11,0.0
47,2568,11,14.0
3,2568,11,0.0
76,2568,11,0.0
43,2568,11,1.0
77,2568,11,0.0
20,2568,11,2.0
4,2568,11,0.0
62,2568,11,6.0
16,2568,11,0.0
74,2568,11,0.0
5,2568,11,0.0
44,2568,11,0.0
65,2568,11,0.0
73,2568,11,0.0
53,2568,11,9.0
52,2568,11,10.0
66,2568,11,0.0
32,2568,11,1.0
37,2568,11,0.0
75,2568,11,0.0
24,2568,11,0.0
68,2568,11,0.0
12,2568,11,1.0
55,2568,11,1.0
33,2568,11,0.0
7,2568,11,0.0
40,2568,11,0.0
39,2568,11,0.0
22,2568,11,1.0
35,2568,11,0.0
70,2568,11,0.0
71,2568,11,0.0
2,2568,11,0.0
60,2568,11,0.0
59,2568,11,0.0
10,2568,11,0.0
18,2568,11,1.0
8,2568,11,0.0
57,2568,11,0.0
67,2568,11,1.0
21,2568,11,0.0
51,2568,11,1.0
31,2568,11,0.0
27,2568,11,4.0
26,2568,11,0.0
29,2568,11,2.0
41,2568,11,6.0
48,2568,11,2.0
23,2568,11,0.0
6,2568,11,0.0
45,2568,11,13.0
38,2568,11,0.0
61,2568,11,0.0
54,2568,11,11.0
30,2568,11,0.0
42,2568,11,0.0
46,2568,11,0.0
64,2556,12,1.0
1,2556,12,0.0
56,2556,12,1.0
34,2556,12,0.0
49,2556,12,0.0
28,2556,12,2.0
13,2556,12,0.0
15,2556,12,0.0
11,2556,12,1.0
9,2556,12,0.0
25,2556,12,0.0
69,2556,12,1.0
72,2556,12,1.0
14,2556,12,0.0
50,2556,12,1.0
17,2556,12,0.0
58,2556,12,0.0
36,2556,12,0.0
19,2556,12,0.0
63,2556,12,0.0
47,2556,12,0.0
3,2556,12,0.0
76,2556,12,0.0
43,2556,12,0.0
77,2556,12,0.0
20,2556,12,0.0
4,2556,12,0.0
62,2556,12,0.0
16,2556,12,0.0
74,2556,12,0.0
5,2556,12,0.0
44,2556,12,0.0
65,2556,12,0.0
73,2556,12,0.0
53,2556,12,0.0
52,2556,12,0.0
66,2556,12,0.0
32,2556,12,0.0
37,2556,12,0.0
75,2556,12,1.0
24,2556,12,0.0
68,2556,12,1.0
12,2556,12,2.0
55,2556,12,2.0
33,2556,12,0.0
7,2556,12,0.0
40,2556,12,0.0
39,2556,12,0.0
22,2556,12,0.0
35,2556,12,0.0
70,2556,12,3.0
71,2556,12,0.0
2,2556,12,0.0
60,2556,12,0.0
59,2556,12,0.0
10,2556,12,0.0
18,2556,12,0.0
8,2556,12,0.0
57,2556,12,0.0
67,2556,12,2.0
21,2556,12,0.0
51,2556,12,0.0
31,2556,12,0.0
27,2556,12,0.0
26,2556,12,0.0
29,2556,12,0.0
41,2556,12,0.0
48,2556,12,0.0
23,2556,12,0.0
6,2556,12,0.0
45,2556,12,1.0
38,2556,12,0.0
61,2556,12,0.0
54,2556,12,0.0
30,2556,12,1.0
42,2556,12,0.0
46,2556,12,0.0
64,2557,12,0.0
1,2557,12,0.0
56,2557,12,1.0
34,2557,12,0.0
49,2557,12,0.0
28,2557,12,1.0
13,2557,12,0.0
15,2557,12,0.0
11,2557,12,1.0
9,2557,12,1.0
25,2557,12,0.0
69,2557,12,0.0
72,2557,12,1.0
14,2557,12,0.0
50,2557,12,1.0
17,2557,12,0.0
58,2557,12,0.0
36,2557,12,0.0
19,2557,12,0.0
63,2557,12,0.0
47,2557,12,0.0
3,2557,12,0.0
76,2557,12,0.0
43,2557,12,0.0
77,2557,12,0.0
20,2557,12,0.0
4,2557,12,0.0
62,2557,12,1.0
16,2557,12,0.0
74,2557,12,1.0
5,2557,12,1.0
44,2557,12,0.0
65,2557,12,0.0
73,2557,12,0.0
53,2557,12,0.0
52,2557,12,1.0
66,2557,12,0.0
32,2557,12,1.0
37,2557,12,0.0
75,2557,12,0.0
24,2557,12,0.0
68,2557,12,0.0
12,2557,12,1.0
55,2557,12,2.0
33,2557,12,0.0
7,2557,12,0.0
40,2557,12,0.0
39,2557,12,0.0
22,2557,12,0.0
35,2557,12,0.0
70,2557,12,3.0
71,2557,12,0.0
2,2557,12,0.0
60,2557,12,0.0
59,2557,12,1.0
10,2557,12,0.0
18,2557,12,0.0
8,2557,12,1.0
57,2557,12,1.0
67,2557,12,2.0
21,2557,12,0.0
51,2557,12,0.0
31,2557,12,0.0
27,2557,12,0.0
26,2557,12,0.0
29,2557,12,0.0
41,2557,12,0.0
48,2557,12,0.0
23,2557,12,0.0
6,2557,12,1.0
45,2557,12,0.0
38,2557,12,0.0
61,2557,12,1.0
54,2557,12,0.0
30,2557,12,1.0
42,2557,12,0.0
46,2557,12,0.0
64,2558,12,0.0
1,2558,12,0.0
56,2558,12,0.0
34,2558,12,0.0
49,2558,12,0.0
28,2558,12,2.0
13,2558,12,0.0
15,2558,12,0.0
11,2558,12,1.0
9,2558,12,0.0
25,2558,12,0.0
69,2558,12,1.0
72,2558,12,1.0
14,2558,12,0.0
50,2558,12,1.0
17,2558,12,0.0
58,2558,12,1.0
36,2558,12,0.0
19,2558,12,0.0
63,2558,12,0.0
47,2558,12,0.0
3,2558,12,0.0
76,2558,12,0.0
43,2558,12,0.0
77,2558,12,0.0
20,2558,12,0.0
4,2558,12,1.0
62,2558,12,0.0
16,2558,12,0.0
74,2558,12,0.0
5,2558,12,1.0
44,2558,12,0.0
65,2558,12,0.0
73,2558,12,0.0
53,2558,12,0.0
52,2558,12,0.0
66,2558,12,0.0
32,2558,12,0.0
37,2558,12,0.0
75,2558,12,0.0
24,2558,12,0.0
68,2558,12,0.0
12,2558,12,1.0
55,2558,12,1.0
33,2558,12,0.0
7,2558,12,1.0
40,2558,12,1.0
39,2558,12,0.0
22,2558,12,0.0
35,2558,12,0.0
70,2558,12,0.0
71,2558,12,0.0
2,2558,12,1.0
60,2558,12,0.0
59,2558,12,1.0
10,2558,12,0.0
18,2558,12,0.0
8,2558,12,0.0
57,2558,12,1.0
67,2558,12,1.0
21,2558,12,0.0
51,2558,12,0.0
31,2558,12,0.0
27,2558,12,0.0
26,2558,12,0.0
29,2558,12,0.0
41,2558,12,0.0
48,2558,12,0.0
23,2558,12,0.0
6,2558,12,1.0
45,2558,12,0.0
38,2558,12,0.0
61,2558,12,0.0
54,2558,12,0.0
30,2558,12,0.0
42,2558,12,1.0
46,2558,12,0.0
64,2559,12,0.0
1,2559,12,0.0
56,2559,12,0.0
34,2559,12,0.0
49,2559,12,0.0
28,2559,12,2.0
13,2559,12,0.0
15,2559,12,0.0
11,2559,12,0.0
9,2559,12,0.0
25,2559,12,0.0
69,2559,12,1.0
72,2559,12,0.0
14,2559,12,0.0
50,2559,12,1.0
17,2559,12,0.0
58,2559,12,1.0
36,2559,12,0.0
19,2559,12,0.0
63,2559,12,0.0
47,2559,12,0.0
3,2559,12,0.0
76,2559,12,0.0
43,2559,12,0.0
77,2559,12,0.0
20,2559,12,0.0
4,2559,12,1.0
62,2559,12,0.0
16,2559,12,0.0
74,2559,12,0.0
5,2559,12,1.0
44,2559,12,0.0
65,2559,12,0.0
73,2559,12,0.0
53,2559,12,0.0
52,2559,12,1.0
66,2559,12,0.0
32,2559,12,0.0
37,2559,12,0.0
75,2559,12,0.0
24,2559,12,0.0
68,2559,12,0.0
12,2559,12,0.0
55,2559,12,1.0
33,2559,12,0.0
7,2559,12,1.0
40,2559,12,1.0
39,2559,12,0.0
22,2559,12,0.0
35,2559,12,0.0
70,2559,12,0.0
71,2559,12,0.0
2,2559,12,0.0
60,2559,12,0.0
59,2559,12,3.0
10,2559,12,0.0
18,2559,12,0.0
8,2559,12,0.0
57,2559,12,0.0
67,2559,12,0.0
21,2559,12,0.0
51,2559,12,0.0
31,2559,12,0.0
27,2559,12,0.0
26,2559,12,0.0
29,2559,12,0.0
41,2559,12,0.0
48,2559,12,0.0
23,2559,12,0.0
6,2559,12,0.0
45,2559,12,0.0
38,2559,12,0.0
61,2559,12,0.0
54,2559,12,0.0
30,2559,12,0.0
42,2559,12,1.0
46,2559,12,0.0
64,2560,12,0.0
1,2560,12,0.0
56,2560,12,0.0
34,2560,12,0.0
49,2560,12,0.0
28,2560,12,0.0
13,2560,12,0.0
15,2560,12,0.0
11,2560,12,2.0
9,2560,12,0.0
25,2560,12,0.0
69,2560,12,0.0
72,2560,12,0.0
14,2560,12,0.0
50,2560,12,1.0
17,2560,12,0.0
58,2560,12,0.0
36,2560,12,36.0
19,2560,12,0.0
63,2560,12,0.0
47,2560,12,0.0
3,2560,12,0.0
76,2560,12,0.0
43,2560,12,0.0
77,2560,12,0.0
20,2560,12,0.0
4,2560,12,0.0
62,2560,12,0.0
16,2560,12,0.0
74,2560,12,0.0
5,2560,12,1.0
44,2560,12,0.0
65,2560,12,0.0
73,2560,12,0.0
53,2560,12,0.0
52,2560,12,1.0
66,2560,12,0.0
32,2560,12,0.0
37,2560,12,0.0
75,2560,12,0.0
24,2560,12,0.0
68,2560,12,0.0
12,2560,12,0.0
55,2560,12,0.0
33,2560,12,0.0
7,2560,12,0.0
40,2560,12,0.0
39,2560,12,0.0
22,2560,12,0.0
35,2560,12,0.0
70,2560,12,0.0
71,2560,12,0.0
2,2560,12,0.0
60,2560,12,0.0
59,2560,12,0.0
10,2560,12,0.0
18,2560,12,0.0
8,2560,12,0.0
57,2560,12,0.0
67,2560,12,0.0
21,2560,12,0.0
51,2560,12,0.0
31,2560,12,0.0
27,2560,12,0.0
26,2560,12,0.0
29,2560,12,0.0
41,2560,12,0.0
48,2560,12,0.0
23,2560,12,0.0
6,2560,12,0.0
45,2560,12,0.0
38,2560,12,1.0
61,2560,12,0.0
54,2560,12,0.0
30,2560,12,0.0
42,2560,12,0.0
46,2560,12,0.0
64,2561,12,0.0
1,2561,12,0.0
56,2561,12,0.0
34,2561,12,0.0
49,2561,12,0.0
28,2561,12,0.0
13,2561,12,0.0
15,2561,12,0.0
11,2561,12,0.0
9,2561,12,0.0
25,2561,12,0.0
69,2561,12,0.0
72,2561,12,0.0
14,2561,12,0.0
50,2561,12,0.0
17,2561,12,0.0
58,2561,12,0.0
36,2561,12,0.0
19,2561,12,0.0
63,2561,12,0.0
47,2561,12,0.0
3,2561,12,0.0
76,2561,12,0.0
43,2561,12,0.0
77,2561,12,0.0
20,2561,12,0.0
4,2561,12,0.0
62,2561,12,0.0
16,2561,12,0.0
74,2561,12,0.0
5,2561,12,0.0
44,2561,12,0.0
65,2561,12,0.0
73,2561,12,0.0
53,2561,12,0.0
52,2561,12,0.0
66,2561,12,0.0
32,2561,12,0.0
37,2561,12,0.0
75,2561,12,0.0
24,2561,12,0.0
68,2561,12,0.0
12,2561,12,0.0
55,2561,12,0.0
33,2561,12,0.0
7,2561,12,0.0
40,2561,12,0.0
39,2561,12,0.0
22,2561,12,0.0
35,2561,12,0.0
70,2561,12,0.0
71,2561,12,0.0
2,2561,12,0.0
60,2561,12,0.0
59,2561,12,0.0
10,2561,12,0.0
18,2561,12,0.0
8,2561,12,0.0
57,2561,12,0.0
67,2561,12,0.0
21,2561,12,0.0
51,2561,12,0.0
31,2561,12,0.0
27,2561,12,0.0
26,2561,12,0.0
29,2561,12,0.0
41,2561,12,0.0
48,2561,12,0.0
23,2561,12,0.0
6,2561,12,0.0
45,2561,12,0.0
38,2561,12,1.0
61,2561,12,0.0
54,2561,12,0.0
30,2561,12,0.0
42,2561,12,0.0
46,2561,12,0.0
64,2562,12,0.0
1,2562,12,0.0
56,2562,12,0.0
34,2562,12,0.0
49,2562,12,0.0
28,2562,12,0.0
13,2562,12,0.0
15,2562,12,0.0
11,2562,12,1.0
9,2562,12,0.0
25,2562,12,0.0
69,2562,12,0.0
72,2562,12,0.0
14,2562,12,0.0
50,2562,12,0.0
17,2562,12,0.0
58,2562,12,1.0
36,2562,12,1.0
19,2562,12,0.0
63,2562,12,0.0
47,2562,12,0.0
3,2562,12,0.0
76,2562,12,0.0
43,2562,12,0.0
77,2562,12,0.0
20,2562,12,0.0
4,2562,12,0.0
62,2562,12,1.0
16,2562,12,0.0
74,2562,12,0.0
5,2562,12,1.0
44,2562,12,0.0
65,2562,12,0.0
73,2562,12,0.0
53,2562,12,0.0
52,2562,12,0.0
66,2562,12,0.0
32,2562,12,0.0
37,2562,12,0.0
75,2562,12,0.0
24,2562,12,0.0
68,2562,12,0.0
12,2562,12,0.0
55,2562,12,0.0
33,2562,12,0.0
7,2562,12,0.0
40,2562,12,0.0
39,2562,12,0.0
22,2562,12,0.0
35,2562,12,0.0
70,2562,12,0.0
71,2562,12,0.0
2,2562,12,0.0
60,2562,12,0.0
59,2562,12,0.0
10,2562,12,0.0
18,2562,12,0.0
8,2562,12,0.0
57,2562,12,0.0
67,2562,12,0.0
21,2562,12,0.0
51,2562,12,0.0
31,2562,12,0.0
27,2562,12,0.0
26,2562,12,0.0
29,2562,12,0.0
41,2562,12,0.0
48,2562,12,0.0
23,2562,12,0.0
6,2562,12,0.0
45,2562,12,0.0
38,2562,12,0.0
61,2562,12,0.0
54,2562,12,0.0
30,2562,12,0.0
42,2562,12,1.0
46,2562,12,0.0
64,2563,12,0.0
1,2563,12,0.0
56,2563,12,0.0
34,2563,12,0.0
49,2563,12,0.0
28,2563,12,0.0
13,2563,12,0.0
15,2563,12,0.0
11,2563,12,1.0
9,2563,12,0.0
25,2563,12,0.0
69,2563,12,0.0
72,2563,12,0.0
14,2563,12,0.0
50,2563,12,0.0
17,2563,12,0.0
58,2563,12,0.0
36,2563,12,0.0
19,2563,12,0.0
63,2563,12,0.0
47,2563,12,0.0
3,2563,12,0.0
76,2563,12,0.0
43,2563,12,0.0
77,2563,12,0.0
20,2563,12,0.0
4,2563,12,1.0
62,2563,12,0.0
16,2563,12,0.0
74,2563,12,0.0
5,2563,12,0.0
44,2563,12,0.0
65,2563,12,0.0
73,2563,12,0.0
53,2563,12,0.0
52,2563,12,0.0
66,2563,12,0.0
32,2563,12,0.0
37,2563,12,0.0
75,2563,12,0.0
24,2563,12,0.0
68,2563,12,0.0
12,2563,12,0.0
55,2563,12,0.0
33,2563,12,0.0
7,2563,12,0.0
40,2563,12,0.0
39,2563,12,0.0
22,2563,12,0.0
35,2563,12,0.0
70,2563,12,0.0
71,2563,12,0.0
2,2563,12,1.0
60,2563,12,0.0
59,2563,12,0.0
10,2563,12,0.0
18,2563,12,0.0
8,2563,12,0.0
57,2563,12,0.0
67,2563,12,0.0
21,2563,12,0.0
51,2563,12,0.0
31,2563,12,0.0
27,2563,12,0.0
26,2563,12,0.0
29,2563,12,0.0
41,2563,12,0.0
48,2563,12,0.0
23,2563,12,0.0
6,2563,12,0.0
45,2563,12,0.0
38,2563,12,0.0
61,2563,12,0.0
54,2563,12,1.0
30,2563,12,0.0
42,2563,12,1.0
46,2563,12,0.0
64,2564,12,0.0
1,2564,12,0.0
56,2564,12,0.0
34,2564,12,0.0
49,2564,12,0.0
28,2564,12,0.0
13,2564,12,0.0
15,2564,12,0.0
11,2564,12,0.0
9,2564,12,0.0
25,2564,12,0.0
69,2564,12,0.0
72,2564,12,0.0
14,2564,12,0.0
50,2564,12,0.0
17,2564,12,0.0
58,2564,12,0.0
36,2564,12,0.0
19,2564,12,0.0
63,2564,12,0.0
47,2564,12,0.0
3,2564,12,0.0
76,2564,12,0.0
43,2564,12,0.0
77,2564,12,0.0
20,2564,12,0.0
4,2564,12,0.0
62,2564,12,0.0
16,2564,12,0.0
74,2564,12,0.0
5,2564,12,0.0
44,2564,12,0.0
65,2564,12,0.0
73,2564,12,0.0
53,2564,12,0.0
52,2564,12,0.0
66,2564,12,0.0
32,2564,12,0.0
37,2564,12,0.0
75,2564,12,0.0
24,2564,12,0.0
68,2564,12,0.0
12,2564,12,0.0
55,2564,12,0.0
33,2564,12,0.0
7,2564,12,0.0
40,2564,12,0.0
39,2564,12,0.0
22,2564,12,0.0
35,2564,12,0.0
70,2564,12,0.0
71,2564,12,0.0
2,2564,12,1.0
60,2564,12,0.0
59,2564,12,0.0
10,2564,12,0.0
18,2564,12,1.0
8,2564,12,0.0
57,2564,12,0.0
67,2564,12,1.0
21,2564,12,0.0
51,2564,12,0.0
31,2564,12,0.0
27,2564,12,0.0
26,2564,12,0.0
29,2564,12,0.0
41,2564,12,0.0
48,2564,12,0.0
23,2564,12,0.0
6,2564,12,0.0
45,2564,12,0.0
38,2564,12,0.0
61,2564,12,0.0
54,2564,12,0.0
30,2564,12,0.0
42,2564,12,1.0
46,2564,12,0.0
64,2565,12,0.0
1,2565,12,0.0
56,2565,12,0.0
34,2565,12,0.0
49,2565,12,0.0
28,2565,12,0.0
13,2565,12,0.0
15,2565,12,0.0
11,2565,12,1.0
9,2565,12,0.0
25,2565,12,0.0
69,2565,12,0.0
72,2565,12,0.0
14,2565,12,0.0
50,2565,12,0.0
17,2565,12,0.0
58,2565,12,0.0
36,2565,12,0.0
19,2565,12,0.0
63,2565,12,0.0
47,2565,12,0.0
3,2565,12,0.0
76,2565,12,0.0
43,2565,12,0.0
77,2565,12,0.0
20,2565,12,0.0
4,2565,12,0.0
62,2565,12,1.0
16,2565,12,0.0
74,2565,12,0.0
5,2565,12,0.0
44,2565,12,0.0
65,2565,12,0.0
73,2565,12,1.0
53,2565,12,0.0
52,2565,12,0.0
66,2565,12,0.0
32,2565,12,0.0
37,2565,12,0.0
75,2565,12,0.0
24,2565,12,0.0
68,2565,12,0.0
12,2565,12,0.0
55,2565,12,0.0
33,2565,12,0.0
7,2565,12,0.0
40,2565,12,0.0
39,2565,12,0.0
22,2565,12,0.0
35,2565,12,0.0
70,2565,12,0.0
71,2565,12,0.0
2,2565,12,1.0
60,2565,12,0.0
59,2565,12,0.0
10,2565,12,0.0
18,2565,12,1.0
8,2565,12,0.0
57,2565,12,0.0
67,2565,12,1.0
21,2565,12,0.0
51,2565,12,0.0
31,2565,12,0.0
27,2565,12,0.0
26,2565,12,0.0
29,2565,12,0.0
41,2565,12,0.0
48,2565,12,0.0
23,2565,12,0.0
6,2565,12,0.0
45,2565,12,0.0
38,2565,12,0.0
61,2565,12,1.0
54,2565,12,0.0
30,2565,12,0.0
42,2565,12,1.0
46,2565,12,0.0
64,2566,12,0.0
1,2566,12,0.0
56,2566,12,0.0
34,2566,12,0.0
49,2566,12,0.0
28,2566,12,0.0
13,2566,12,0.0
15,2566,12,0.0
11,2566,12,2.0
9,2566,12,0.0
25,2566,12,0.0
69,2566,12,0.0
72,2566,12,0.0
14,2566,12,0.0
50,2566,12,0.0
17,2566,12,0.0
58,2566,12,0.0
36,2566,12,0.0
19,2566,12,0.0
63,2566,12,0.0
47,2566,12,0.0
3,2566,12,0.0
76,2566,12,0.0
43,2566,12,0.0
77,2566,12,0.0
20,2566,12,0.0
4,2566,12,0.0
62,2566,12,0.0
16,2566,12,0.0
74,2566,12,0.0
5,2566,12,0.0
44,2566,12,0.0
65,2566,12,0.0
73,2566,12,0.0
53,2566,12,0.0
52,2566,12,0.0
66,2566,12,0.0
32,2566,12,1.0
37,2566,12,0.0
75,2566,12,0.0
24,2566,12,0.0
68,2566,12,0.0
12,2566,12,0.0
55,2566,12,0.0
33,2566,12,0.0
7,2566,12,0.0
40,2566,12,0.0
39,2566,12,0.0
22,2566,12,0.0
35,2566,12,0.0
70,2566,12,0.0
71,2566,12,0.0
2,2566,12,0.0
60,2566,12,0.0
59,2566,12,0.0
10,2566,12,0.0
18,2566,12,1.0
8,2566,12,0.0
57,2566,12,0.0
67,2566,12,1.0
21,2566,12,0.0
51,2566,12,0.0
31,2566,12,0.0
27,2566,12,0.0
26,2566,12,0.0
29,2566,12,0.0
41,2566,12,0.0
48,2566,12,0.0
23,2566,12,0.0
6,2566,12,0.0
45,2566,12,0.0
38,2566,12,0.0
61,2566,12,1.0
54,2566,12,0.0
30,2566,12,0.0
42,2566,12,0.0
46,2566,12,0.0
64,2567,12,0.0
1,2567,12,0.0
56,2567,12,0.0
34,2567,12,0.0
49,2567,12,0.0
28,2567,12,0.0
13,2567,12,1.0
15,2567,12,0.0
11,2567,12,1.0
9,2567,12,0.0
25,2567,12,0.0
69,2567,12,0.0
72,2567,12,0.0
14,2567,12,0.0
50,2567,12,0.0
17,2567,12,0.0
58,2567,12,0.0
36,2567,12,0.0
19,2567,12,0.0
63,2567,12,0.0
47,2567,12,0.0
3,2567,12,0.0
76,2567,12,0.0
43,2567,12,0.0
77,2567,12,0.0
20,2567,12,0.0
4,2567,12,0.0
62,2567,12,0.0
16,2567,12,0.0
74,2567,12,0.0
5,2567,12,0.0
44,2567,12,0.0
65,2567,12,0.0
73,2567,12,0.0
53,2567,12,0.0
52,2567,12,0.0
66,2567,12,0.0
32,2567,12,1.0
37,2567,12,0.0
75,2567,12,0.0
24,2567,12,0.0
68,2567,12,0.0
12,2567,12,0.0
55,2567,12,1.0
33,2567,12,0.0
7,2567,12,0.0
40,2567,12,0.0
39,2567,12,0.0
22,2567,12,0.0
35,2567,12,0.0
70,2567,12,0.0
71,2567,12,0.0
2,2567,12,0.0
60,2567,12,0.0
59,2567,12,0.0
10,2567,12,0.0
18,2567,12,0.0
8,2567,12,0.0
57,2567,12,0.0
67,2567,12,1.0
21,2567,12,0.0
51,2567,12,0.0
31,2567,12,0.0
27,2567,12,0.0
26,2567,12,0.0
29,2567,12,0.0
41,2567,12,0.0
48,2567,12,0.0
23,2567,12,0.0
6,2567,12,0.0
45,2567,12,0.0
38,2567,12,0.0
61,2567,12,1.0
54,2567,12,0.0
30,2567,12,0.0
42,2567,12,0.0
46,2567,12,0.0
64,2568,12,0.0
1,2568,12,0.0
56,2568,12,0.0
34,2568,12,0.0
49,2568,12,0.0
28,2568,12,0.0
13,2568,12,1.0
15,2568,12,0.0
11,2568,12,1.0
9,2568,12,0.0
25,2568,12,0.0
69,2568,12,0.0
72,2568,12,0.0
14,2568,12,0.0
50,2568,12,0.0
17,2568,12,0.0
58,2568,12,0.0
36,2568,12,0.0
19,2568,12,0.0
63,2568,12,0.0
47,2568,12,0.0
3,2568,12,0.0
76,2568,12,0.0
43,2568,12,0.0
77,2568,12,0.0
20,2568,12,0.0
4,2568,12,0.0
62,2568,12,0.0
16,2568,12,0.0
74,2568,12,0.0
5,2568,12,0.0
44,2568,12,0.0
65,2568,12,0.0
73,2568,12,0.0
53,2568,12,0.0
52,2568,12,0.0
66,2568,12,0.0
32,2568,12,1.0
37,2568,12,0.0
75,2568,12,0.0
24,2568,12,0.0
68,2568,12,0.0
12,2568,12,0.0
55,2568,12,0.0
33,2568,12,0.0
7,2568,12,0.0
40,2568,12,0.0
39,2568,12,0.0
22,2568,12,0.0
35,2568,12,0.0
70,2568,12,0.0
71,2568,12,0.0
2,2568,12,0.0
60,2568,12,0.0
59,2568,12,0.0
10,2568,12,0.0
18,2568,12,0.0
8,2568,12,0.0
57,2568,12,0.0
67,2568,12,1.0
21,2568,12,0.0
51,2568,12,0.0
31,2568,12,0.0
27,2568,12,0.0
26,2568,12,0.0
29,2568,12,0.0
41,2568,12,0.0
48,2568,12,0.0
23,2568,12,0.0
6,2568,12,0.0
45,2568,12,0.0
38,2568,12,1.0
61,2568,12,1.0
54,2568,12,0.0
30,2568,12,0.0
42,2568,12,0.0
46,2568,12,0.0
64,2556,13,0.0
1,2556,13,0.0
56,2556,13,0.0
34,2556,13,0.0
49,2556,13,0.0
28,2556,13,0.0
13,2556,13,1.0
15,2556,13,0.0
11,2556,13,1.0
9,2556,13,0.0
25,2556,13,6.0
69,2556,13,0.0
72,2556,13,0.0
14,2556,13,0.0
50,2556,13,2.0
17,2556,13,0.0
58,2556,13,0.0
36,2556,13,0.0
19,2556,13,0.0
63,2556,13,0.0
47,2556,13,0.0
3,2556,13,0.0
76,2556,13,0.0
43,2556,13,0.0
77,2556,13,1.0
20,2556,13,0.0
4,2556,13,0.0
62,2556,13,0.0
16,2556,13,0.0
74,2556,13,0.0
5,2556,13,0.0
44,2556,13,0.0
65,2556,13,1.0
73,2556,13,0.0
53,2556,13,0.0
52,2556,13,0.0
66,2556,13,0.0
32,2556,13,0.0
37,2556,13,0.0
75,2556,13,0.0
24,2556,13,0.0
68,2556,13,0.0
12,2556,13,0.0
55,2556,13,0.0
33,2556,13,0.0
7,2556,13,0.0
40,2556,13,1.0
39,2556,13,13.0
22,2556,13,0.0
35,2556,13,0.0
70,2556,13,0.0
71,2556,13,0.0
2,2556,13,0.0
60,2556,13,0.0
59,2556,13,0.0
10,2556,13,0.0
18,2556,13,0.0
8,2556,13,2.0
57,2556,13,0.0
67,2556,13,1.0
21,2556,13,3.0
51,2556,13,0.0
31,2556,13,0.0
27,2556,13,0.0
26,2556,13,0.0
29,2556,13,0.0
41,2556,13,2.0
48,2556,13,0.0
23,2556,13,0.0
6,2556,13,0.0
45,2556,13,3.0
38,2556,13,2.0
61,2556,13,0.0
54,2556,13,5.0
30,2556,13,0.0
42,2556,13,0.0
46,2556,13,1.0
64,2557,13,0.0
1,2557,13,0.0
56,2557,13,0.0
34,2557,13,0.0
49,2557,13,0.0
28,2557,13,0.0
13,2557,13,0.0
15,2557,13,0.0
11,2557,13,2.0
9,2557,13,0.0
25,2557,13,6.0
69,2557,13,0.0
72,2557,13,0.0
14,2557,13,0.0
50,2557,13,2.0
17,2557,13,0.0
58,2557,13,0.0
36,2557,13,0.0
19,2557,13,0.0
63,2557,13,0.0
47,2557,13,0.0
3,2557,13,0.0
76,2557,13,0.0
43,2557,13,0.0
77,2557,13,0.0
20,2557,13,0.0
4,2557,13,0.0
62,2557,13,1.0
16,2557,13,0.0
74,2557,13,0.0
5,2557,13,0.0
44,2557,13,0.0
65,2557,13,1.0
73,2557,13,0.0
53,2557,13,0.0
52,2557,13,0.0
66,2557,13,0.0
32,2557,13,0.0
37,2557,13,0.0
75,2557,13,0.0
24,2557,13,0.0
68,2557,13,0.0
12,2557,13,0.0
55,2557,13,0.0
33,2557,13,0.0
7,2557,13,0.0
40,2557,13,1.0
39,2557,13,13.0
22,2557,13,0.0
35,2557,13,0.0
70,2557,13,0.0
71,2557,13,0.0
2,2557,13,0.0
60,2557,13,0.0
59,2557,13,0.0
10,2557,13,0.0
18,2557,13,0.0
8,2557,13,2.0
57,2557,13,0.0
67,2557,13,1.0
21,2557,13,3.0
51,2557,13,0.0
31,2557,13,0.0
27,2557,13,0.0
26,2557,13,1.0
29,2557,13,0.0
41,2557,13,2.0
48,2557,13,0.0
23,2557,13,0.0
6,2557,13,0.0
45,2557,13,5.0
38,2557,13,2.0
61,2557,13,0.0
54,2557,13,4.0
30,2557,13,0.0
42,2557,13,0.0
46,2557,13,1.0
64,2558,13,0.0
1,2558,13,0.0
56,2558,13,0.0
34,2558,13,0.0
49,2558,13,0.0
28,2558,13,0.0
13,2558,13,1.0
15,2558,13,0.0
11,2558,13,2.0
9,2558,13,0.0
25,2558,13,6.0
69,2558,13,2.0
72,2558,13,1.0
14,2558,13,0.0
50,2558,13,0.0
17,2558,13,0.0
58,2558,13,0.0
36,2558,13,0.0
19,2558,13,1.0
63,2558,13,0.0
47,2558,13,0.0
3,2558,13,0.0
76,2558,13,0.0
43,2558,13,0.0
77,2558,13,0.0
20,2558,13,0.0
4,2558,13,0.0
62,2558,13,0.0
16,2558,13,0.0
74,2558,13,0.0
5,2558,13,0.0
44,2558,13,2.0
65,2558,13,0.0
73,2558,13,2.0
53,2558,13,0.0
52,2558,13,0.0
66,2558,13,0.0
32,2558,13,1.0
37,2558,13,0.0
75,2558,13,0.0
24,2558,13,0.0
68,2558,13,1.0
12,2558,13,0.0
55,2558,13,1.0
33,2558,13,0.0
7,2558,13,0.0
40,2558,13,1.0
39,2558,13,14.0
22,2558,13,0.0
35,2558,13,0.0
70,2558,13,0.0
71,2558,13,1.0
2,2558,13,0.0
60,2558,13,0.0
59,2558,13,0.0
10,2558,13,0.0
18,2558,13,0.0
8,2558,13,0.0
57,2558,13,0.0
67,2558,13,1.0
21,2558,13,3.0
51,2558,13,0.0
31,2558,13,0.0
27,2558,13,0.0
26,2558,13,0.0
29,2558,13,1.0
41,2558,13,1.0
48,2558,13,0.0
23,2558,13,0.0
6,2558,13,4.0
45,2558,13,8.0
38,2558,13,3.0
61,2558,13,0.0
54,2558,13,5.0
30,2558,13,0.0
42,2558,13,0.0
46,2558,13,0.0
64,2559,13,0.0
1,2559,13,0.0
56,2559,13,1.0
34,2559,13,0.0
49,2559,13,0.0
28,2559,13,0.0
13,2559,13,0.0
15,2559,13,0.0
11,2559,13,1.0
9,2559,13,0.0
25,2559,13,0.0
69,2559,13,2.0
72,2559,13,6.0
14,2559,13,0.0
50,2559,13,0.0
17,2559,13,0.0
58,2559,13,0.0
36,2559,13,0.0
19,2559,13,3.0
63,2559,13,2.0
47,2559,13,0.0
3,2559,13,0.0
76,2559,13,0.0
43,2559,13,0.0
77,2559,13,2.0
20,2559,13,2.0
4,2559,13,0.0
62,2559,13,0.0
16,2559,13,0.0
74,2559,13,0.0
5,2559,13,0.0
44,2559,13,0.0
65,2559,13,0.0
73,2559,13,2.0
53,2559,13,0.0
52,2559,13,0.0
66,2559,13,0.0
32,2559,13,1.0
37,2559,13,0.0
75,2559,13,0.0
24,2559,13,0.0
68,2559,13,1.0
12,2559,13,1.0
55,2559,13,1.0
33,2559,13,0.0
7,2559,13,0.0
40,2559,13,0.0
39,2559,13,13.0
22,2559,13,1.0
35,2559,13,1.0
70,2559,13,0.0
71,2559,13,1.0
2,2559,13,0.0
60,2559,13,0.0
59,2559,13,0.0
10,2559,13,0.0
18,2559,13,1.0
8,2559,13,0.0
57,2559,13,0.0
67,2559,13,1.0
21,2559,13,3.0
51,2559,13,0.0
31,2559,13,0.0
27,2559,13,0.0
26,2559,13,1.0
29,2559,13,2.0
41,2559,13,2.0
48,2559,13,0.0
23,2559,13,0.0
6,2559,13,0.0
45,2559,13,7.0
38,2559,13,4.0
61,2559,13,0.0
54,2559,13,5.0
30,2559,13,0.0
42,2559,13,0.0
46,2559,13,0.0
64,2560,13,0.0
1,2560,13,0.0
56,2560,13,1.0
34,2560,13,0.0
49,2560,13,1.0
28,2560,13,0.0
13,2560,13,1.0
15,2560,13,0.0
11,2560,13,1.0
9,2560,13,0.0
25,2560,13,0.0
69,2560,13,0.0
72,2560,13,7.0
14,2560,13,0.0
50,2560,13,1.0
17,2560,13,0.0
58,2560,13,0.0
36,2560,13,0.0
19,2560,13,4.0
63,2560,13,2.0
47,2560,13,0.0
3,2560,13,0.0
76,2560,13,0.0
43,2560,13,1.0
77,2560,13,0.0
20,2560,13,0.0
4,2560,13,0.0
62,2560,13,3.0
16,2560,13,1.0
74,2560,13,1.0
5,2560,13,0.0
44,2560,13,0.0
65,2560,13,0.0
73,2560,13,2.0
53,2560,13,0.0
52,2560,13,1.0
66,2560,13,0.0
32,2560,13,2.0
37,2560,13,0.0
75,2560,13,0.0
24,2560,13,0.0
68,2560,13,0.0
12,2560,13,0.0
55,2560,13,1.0
33,2560,13,0.0
7,2560,13,0.0
40,2560,13,1.0
39,2560,13,3.0
22,2560,13,1.0
35,2560,13,0.0
70,2560,13,0.0
71,2560,13,0.0
2,2560,13,0.0
60,2560,13,0.0
59,2560,13,0.0
10,2560,13,0.0
18,2560,13,0.0
8,2560,13,0.0
57,2560,13,1.0
67,2560,13,0.0
21,2560,13,3.0
51,2560,13,1.0
31,2560,13,0.0
27,2560,13,0.0
26,2560,13,0.0
29,2560,13,0.0
41,2560,13,2.0
48,2560,13,0.0
23,2560,13,0.0
6,2560,13,0.0
45,2560,13,2.0
38,2560,13,1.0
61,2560,13,0.0
54,2560,13,5.0
30,2560,13,0.0
42,2560,13,0.0
46,2560,13,0.0
64,2561,13,0.0
1,2561,13,0.0
56,2561,13,1.0
34,2561,13,0.0
49,2561,13,0.0
28,2561,13,0.0
13,2561,13,1.0
15,2561,13,0.0
11,2561,13,2.0
9,2561,13,0.0
25,2561,13,0.0
69,2561,13,3.0
72,2561,13,7.0
14,2561,13,0.0
50,2561,13,1.0
17,2561,13,0.0
58,2561,13,0.0
36,2561,13,0.0
19,2561,13,3.0
63,2561,13,0.0
47,2561,13,0.0
3,2561,13,0.0
76,2561,13,0.0
43,2561,13,0.0
77,2561,13,3.0
20,2561,13,0.0
4,2561,13,0.0
62,2561,13,1.0
16,2561,13,1.0
74,2561,13,0.0
5,2561,13,0.0
44,2561,13,0.0
65,2561,13,0.0
73,2561,13,1.0
53,2561,13,0.0
52,2561,13,0.0
66,2561,13,0.0
32,2561,13,0.0
37,2561,13,0.0
75,2561,13,0.0
24,2561,13,1.0
68,2561,13,0.0
12,2561,13,1.0
55,2561,13,1.0
33,2561,13,1.0
7,2561,13,0.0
40,2561,13,1.0
39,2561,13,3.0
22,2561,13,0.0
35,2561,13,0.0
70,2561,13,0.0
71,2561,13,0.0
2,2561,13,0.0
60,2561,13,0.0
59,2561,13,0.0
10,2561,13,0.0
18,2561,13,1.0
8,2561,13,0.0
57,2561,13,1.0
67,2561,13,1.0
21,2561,13,3.0
51,2561,13,1.0
31,2561,13,0.0
27,2561,13,0.0
26,2561,13,0.0
29,2561,13,0.0
41,2561,13,4.0
48,2561,13,0.0
23,2561,13,0.0
6,2561,13,0.0
45,2561,13,2.0
38,2561,13,1.0
61,2561,13,0.0
54,2561,13,4.0
30,2561,13,0.0
42,2561,13,0.0
46,2561,13,0.0
64,2562,13,0.0
1,2562,13,0.0
56,2562,13,1.0
34,2562,13,0.0
49,2562,13,1.0
28,2562,13,2.0
13,2562,13,1.0
15,2562,13,0.0
11,2562,13,2.0
9,2562,13,0.0
25,2562,13,4.0
69,2562,13,3.0
72,2562,13,7.0
14,2562,13,0.0
50,2562,13,1.0
17,2562,13,0.0
58,2562,13,0.0
36,2562,13,0.0
19,2562,13,3.0
63,2562,13,1.0
47,2562,13,0.0
3,2562,13,0.0
76,2562,13,0.0
43,2562,13,0.0
77,2562,13,1.0
20,2562,13,0.0
4,2562,13,0.0
62,2562,13,1.0
16,2562,13,1.0
74,2562,13,1.0
5,2562,13,0.0
44,2562,13,4.0
65,2562,13,0.0
73,2562,13,1.0
53,2562,13,0.0
52,2562,13,0.0
66,2562,13,0.0
32,2562,13,0.0
37,2562,13,0.0
75,2562,13,0.0
24,2562,13,3.0
68,2562,13,0.0
12,2562,13,0.0
55,2562,13,1.0
33,2562,13,3.0
7,2562,13,0.0
40,2562,13,1.0
39,2562,13,6.0
22,2562,13,0.0
35,2562,13,0.0
70,2562,13,0.0
71,2562,13,0.0
2,2562,13,0.0
60,2562,13,0.0
59,2562,13,0.0
10,2562,13,0.0
18,2562,13,1.0
8,2562,13,0.0
57,2562,13,1.0
67,2562,13,1.0
21,2562,13,3.0
51,2562,13,1.0
31,2562,13,0.0
27,2562,13,0.0
26,2562,13,0.0
29,2562,13,0.0
41,2562,13,4.0
48,2562,13,0.0
23,2562,13,0.0
6,2562,13,0.0
45,2562,13,5.0
38,2562,13,2.0
61,2562,13,0.0
54,2562,13,4.0
30,2562,13,0.0
42,2562,13,0.0
46,2562,13,1.0
64,2563,13,0.0
1,2563,13,0.0
56,2563,13,0.0
34,2563,13,0.0
49,2563,13,1.0
28,2563,13,2.0
13,2563,13,1.0
15,2563,13,0.0
11,2563,13,1.0
9,2563,13,0.0
25,2563,13,1.0
69,2563,13,3.0
72,2563,13,8.0
14,2563,13,0.0
50,2563,13,3.0
17,2563,13,0.0
58,2563,13,0.0
36,2563,13,0.0
19,2563,13,3.0
63,2563,13,0.0
47,2563,13,0.0
3,2563,13,0.0
76,2563,13,0.0
43,2563,13,0.0
77,2563,13,3.0
20,2563,13,0.0
4,2563,13,0.0
62,2563,13,2.0
16,2563,13,1.0
74,2563,13,0.0
5,2563,13,0.0
44,2563,13,4.0
65,2563,13,0.0
73,2563,13,1.0
53,2563,13,0.0
52,2563,13,0.0
66,2563,13,0.0
32,2563,13,0.0
37,2563,13,0.0
75,2563,13,0.0
24,2563,13,1.0
68,2563,13,1.0
12,2563,13,0.0
55,2563,13,0.0
33,2563,13,1.0
7,2563,13,0.0
40,2563,13,0.0
39,2563,13,6.0
22,2563,13,1.0
35,2563,13,5.0
70,2563,13,0.0
71,2563,13,0.0
2,2563,13,0.0
60,2563,13,0.0
59,2563,13,0.0
10,2563,13,0.0
18,2563,13,1.0
8,2563,13,0.0
57,2563,13,1.0
67,2563,13,1.0
21,2563,13,3.0
51,2563,13,1.0
31,2563,13,0.0
27,2563,13,0.0
26,2563,13,0.0
29,2563,13,0.0
41,2563,13,5.0
48,2563,13,0.0
23,2563,13,0.0
6,2563,13,0.0
45,2563,13,6.0
38,2563,13,0.0
61,2563,13,0.0
54,2563,13,3.0
30,2563,13,0.0
42,2563,13,3.0
46,2563,13,1.0
64,2564,13,0.0
1,2564,13,0.0
56,2564,13,1.0
34,2564,13,0.0
49,2564,13,2.0
28,2564,13,2.0
13,2564,13,0.0
15,2564,13,0.0
11,2564,13,0.0
9,2564,13,0.0
25,2564,13,1.0
69,2564,13,4.0
72,2564,13,6.0
14,2564,13,1.0
50,2564,13,2.0
17,2564,13,0.0
58,2564,13,0.0
36,2564,13,0.0
19,2564,13,3.0
63,2564,13,3.0
47,2564,13,0.0
3,2564,13,0.0
76,2564,13,0.0
43,2564,13,0.0
77,2564,13,0.0
20,2564,13,0.0
4,2564,13,0.0
62,2564,13,1.0
16,2564,13,1.0
74,2564,13,0.0
5,2564,13,0.0
44,2564,13,0.0
65,2564,13,0.0
73,2564,13,1.0
53,2564,13,0.0
52,2564,13,0.0
66,2564,13,0.0
32,2564,13,0.0
37,2564,13,0.0
75,2564,13,0.0
24,2564,13,0.0
68,2564,13,1.0
12,2564,13,0.0
55,2564,13,0.0
33,2564,13,0.0
7,2564,13,0.0
40,2564,13,1.0
39,2564,13,0.0
22,2564,13,1.0
35,2564,13,6.0
70,2564,13,1.0
71,2564,13,0.0
2,2564,13,0.0
60,2564,13,0.0
59,2564,13,0.0
10,2564,13,0.0
18,2564,13,0.0
8,2564,13,0.0
57,2564,13,2.0
67,2564,13,1.0
21,2564,13,4.0
51,2564,13,1.0
31,2564,13,0.0
27,2564,13,0.0
26,2564,13,0.0
29,2564,13,0.0
41,2564,13,4.0
48,2564,13,0.0
23,2564,13,0.0
6,2564,13,0.0
45,2564,13,3.0
38,2564,13,2.0
61,2564,13,0.0
54,2564,13,2.0
30,2564,13,0.0
42,2564,13,3.0
46,2564,13,0.0
64,2565,13,0.0
1,2565,13,0.0
56,2565,13,3.0
34,2565,13,0.0
49,2565,13,2.0
28,2565,13,4.0
13,2565,13,0.0
15,2565,13,0.0
11,2565,13,0.0
9,2565,13,0.0
25,2565,13,8.0
69,2565,13,4.0
72,2565,13,5.0
14,2565,13,1.0
50,2565,13,0.0
17,2565,13,0.0
58,2565,13,0.0
36,2565,13,0.0
19,2565,13,3.0
63,2565,13,2.0
47,2565,13,0.0
3,2565,13,0.0
76,2565,13,0.0
43,2565,13,0.0
77,2565,13,2.0
20,2565,13,0.0
4,2565,13,0.0
62,2565,13,1.0
16,2565,13,1.0
74,2565,13,0.0
5,2565,13,0.0
44,2565,13,3.0
65,2565,13,0.0
73,2565,13,1.0
53,2565,13,0.0
52,2565,13,0.0
66,2565,13,0.0
32,2565,13,0.0
37,2565,13,0.0
75,2565,13,0.0
24,2565,13,2.0
68,2565,13,1.0
12,2565,13,0.0
55,2565,13,0.0
33,2565,13,0.0
7,2565,13,0.0
40,2565,13,1.0
39,2565,13,9.0
22,2565,13,1.0
35,2565,13,6.0
70,2565,13,1.0
71,2565,13,1.0
2,2565,13,0.0
60,2565,13,0.0
59,2565,13,0.0
10,2565,13,0.0
18,2565,13,0.0
8,2565,13,0.0
57,2565,13,2.0
67,2565,13,1.0
21,2565,13,4.0
51,2565,13,1.0
31,2565,13,0.0
27,2565,13,0.0
26,2565,13,0.0
29,2565,13,0.0
41,2565,13,4.0
48,2565,13,0.0
23,2565,13,0.0
6,2565,13,0.0
45,2565,13,10.0
38,2565,13,4.0
61,2565,13,0.0
54,2565,13,2.0
30,2565,13,0.0
42,2565,13,3.0
46,2565,13,0.0
64,2566,13,0.0
1,2566,13,0.0
56,2566,13,2.0
34,2566,13,0.0
49,2566,13,1.0
28,2566,13,2.0
13,2566,13,0.0
15,2566,13,0.0
11,2566,13,0.0
9,2566,13,0.0
25,2566,13,14.0
69,2566,13,4.0
72,2566,13,5.0
14,2566,13,1.0
50,2566,13,1.0
17,2566,13,0.0
58,2566,13,0.0
36,2566,13,0.0
19,2566,13,1.0
63,2566,13,1.0
47,2566,13,0.0
3,2566,13,0.0
76,2566,13,0.0
43,2566,13,0.0
77,2566,13,2.0
20,2566,13,0.0
4,2566,13,0.0
62,2566,13,1.0
16,2566,13,1.0
74,2566,13,0.0
5,2566,13,0.0
44,2566,13,3.0
65,2566,13,0.0
73,2566,13,0.0
53,2566,13,0.0
52,2566,13,0.0
66,2566,13,0.0
32,2566,13,0.0
37,2566,13,0.0
75,2566,13,0.0
24,2566,13,2.0
68,2566,13,1.0
12,2566,13,0.0
55,2566,13,0.0
33,2566,13,1.0
7,2566,13,0.0
40,2566,13,1.0
39,2566,13,0.0
22,2566,13,1.0
35,2566,13,6.0
70,2566,13,1.0
71,2566,13,1.0
2,2566,13,0.0
60,2566,13,0.0
59,2566,13,0.0
10,2566,13,0.0
18,2566,13,0.0
8,2566,13,0.0
57,2566,13,2.0
67,2566,13,2.0
21,2566,13,2.0
51,2566,13,1.0
31,2566,13,0.0
27,2566,13,0.0
26,2566,13,0.0
29,2566,13,1.0
41,2566,13,3.0
48,2566,13,0.0
23,2566,13,0.0
6,2566,13,0.0
45,2566,13,10.0
38,2566,13,0.0
61,2566,13,0.0
54,2566,13,2.0
30,2566,13,0.0
42,2566,13,0.0
46,2566,13,0.0
64,2567,13,0.0
1,2567,13,0.0
56,2567,13,3.0
34,2567,13,0.0
49,2567,13,1.0
28,2567,13,2.0
13,2567,13,0.0
15,2567,13,0.0
11,2567,13,0.0
9,2567,13,0.0
25,2567,13,14.0
69,2567,13,3.0
72,2567,13,5.0
14,2567,13,1.0
50,2567,13,1.0
17,2567,13,0.0
58,2567,13,0.0
36,2567,13,0.0
19,2567,13,1.0
63,2567,13,1.0
47,2567,13,0.0
3,2567,13,0.0
76,2567,13,0.0
43,2567,13,2.0
77,2567,13,0.0
20,2567,13,0.0
4,2567,13,0.0
62,2567,13,1.0
16,2567,13,1.0
74,2567,13,0.0
5,2567,13,0.0
44,2567,13,3.0
65,2567,13,0.0
73,2567,13,1.0
53,2567,13,0.0
52,2567,13,1.0
66,2567,13,0.0
32,2567,13,0.0
37,2567,13,0.0
75,2567,13,0.0
24,2567,13,2.0
68,2567,13,1.0
12,2567,13,0.0
55,2567,13,0.0
33,2567,13,1.0
7,2567,13,0.0
40,2567,13,2.0
39,2567,13,1.0
22,2567,13,1.0
35,2567,13,6.0
70,2567,13,1.0
71,2567,13,1.0
2,2567,13,0.0
60,2567,13,0.0
59,2567,13,0.0
10,2567,13,0.0
18,2567,13,0.0
8,2567,13,0.0
57,2567,13,1.0
67,2567,13,2.0
21,2567,13,2.0
51,2567,13,1.0
31,2567,13,0.0
27,2567,13,0.0
26,2567,13,1.0
29,2567,13,2.0
41,2567,13,3.0
48,2567,13,0.0
23,2567,13,0.0
6,2567,13,0.0
45,2567,13,13.0
38,2567,13,0.0
61,2567,13,0.0
54,2567,13,2.0
30,2567,13,0.0
42,2567,13,0.0
46,2567,13,0.0
64,2568,13,0.0
1,2568,13,0.0
56,2568,13,4.0
34,2568,13,0.0
49,2568,13,1.0
28,2568,13,3.0
13,2568,13,0.0
15,2568,13,0.0
11,2568,13,0.0
9,2568,13,0.0
25,2568,13,11.0
69,2568,13,3.0
72,2568,13,5.0
14,2568,13,0.0
50,2568,13,1.0
17,2568,13,0.0
58,2568,13,0.0
36,2568,13,0.0
19,2568,13,0.0
63,2568,13,1.0
47,2568,13,0.0
3,2568,13,0.0
76,2568,13,0.0
43,2568,13,2.0
77,2568,13,0.0
20,2568,13,1.0
4,2568,13,0.0
62,2568,13,2.0
16,2568,13,0.0
74,2568,13,1.0
5,2568,13,0.0
44,2568,13,3.0
65,2568,13,0.0
73,2568,13,1.0
53,2568,13,0.0
52,2568,13,0.0
66,2568,13,0.0
32,2568,13,0.0
37,2568,13,0.0
75,2568,13,0.0
24,2568,13,0.0
68,2568,13,1.0
12,2568,13,0.0
55,2568,13,0.0
33,2568,13,1.0
7,2568,13,0.0
40,2568,13,3.0
39,2568,13,1.0
22,2568,13,1.0
35,2568,13,6.0
70,2568,13,1.0
71,2568,13,1.0
2,2568,13,0.0
60,2568,13,0.0
59,2568,13,0.0
10,2568,13,0.0
18,2568,13,0.0
8,2568,13,0.0
57,2568,13,2.0
67,2568,13,1.0
21,2568,13,1.0
51,2568,13,1.0
31,2568,13,0.0
27,2568,13,0.0
26,2568,13,1.0
29,2568,13,3.0
41,2568,13,2.0
48,2568,13,1.0
23,2568,13,0.0
6,2568,13,0.0
45,2568,13,10.0
38,2568,13,0.0
61,2568,13,0.0
54,2568,13,2.0
30,2568,13,0.0
42,2568,13,0.0
46,2568,13,0.0
64,2556,14,26.0
1,2556,14,0.0
56,2556,14,18.0
34,2556,14,43.0
49,2556,14,17.0
28,2556,14,98.0
13,2556,14,18.0
15,2556,14,16.0
11,2556,14,22.0
9,2556,14,9.0
25,2556,14,66.0
69,2556,14,11.0
72,2556,14,20.0
14,2556,14,11.0
50,2556,14,41.0
17,2556,14,4.0
58,2556,14,11.0
36,2556,14,29.0
19,2556,14,95.0
63,2556,14,32.0
47,2556,14,28.0
3,2556,14,0.0
76,2556,14,19.0
43,2556,14,62.0
77,2556,14,17.0
20,2556,14,48.0
4,2556,14,5.0
62,2556,14,10.0
16,2556,14,25.0
74,2556,14,39.0
5,2556,14,18.0
44,2556,14,26.0
65,2556,14,12.0
73,2556,14,19.0
53,2556,14,19.0
52,2556,14,17.0
66,2556,14,0.0
32,2556,14,31.0
37,2556,14,12.0
75,2556,14,14.0
24,2556,14,39.0
68,2556,14,14.0
12,2556,14,20.0
55,2556,14,14.0
33,2556,14,51.0
7,2556,14,25.0
40,2556,14,107.0
39,2556,14,18.0
22,2556,14,26.0
35,2556,14,23.0
70,2556,14,25.0
71,2556,14,8.0
2,2556,14,0.0
60,2556,14,0.0
59,2556,14,3.0
10,2556,14,10.0
18,2556,14,13.0
8,2556,14,5.0
57,2556,14,20.0
67,2556,14,42.0
21,2556,14,17.0
51,2556,14,19.0
31,2556,14,15.0
27,2556,14,26.0
26,2556,14,15.0
29,2556,14,64.0
41,2556,14,29.0
48,2556,14,6.0
23,2556,14,55.0
6,2556,14,0.0
45,2556,14,31.0
38,2556,14,44.0
61,2556,14,6.0
54,2556,14,35.0
30,2556,14,37.0
42,2556,14,40.0
46,2556,14,34.0
64,2557,14,26.0
1,2557,14,0.0
56,2557,14,18.0
34,2557,14,45.0
49,2557,14,16.0
28,2557,14,94.0
13,2557,14,19.0
15,2557,14,15.0
11,2557,14,21.0
9,2557,14,6.0
25,2557,14,65.0
69,2557,14,13.0
72,2557,14,21.0
14,2557,14,10.0
50,2557,14,28.0
17,2557,14,2.0
58,2557,14,12.0
36,2557,14,28.0
19,2557,14,103.0
63,2557,14,32.0
47,2557,14,28.0
3,2557,14,0.0
76,2557,14,13.0
43,2557,14,60.0
77,2557,14,17.0
20,2557,14,50.0
4,2557,14,8.0
62,2557,14,17.0
16,2557,14,24.0
74,2557,14,30.0
5,2557,14,18.0
44,2557,14,27.0
65,2557,14,12.0
73,2557,14,18.0
53,2557,14,21.0
52,2557,14,14.0
66,2557,14,0.0
32,2557,14,28.0
37,2557,14,14.0
75,2557,14,7.0
24,2557,14,46.0
68,2557,14,14.0
12,2557,14,22.0
55,2557,14,14.0
33,2557,14,58.0
7,2557,14,33.0
40,2557,14,65.0
39,2557,14,12.0
22,2557,14,42.0
35,2557,14,22.0
70,2557,14,28.0
71,2557,14,11.0
2,2557,14,0.0
60,2557,14,0.0
59,2557,14,0.0
10,2557,14,10.0
18,2557,14,13.0
8,2557,14,5.0
57,2557,14,13.0
67,2557,14,41.0
21,2557,14,16.0
51,2557,14,16.0
31,2557,14,13.0
27,2557,14,25.0
26,2557,14,15.0
29,2557,14,62.0
41,2557,14,32.0
48,2557,14,6.0
23,2557,14,54.0
6,2557,14,13.0
45,2557,14,37.0
38,2557,14,48.0
61,2557,14,11.0
54,2557,14,36.0
30,2557,14,35.0
42,2557,14,20.0
46,2557,14,30.0
64,2558,14,26.0
1,2558,14,0.0
56,2558,14,38.0
34,2558,14,48.0
49,2558,14,5.0
28,2558,14,151.0
13,2558,14,20.0
15,2558,14,14.0
11,2558,14,21.0
9,2558,14,7.0
25,2558,14,87.0
69,2558,14,10.0
72,2558,14,20.0
14,2558,14,10.0
50,2558,14,33.0
17,2558,14,2.0
58,2558,14,9.0
36,2558,14,39.0
19,2558,14,99.0
63,2558,14,31.0
47,2558,14,25.0
3,2558,14,0.0
76,2558,14,13.0
43,2558,14,60.0
77,2558,14,24.0
20,2558,14,49.0
4,2558,14,6.0
62,2558,14,17.0
16,2558,14,24.0
74,2558,14,45.0
5,2558,14,19.0
44,2558,14,28.0
65,2558,14,14.0
73,2558,14,16.0
53,2558,14,22.0
52,2558,14,23.0
66,2558,14,0.0
32,2558,14,41.0
37,2558,14,14.0
75,2558,14,6.0
24,2558,14,48.0
68,2558,14,13.0
12,2558,14,20.0
55,2558,14,13.0
33,2558,14,56.0
7,2558,14,30.0
40,2558,14,53.0
39,2558,14,23.0
22,2558,14,43.0
35,2558,14,31.0
70,2558,14,27.0
71,2558,14,10.0
2,2558,14,0.0
60,2558,14,0.0
59,2558,14,0.0
10,2558,14,8.0
18,2558,14,11.0
8,2558,14,6.0
57,2558,14,21.0
67,2558,14,42.0
21,2558,14,16.0
51,2558,14,12.0
31,2558,14,18.0
27,2558,14,25.0
26,2558,14,16.0
29,2558,14,86.0
41,2558,14,36.0
48,2558,14,4.0
23,2558,14,58.0
6,2558,14,9.0
45,2558,14,31.0
38,2558,14,45.0
61,2558,14,14.0
54,2558,14,38.0
30,2558,14,47.0
42,2558,14,22.0
46,2558,14,27.0
64,2559,14,23.0
1,2559,14,0.0
56,2559,14,41.0
34,2559,14,0.0
49,2559,14,6.0
28,2559,14,146.0
13,2559,14,18.0
15,2559,14,12.0
11,2559,14,22.0
9,2559,14,7.0
25,2559,14,0.0
69,2559,14,10.0
72,2559,14,13.0
14,2559,14,14.0
50,2559,14,9.0
17,2559,14,4.0
58,2559,14,9.0
36,2559,14,15.0
19,2559,14,99.0
63,2559,14,25.0
47,2559,14,9.0
3,2559,14,0.0
76,2559,14,21.0
43,2559,14,161.0
77,2559,14,19.0
20,2559,14,51.0
4,2559,14,4.0
62,2559,14,17.0
16,2559,14,0.0
74,2559,14,49.0
5,2559,14,15.0
44,2559,14,62.0
65,2559,14,13.0
73,2559,14,16.0
53,2559,14,19.0
52,2559,14,18.0
66,2559,14,0.0
32,2559,14,8.0
37,2559,14,14.0
75,2559,14,6.0
24,2559,14,48.0
68,2559,14,12.0
12,2559,14,19.0
55,2559,14,17.0
33,2559,14,0.0
7,2559,14,34.0
40,2559,14,144.0
39,2559,14,22.0
22,2559,14,35.0
35,2559,14,19.0
70,2559,14,24.0
71,2559,14,8.0
2,2559,14,2.0
60,2559,14,0.0
59,2559,14,0.0
10,2559,14,8.0
18,2559,14,10.0
8,2559,14,4.0
57,2559,14,24.0
67,2559,14,36.0
21,2559,14,12.0
51,2559,14,12.0
31,2559,14,17.0
27,2559,14,5.0
26,2559,14,15.0
29,2559,14,42.0
41,2559,14,37.0
48,2559,14,1.0
23,2559,14,76.0
6,2559,14,0.0
45,2559,14,59.0
38,2559,14,62.0
61,2559,14,14.0
54,2559,14,37.0
30,2559,14,18.0
42,2559,14,62.0
46,2559,14,34.0
64,2560,14,22.0
1,2560,14,0.0
56,2560,14,47.0
34,2560,14,45.0
49,2560,14,12.0
28,2560,14,171.0
13,2560,14,8.0
15,2560,14,10.0
11,2560,14,12.0
9,2560,14,6.0
25,2560,14,0.0
69,2560,14,15.0
72,2560,14,12.0
14,2560,14,4.0
50,2560,14,14.0
17,2560,14,3.0
58,2560,14,4.0
36,2560,14,1.0
19,2560,14,88.0
63,2560,14,25.0
47,2560,14,4.0
3,2560,14,0.0
76,2560,14,21.0
43,2560,14,159.0
77,2560,14,23.0
20,2560,14,43.0
4,2560,14,4.0
62,2560,14,17.0
16,2560,14,22.0
74,2560,14,49.0
5,2560,14,9.0
44,2560,14,18.0
65,2560,14,11.0
73,2560,14,14.0
53,2560,14,12.0
52,2560,14,18.0
66,2560,14,0.0
32,2560,14,14.0
37,2560,14,13.0
75,2560,14,2.0
24,2560,14,0.0
68,2560,14,13.0
12,2560,14,12.0
55,2560,14,7.0
33,2560,14,1.0
7,2560,14,33.0
40,2560,14,170.0
39,2560,14,32.0
22,2560,14,47.0
35,2560,14,21.0
70,2560,14,20.0
71,2560,14,7.0
2,2560,14,0.0
60,2560,14,0.0
59,2560,14,3.0
10,2560,14,7.0
18,2560,14,7.0
8,2560,14,4.0
57,2560,14,23.0
67,2560,14,32.0
21,2560,14,13.0
51,2560,14,6.0
31,2560,14,15.0
27,2560,14,18.0
26,2560,14,12.0
29,2560,14,89.0
41,2560,14,37.0
48,2560,14,1.0
23,2560,14,42.0
6,2560,14,0.0
45,2560,14,57.0
38,2560,14,64.0
61,2560,14,8.0
54,2560,14,39.0
30,2560,14,52.0
42,2560,14,20.0
46,2560,14,75.0
64,2561,14,20.0
1,2561,14,0.0
56,2561,14,29.0
34,2561,14,50.0
49,2561,14,6.0
28,2561,14,187.0
13,2561,14,13.0
15,2561,14,5.0
11,2561,14,10.0
9,2561,14,5.0
25,2561,14,0.0
69,2561,14,13.0
72,2561,14,13.0
14,2561,14,4.0
50,2561,14,10.0
17,2561,14,1.0
58,2561,14,5.0
36,2561,14,37.0
19,2561,14,81.0
63,2561,14,22.0
47,2561,14,4.0
3,2561,14,0.0
76,2561,14,21.0
43,2561,14,161.0
77,2561,14,20.0
20,2561,14,40.0
4,2561,14,3.0
62,2561,14,13.0
16,2561,14,22.0
74,2561,14,0.0
5,2561,14,8.0
44,2561,14,35.0
65,2561,14,11.0
73,2561,14,15.0
53,2561,14,9.0
52,2561,14,15.0
66,2561,14,0.0
32,2561,14,43.0
37,2561,14,13.0
75,2561,14,0.0
24,2561,14,33.0
68,2561,14,13.0
12,2561,14,9.0
55,2561,14,8.0
33,2561,14,8.0
7,2561,14,33.0
40,2561,14,148.0
39,2561,14,32.0
22,2561,14,0.0
35,2561,14,22.0
70,2561,14,20.0
71,2561,14,7.0
2,2561,14,0.0
60,2561,14,0.0
59,2561,14,1.0
10,2561,14,6.0
18,2561,14,9.0
8,2561,14,3.0
57,2561,14,20.0
67,2561,14,28.0
21,2561,14,13.0
51,2561,14,4.0
31,2561,14,15.0
27,2561,14,29.0
26,2561,14,11.0
29,2561,14,80.0
41,2561,14,45.0
48,2561,14,3.0
23,2561,14,72.0
6,2561,14,0.0
45,2561,14,57.0
38,2561,14,64.0
61,2561,14,10.0
54,2561,14,38.0
30,2561,14,46.0
42,2561,14,53.0
46,2561,14,78.0
64,2562,14,23.0
1,2562,14,0.0
56,2562,14,30.0
34,2562,14,48.0
49,2562,14,6.0
28,2562,14,165.0
13,2562,14,12.0
15,2562,14,5.0
11,2562,14,8.0
9,2562,14,4.0
25,2562,14,76.0
69,2562,14,11.0
72,2562,14,13.0
14,2562,14,3.0
50,2562,14,7.0
17,2562,14,3.0
58,2562,14,4.0
36,2562,14,15.0
19,2562,14,88.0
63,2562,14,21.0
47,2562,14,0.0
3,2562,14,0.0
76,2562,14,21.0
43,2562,14,161.0
77,2562,14,14.0
20,2562,14,39.0
4,2562,14,3.0
62,2562,14,16.0
16,2562,14,23.0
74,2562,14,45.0
5,2562,14,6.0
44,2562,14,34.0
65,2562,14,11.0
73,2562,14,11.0
53,2562,14,4.0
52,2562,14,2.0
66,2562,14,0.0
32,2562,14,40.0
37,2562,14,12.0
75,2562,14,0.0
24,2562,14,37.0
68,2562,14,13.0
12,2562,14,4.0
55,2562,14,8.0
33,2562,14,48.0
7,2562,14,34.0
40,2562,14,142.0
39,2562,14,36.0
22,2562,14,32.0
35,2562,14,19.0
70,2562,14,17.0
71,2562,14,7.0
2,2562,14,0.0
60,2562,14,0.0
59,2562,14,0.0
10,2562,14,8.0
18,2562,14,12.0
8,2562,14,3.0
57,2562,14,22.0
67,2562,14,29.0
21,2562,14,12.0
51,2562,14,3.0
31,2562,14,14.0
27,2562,14,31.0
26,2562,14,11.0
29,2562,14,69.0
41,2562,14,45.0
48,2562,14,0.0
23,2562,14,69.0
6,2562,14,0.0
45,2562,14,57.0
38,2562,14,118.0
61,2562,14,7.0
54,2562,14,38.0
30,2562,14,48.0
42,2562,14,42.0
46,2562,14,104.0
64,2563,14,21.0
1,2563,14,0.0
56,2563,14,32.0
34,2563,14,45.0
49,2563,14,3.0
28,2563,14,86.0
13,2563,14,11.0
15,2563,14,5.0
11,2563,14,9.0
9,2563,14,6.0
25,2563,14,54.0
69,2563,14,11.0
72,2563,14,10.0
14,2563,14,2.0
50,2563,14,15.0
17,2563,14,4.0
58,2563,14,0.0
36,2563,14,19.0
19,2563,14,85.0
63,2563,14,23.0
47,2563,14,0.0
3,2563,14,0.0
76,2563,14,20.0
43,2563,14,61.0
77,2563,14,9.0
20,2563,14,25.0
4,2563,14,3.0
62,2563,14,17.0
16,2563,14,21.0
74,2563,14,44.0
5,2563,14,6.0
44,2563,14,47.0
65,2563,14,10.0
73,2563,14,10.0
53,2563,14,2.0
52,2563,14,1.0
66,2563,14,0.0
32,2563,14,26.0
37,2563,14,10.0
75,2563,14,0.0
24,2563,14,32.0
68,2563,14,12.0
12,2563,14,2.0
55,2563,14,9.0
33,2563,14,46.0
7,2563,14,34.0
40,2563,14,132.0
39,2563,14,68.0
22,2563,14,23.0
35,2563,14,19.0
70,2563,14,17.0
71,2563,14,1.0
2,2563,14,0.0
60,2563,14,0.0
59,2563,14,0.0
10,2563,14,8.0
18,2563,14,12.0
8,2563,14,3.0
57,2563,14,20.0
67,2563,14,28.0
21,2563,14,12.0
51,2563,14,4.0
31,2563,14,16.0
27,2563,14,24.0
26,2563,14,10.0
29,2563,14,57.0
41,2563,14,35.0
48,2563,14,0.0
23,2563,14,28.0
6,2563,14,1.0
45,2563,14,63.0
38,2563,14,96.0
61,2563,14,9.0
54,2563,14,36.0
30,2563,14,47.0
42,2563,14,1.0
46,2563,14,98.0
64,2564,14,22.0
1,2564,14,0.0
56,2564,14,32.0
34,2564,14,37.0
49,2564,14,3.0
28,2564,14,153.0
13,2564,14,6.0
15,2564,14,1.0
11,2564,14,4.0
9,2564,14,5.0
25,2564,14,55.0
69,2564,14,10.0
72,2564,14,12.0
14,2564,14,2.0
50,2564,14,14.0
17,2564,14,4.0
58,2564,14,6.0
36,2564,14,24.0
19,2564,14,79.0
63,2564,14,17.0
47,2564,14,0.0
3,2564,14,0.0
76,2564,14,20.0
43,2564,14,57.0
77,2564,14,0.0
20,2564,14,24.0
4,2564,14,1.0
62,2564,14,18.0
16,2564,14,21.0
74,2564,14,39.0
5,2564,14,4.0
44,2564,14,47.0
65,2564,14,11.0
73,2564,14,11.0
53,2564,14,2.0
52,2564,14,1.0
66,2564,14,0.0
32,2564,14,22.0
37,2564,14,9.0
75,2564,14,0.0
24,2564,14,33.0
68,2564,14,11.0
12,2564,14,0.0
55,2564,14,6.0
33,2564,14,31.0
7,2564,14,32.0
40,2564,14,79.0
39,2564,14,0.0
22,2564,14,27.0
35,2564,14,16.0
70,2564,14,14.0
71,2564,14,0.0
2,2564,14,0.0
60,2564,14,0.0
59,2564,14,0.0
10,2564,14,8.0
18,2564,14,10.0
8,2564,14,3.0
57,2564,14,19.0
67,2564,14,24.0
21,2564,14,9.0
51,2564,14,4.0
31,2564,14,16.0
27,2564,14,12.0
26,2564,14,11.0
29,2564,14,51.0
41,2564,14,30.0
48,2564,14,0.0
23,2564,14,36.0
6,2564,14,0.0
45,2564,14,66.0
38,2564,14,71.0
61,2564,14,0.0
54,2564,14,22.0
30,2564,14,41.0
42,2564,14,57.0
46,2564,14,100.0
64,2565,14,18.0
1,2565,14,0.0
56,2565,14,25.0
34,2565,14,38.0
49,2565,14,2.0
28,2565,14,92.0
13,2565,14,4.0
15,2565,14,2.0
11,2565,14,7.0
9,2565,14,5.0
25,2565,14,59.0
69,2565,14,10.0
72,2565,14,13.0
14,2565,14,2.0
50,2565,14,0.0
17,2565,14,3.0
58,2565,14,2.0
36,2565,14,19.0
19,2565,14,65.0
63,2565,14,18.0
47,2565,14,0.0
3,2565,14,0.0
76,2565,14,22.0
43,2565,14,50.0
77,2565,14,7.0
20,2565,14,25.0
4,2565,14,1.0
62,2565,14,16.0
16,2565,14,20.0
74,2565,14,40.0
5,2565,14,3.0
44,2565,14,44.0
65,2565,14,11.0
73,2565,14,10.0
53,2565,14,2.0
52,2565,14,0.0
66,2565,14,0.0
32,2565,14,25.0
37,2565,14,8.0
75,2565,14,0.0
24,2565,14,30.0
68,2565,14,11.0
12,2565,14,0.0
55,2565,14,5.0
33,2565,14,42.0
7,2565,14,21.0
40,2565,14,81.0
39,2565,14,64.0
22,2565,14,24.0
35,2565,14,16.0
70,2565,14,14.0
71,2565,14,1.0
2,2565,14,0.0
60,2565,14,0.0
59,2565,14,0.0
10,2565,14,7.0
18,2565,14,6.0
8,2565,14,3.0
57,2565,14,17.0
67,2565,14,24.0
21,2565,14,8.0
51,2565,14,3.0
31,2565,14,17.0
27,2565,14,16.0
26,2565,14,11.0
29,2565,14,51.0
41,2565,14,28.0
48,2565,14,0.0
23,2565,14,0.0
6,2565,14,1.0
45,2565,14,84.0
38,2565,14,55.0
61,2565,14,6.0
54,2565,14,20.0
30,2565,14,38.0
42,2565,14,53.0
46,2565,14,99.0
64,2566,14,0.0
1,2566,14,0.0
56,2566,14,17.0
34,2566,14,40.0
49,2566,14,1.0
28,2566,14,108.0
13,2566,14,4.0
15,2566,14,2.0
11,2566,14,6.0
9,2566,14,5.0
25,2566,14,71.0
69,2566,14,10.0
72,2566,14,13.0
14,2566,14,8.0
50,2566,14,14.0
17,2566,14,3.0
58,2566,14,4.0
36,2566,14,17.0
19,2566,14,71.0
63,2566,14,18.0
47,2566,14,0.0
3,2566,14,0.0
76,2566,14,22.0
43,2566,14,52.0
77,2566,14,7.0
20,2566,14,28.0
4,2566,14,1.0
62,2566,14,12.0
16,2566,14,20.0
74,2566,14,37.0
5,2566,14,4.0
44,2566,14,46.0
65,2566,14,11.0
73,2566,14,11.0
53,2566,14,0.0
52,2566,14,0.0
66,2566,14,0.0
32,2566,14,24.0
37,2566,14,9.0
75,2566,14,0.0
24,2566,14,30.0
68,2566,14,11.0
12,2566,14,1.0
55,2566,14,5.0
33,2566,14,44.0
7,2566,14,21.0
40,2566,14,82.0
39,2566,14,71.0
22,2566,14,28.0
35,2566,14,17.0
70,2566,14,14.0
71,2566,14,2.0
2,2566,14,0.0
60,2566,14,0.0
59,2566,14,0.0
10,2566,14,7.0
18,2566,14,4.0
8,2566,14,3.0
57,2566,14,16.0
67,2566,14,18.0
21,2566,14,7.0
51,2566,14,3.0
31,2566,14,15.0
27,2566,14,16.0
26,2566,14,0.0
29,2566,14,50.0
41,2566,14,29.0
48,2566,14,0.0
23,2566,14,38.0
6,2566,14,0.0
45,2566,14,84.0
38,2566,14,57.0
61,2566,14,5.0
54,2566,14,20.0
30,2566,14,42.0
42,2566,14,56.0
46,2566,14,97.0
64,2567,14,17.0
1,2567,14,0.0
56,2567,14,13.0
34,2567,14,40.0
49,2567,14,1.0
28,2567,14,107.0
13,2567,14,4.0
15,2567,14,2.0
11,2567,14,7.0
9,2567,14,6.0
25,2567,14,73.0
69,2567,14,10.0
72,2567,14,13.0
14,2567,14,8.0
50,2567,14,14.0
17,2567,14,5.0
58,2567,14,4.0
36,2567,14,18.0
19,2567,14,70.0
63,2567,14,18.0
47,2567,14,0.0
3,2567,14,0.0
76,2567,14,20.0
43,2567,14,51.0
77,2567,14,0.0
20,2567,14,26.0
4,2567,14,1.0
62,2567,14,12.0
16,2567,14,20.0
74,2567,14,38.0
5,2567,14,6.0
44,2567,14,47.0
65,2567,14,11.0
73,2567,14,11.0
53,2567,14,0.0
52,2567,14,0.0
66,2567,14,0.0
32,2567,14,23.0
37,2567,14,9.0
75,2567,14,0.0
24,2567,14,31.0
68,2567,14,11.0
12,2567,14,1.0
55,2567,14,5.0
33,2567,14,44.0
7,2567,14,36.0
40,2567,14,81.0
39,2567,14,69.0
22,2567,14,21.0
35,2567,14,16.0
70,2567,14,15.0
71,2567,14,1.0
2,2567,14,0.0
60,2567,14,0.0
59,2567,14,0.0
10,2567,14,7.0
18,2567,14,5.0
8,2567,14,2.0
57,2567,14,16.0
67,2567,14,17.0
21,2567,14,7.0
51,2567,14,4.0
31,2567,14,16.0
27,2567,14,0.0
26,2567,14,0.0
29,2567,14,52.0
41,2567,14,28.0
48,2567,14,0.0
23,2567,14,32.0
6,2567,14,0.0
45,2567,14,82.0
38,2567,14,55.0
61,2567,14,4.0
54,2567,14,21.0
30,2567,14,50.0
42,2567,14,53.0
46,2567,14,98.0
64,2568,14,17.0
1,2568,14,0.0
56,2568,14,17.0
34,2568,14,36.0
49,2568,14,2.0
28,2568,14,106.0
13,2568,14,6.0
15,2568,14,2.0
11,2568,14,9.0
9,2568,14,6.0
25,2568,14,78.0
69,2568,14,11.0
72,2568,14,13.0
14,2568,14,9.0
50,2568,14,14.0
17,2568,14,2.0
58,2568,14,4.0
36,2568,14,21.0
19,2568,14,71.0
63,2568,14,18.0
47,2568,14,0.0
3,2568,14,0.0
76,2568,14,21.0
43,2568,14,50.0
77,2568,14,6.0
20,2568,14,29.0
4,2568,14,1.0
62,2568,14,10.0
16,2568,14,20.0
74,2568,14,38.0
5,2568,14,4.0
44,2568,14,46.0
65,2568,14,10.0
73,2568,14,11.0
53,2568,14,0.0
52,2568,14,1.0
66,2568,14,0.0
32,2568,14,22.0
37,2568,14,9.0
75,2568,14,0.0
24,2568,14,38.0
68,2568,14,10.0
12,2568,14,1.0
55,2568,14,6.0
33,2568,14,46.0
7,2568,14,37.0
40,2568,14,80.0
39,2568,14,43.0
22,2568,14,27.0
35,2568,14,15.0
70,2568,14,16.0
71,2568,14,1.0
2,2568,14,0.0
60,2568,14,0.0
59,2568,14,0.0
10,2568,14,7.0
18,2568,14,3.0
8,2568,14,2.0
57,2568,14,15.0
67,2568,14,15.0
21,2568,14,8.0
51,2568,14,4.0
31,2568,14,14.0
27,2568,14,16.0
26,2568,14,12.0
29,2568,14,49.0
41,2568,14,29.0
48,2568,14,0.0
23,2568,14,37.0
6,2568,14,0.0
45,2568,14,82.0
38,2568,14,44.0
61,2568,14,5.0
54,2568,14,20.0
30,2568,14,52.0
42,2568,14,60.0
46,2568,14,97.0
64,2556,15,0.0
1,2556,15,0.0
56,2556,15,0.0
34,2556,15,0.0
49,2556,15,0.0
28,2556,15,0.0
13,2556,15,0.0
15,2556,15,0.0
11,2556,15,0.0
9,2556,15,0.0
25,2556,15,0.0
69,2556,15,0.0
72,2556,15,0.0
14,2556,15,0.0
50,2556,15,0.0
17,2556,15,0.0
58,2556,15,0.0
36,2556,15,0.0
19,2556,15,0.0
63,2556,15,0.0
47,2556,15,0.0
3,2556,15,0.0
76,2556,15,0.0
43,2556,15,0.0
77,2556,15,0.0
20,2556,15,0.0
4,2556,15,0.0
62,2556,15,0.0
16,2556,15,0.0
74,2556,15,0.0
5,2556,15,0.0
44,2556,15,0.0
65,2556,15,0.0
73,2556,15,0.0
53,2556,15,0.0
52,2556,15,0.0
66,2556,15,0.0
32,2556,15,0.0
37,2556,15,0.0
75,2556,15,0.0
24,2556,15,0.0
68,2556,15,0.0
12,2556,15,0.0
55,2556,15,0.0
33,2556,15,0.0
7,2556,15,0.0
40,2556,15,0.0
39,2556,15,0.0
22,2556,15,0.0
35,2556,15,0.0
70,2556,15,0.0
71,2556,15,0.0
2,2556,15,0.0
60,2556,15,0.0
59,2556,15,0.0
10,2556,15,0.0
18,2556,15,0.0
8,2556,15,0.0
57,2556,15,0.0
67,2556,15,0.0
21,2556,15,0.0
51,2556,15,0.0
31,2556,15,0.0
27,2556,15,0.0
26,2556,15,0.0
29,2556,15,0.0
41,2556,15,0.0
48,2556,15,0.0
23,2556,15,0.0
6,2556,15,0.0
45,2556,15,0.0
38,2556,15,0.0
61,2556,15,0.0
54,2556,15,0.0
30,2556,15,0.0
42,2556,15,0.0
46,2556,15,0.0
64,2557,15,0.0
1,2557,15,0.0
56,2557,15,0.0
34,2557,15,0.0
49,2557,15,0.0
28,2557,15,0.0
13,2557,15,0.0
15,2557,15,0.0
11,2557,15,0.0
9,2557,15,0.0
25,2557,15,0.0
69,2557,15,0.0
72,2557,15,0.0
14,2557,15,0.0
50,2557,15,0.0
17,2557,15,0.0
58,2557,15,0.0
36,2557,15,0.0
19,2557,15,0.0
63,2557,15,0.0
47,2557,15,0.0
3,2557,15,0.0
76,2557,15,0.0
43,2557,15,0.0
77,2557,15,0.0
20,2557,15,0.0
4,2557,15,0.0
62,2557,15,0.0
16,2557,15,0.0
74,2557,15,0.0
5,2557,15,0.0
44,2557,15,0.0
65,2557,15,0.0
73,2557,15,0.0
53,2557,15,0.0
52,2557,15,0.0
66,2557,15,0.0
32,2557,15,0.0
37,2557,15,0.0
75,2557,15,0.0
24,2557,15,0.0
68,2557,15,0.0
12,2557,15,0.0
55,2557,15,0.0
33,2557,15,0.0
7,2557,15,0.0
40,2557,15,0.0
39,2557,15,0.0
22,2557,15,0.0
35,2557,15,0.0
70,2557,15,0.0
71,2557,15,0.0
2,2557,15,0.0
60,2557,15,0.0
59,2557,15,0.0
10,2557,15,0.0
18,2557,15,0.0
8,2557,15,0.0
57,2557,15,0.0
67,2557,15,0.0
21,2557,15,0.0
51,2557,15,0.0
31,2557,15,0.0
27,2557,15,0.0
26,2557,15,0.0
29,2557,15,0.0
41,2557,15,0.0
48,2557,15,0.0
23,2557,15,0.0
6,2557,15,0.0
45,2557,15,0.0
38,2557,15,0.0
61,2557,15,0.0
54,2557,15,0.0
30,2557,15,0.0
42,2557,15,0.0
46,2557,15,0.0
64,2558,15,0.0
1,2558,15,0.0
56,2558,15,0.0
34,2558,15,0.0
49,2558,15,0.0
28,2558,15,0.0
13,2558,15,0.0
15,2558,15,0.0
11,2558,15,0.0
9,2558,15,0.0
25,2558,15,0.0
69,2558,15,0.0
72,2558,15,0.0
14,2558,15,0.0
50,2558,15,0.0
17,2558,15,0.0
58,2558,15,0.0
36,2558,15,0.0
19,2558,15,0.0
63,2558,15,0.0
47,2558,15,0.0
3,2558,15,0.0
76,2558,15,0.0
43,2558,15,0.0
77,2558,15,0.0
20,2558,15,0.0
4,2558,15,0.0
62,2558,15,0.0
16,2558,15,0.0
74,2558,15,0.0
5,2558,15,0.0
44,2558,15,0.0
65,2558,15,0.0
73,2558,15,0.0
53,2558,15,0.0
52,2558,15,0.0
66,2558,15,0.0
32,2558,15,0.0
37,2558,15,0.0
75,2558,15,0.0
24,2558,15,0.0
68,2558,15,0.0
12,2558,15,0.0
55,2558,15,0.0
33,2558,15,0.0
7,2558,15,0.0
40,2558,15,0.0
39,2558,15,0.0
22,2558,15,0.0
35,2558,15,0.0
70,2558,15,0.0
71,2558,15,0.0
2,2558,15,0.0
60,2558,15,0.0
59,2558,15,0.0
10,2558,15,0.0
18,2558,15,0.0
8,2558,15,0.0
57,2558,15,0.0
67,2558,15,0.0
21,2558,15,0.0
51,2558,15,0.0
31,2558,15,0.0
27,2558,15,0.0
26,2558,15,0.0
29,2558,15,0.0
41,2558,15,0.0
48,2558,15,0.0
23,2558,15,0.0
6,2558,15,0.0
45,2558,15,0.0
38,2558,15,0.0
61,2558,15,0.0
54,2558,15,0.0
30,2558,15,0.0
42,2558,15,0.0
46,2558,15,0.0
64,2559,15,0.0
1,2559,15,0.0
56,2559,15,4.0
34,2559,15,0.0
49,2559,15,5.0
28,2559,15,5.0
13,2559,15,0.0
15,2559,15,0.0
11,2559,15,0.0
9,2559,15,0.0
25,2559,15,0.0
69,2559,15,0.0
72,2559,15,0.0
14,2559,15,0.0
50,2559,15,28.0
17,2559,15,0.0
58,2559,15,0.0
36,2559,15,21.0
19,2559,15,0.0
63,2559,15,0.0
47,2559,15,11.0
3,2559,15,0.0
76,2559,15,0.0
43,2559,15,0.0
77,2559,15,4.0
20,2559,15,0.0
4,2559,15,0.0
62,2559,15,0.0
16,2559,15,0.0
74,2559,15,0.0
5,2559,15,1.0
44,2559,15,0.0
65,2559,15,0.0
73,2559,15,0.0
53,2559,15,0.0
52,2559,15,0.0
66,2559,15,0.0
32,2559,15,21.0
37,2559,15,0.0
75,2559,15,0.0
24,2559,15,0.0
68,2559,15,0.0
12,2559,15,0.0
55,2559,15,2.0
33,2559,15,0.0
7,2559,15,0.0
40,2559,15,6.0
39,2559,15,0.0
22,2559,15,6.0
35,2559,15,10.0
70,2559,15,0.0
71,2559,15,1.0
2,2559,15,0.0
60,2559,15,0.0
59,2559,15,0.0
10,2559,15,0.0
18,2559,15,0.0
8,2559,15,2.0
57,2559,15,1.0
67,2559,15,0.0
21,2559,15,0.0
51,2559,15,0.0
31,2559,15,1.0
27,2559,15,19.0
26,2559,15,0.0
29,2559,15,41.0
41,2559,15,0.0
48,2559,15,5.0
23,2559,15,0.0
6,2559,15,0.0
45,2559,15,0.0
38,2559,15,0.0
61,2559,15,0.0
54,2559,15,0.0
30,2559,15,29.0
42,2559,15,6.0
46,2559,15,0.0
64,2560,15,0.0
1,2560,15,0.0
56,2560,15,0.0
34,2560,15,0.0
49,2560,15,3.0
28,2560,15,0.0
13,2560,15,8.0
15,2560,15,0.0
11,2560,15,0.0
9,2560,15,0.0
25,2560,15,0.0
69,2560,15,0.0
72,2560,15,0.0
14,2560,15,0.0
50,2560,15,18.0
17,2560,15,0.0
58,2560,15,0.0
36,2560,15,0.0
19,2560,15,0.0
63,2560,15,0.0
47,2560,15,4.0
3,2560,15,0.0
76,2560,15,0.0
43,2560,15,0.0
77,2560,15,0.0
20,2560,15,0.0
4,2560,15,0.0
62,2560,15,0.0
16,2560,15,0.0
74,2560,15,0.0
5,2560,15,0.0
44,2560,15,2.0
65,2560,15,0.0
73,2560,15,0.0
53,2560,15,5.0
52,2560,15,0.0
66,2560,15,0.0
32,2560,15,26.0
37,2560,15,0.0
75,2560,15,0.0
24,2560,15,0.0
68,2560,15,0.0
12,2560,15,1.0
55,2560,15,0.0
33,2560,15,0.0
7,2560,15,0.0
40,2560,15,0.0
39,2560,15,0.0
22,2560,15,0.0
35,2560,15,8.0
70,2560,15,0.0
71,2560,15,0.0
2,2560,15,0.0
60,2560,15,0.0
59,2560,15,0.0
10,2560,15,0.0
18,2560,15,0.0
8,2560,15,0.0
57,2560,15,0.0
67,2560,15,0.0
21,2560,15,0.0
51,2560,15,0.0
31,2560,15,1.0
27,2560,15,0.0
26,2560,15,0.0
29,2560,15,0.0
41,2560,15,0.0
48,2560,15,3.0
23,2560,15,0.0
6,2560,15,0.0
45,2560,15,0.0
38,2560,15,0.0
61,2560,15,2.0
54,2560,15,0.0
30,2560,15,0.0
42,2560,15,1.0
46,2560,15,0.0
64,2561,15,0.0
1,2561,15,0.0
56,2561,15,16.0
34,2561,15,0.0
49,2561,15,3.0
28,2561,15,1.0
13,2561,15,0.0
15,2561,15,0.0
11,2561,15,0.0
9,2561,15,0.0
25,2561,15,0.0
69,2561,15,0.0
72,2561,15,0.0
14,2561,15,0.0
50,2561,15,13.0
17,2561,15,0.0
58,2561,15,0.0
36,2561,15,1.0
19,2561,15,0.0
63,2561,15,2.0
47,2561,15,3.0
3,2561,15,0.0
76,2561,15,0.0
43,2561,15,0.0
77,2561,15,1.0
20,2561,15,0.0
4,2561,15,0.0
62,2561,15,2.0
16,2561,15,0.0
74,2561,15,0.0
5,2561,15,0.0
44,2561,15,2.0
65,2561,15,0.0
73,2561,15,0.0
53,2561,15,0.0
52,2561,15,0.0
66,2561,15,0.0
32,2561,15,0.0
37,2561,15,0.0
75,2561,15,0.0
24,2561,15,0.0
68,2561,15,0.0
12,2561,15,2.0
55,2561,15,0.0
33,2561,15,0.0
7,2561,15,0.0
40,2561,15,0.0
39,2561,15,0.0
22,2561,15,0.0
35,2561,15,8.0
70,2561,15,0.0
71,2561,15,0.0
2,2561,15,0.0
60,2561,15,0.0
59,2561,15,0.0
10,2561,15,0.0
18,2561,15,0.0
8,2561,15,0.0
57,2561,15,0.0
67,2561,15,0.0
21,2561,15,0.0
51,2561,15,0.0
31,2561,15,1.0
27,2561,15,0.0
26,2561,15,0.0
29,2561,15,0.0
41,2561,15,0.0
48,2561,15,0.0
23,2561,15,0.0
6,2561,15,0.0
45,2561,15,0.0
38,2561,15,0.0
61,2561,15,2.0
54,2561,15,0.0
30,2561,15,5.0
42,2561,15,2.0
46,2561,15,0.0
64,2562,15,0.0
1,2562,15,0.0
56,2562,15,4.0
34,2562,15,0.0
49,2562,15,0.0
28,2562,15,1.0
13,2562,15,0.0
15,2562,15,0.0
11,2562,15,0.0
9,2562,15,0.0
25,2562,15,1.0
69,2562,15,0.0
72,2562,15,0.0
14,2562,15,0.0
50,2562,15,8.0
17,2562,15,0.0
58,2562,15,0.0
36,2562,15,18.0
19,2562,15,0.0
63,2562,15,1.0
47,2562,15,2.0
3,2562,15,0.0
76,2562,15,0.0
43,2562,15,0.0
77,2562,15,0.0
20,2562,15,0.0
4,2562,15,0.0
62,2562,15,1.0
16,2562,15,0.0
74,2562,15,0.0
5,2562,15,0.0
44,2562,15,2.0
65,2562,15,0.0
73,2562,15,0.0
53,2562,15,0.0
52,2562,15,0.0
66,2562,15,0.0
32,2562,15,1.0
37,2562,15,0.0
75,2562,15,0.0
24,2562,15,0.0
68,2562,15,0.0
12,2562,15,0.0
55,2562,15,0.0
33,2562,15,1.0
7,2562,15,0.0
40,2562,15,0.0
39,2562,15,0.0
22,2562,15,0.0
35,2562,15,4.0
70,2562,15,0.0
71,2562,15,0.0
2,2562,15,0.0
60,2562,15,0.0
59,2562,15,0.0
10,2562,15,0.0
18,2562,15,0.0
8,2562,15,0.0
57,2562,15,0.0
67,2562,15,0.0
21,2562,15,0.0
51,2562,15,0.0
31,2562,15,1.0
27,2562,15,0.0
26,2562,15,0.0
29,2562,15,2.0
41,2562,15,0.0
48,2562,15,0.0
23,2562,15,0.0
6,2562,15,0.0
45,2562,15,1.0
38,2562,15,1.0
61,2562,15,2.0
54,2562,15,0.0
30,2562,15,4.0
42,2562,15,0.0
46,2562,15,0.0
64,2563,15,0.0
1,2563,15,0.0
56,2563,15,1.0
34,2563,15,1.0
49,2563,15,0.0
28,2563,15,1.0
13,2563,15,0.0
15,2563,15,0.0
11,2563,15,0.0
9,2563,15,0.0
25,2563,15,0.0
69,2563,15,0.0
72,2563,15,0.0
14,2563,15,0.0
50,2563,15,0.0
17,2563,15,0.0
58,2563,15,0.0
36,2563,15,16.0
19,2563,15,0.0
63,2563,15,2.0
47,2563,15,0.0
3,2563,15,0.0
76,2563,15,0.0
43,2563,15,0.0
77,2563,15,0.0
20,2563,15,0.0
4,2563,15,0.0
62,2563,15,0.0
16,2563,15,0.0
74,2563,15,0.0
5,2563,15,1.0
44,2563,15,2.0
65,2563,15,0.0
73,2563,15,0.0
53,2563,15,0.0
52,2563,15,0.0
66,2563,15,0.0
32,2563,15,0.0
37,2563,15,0.0
75,2563,15,0.0
24,2563,15,0.0
68,2563,15,0.0
12,2563,15,1.0
55,2563,15,0.0
33,2563,15,1.0
7,2563,15,0.0
40,2563,15,0.0
39,2563,15,0.0
22,2563,15,0.0
35,2563,15,3.0
70,2563,15,0.0
71,2563,15,1.0
2,2563,15,0.0
60,2563,15,0.0
59,2563,15,0.0
10,2563,15,0.0
18,2563,15,0.0
8,2563,15,0.0
57,2563,15,0.0
67,2563,15,0.0
21,2563,15,0.0
51,2563,15,0.0
31,2563,15,0.0
27,2563,15,0.0
26,2563,15,0.0
29,2563,15,12.0
41,2563,15,0.0
48,2563,15,0.0
23,2563,15,0.0
6,2563,15,0.0
45,2563,15,0.0
38,2563,15,0.0
61,2563,15,0.0
54,2563,15,0.0
30,2563,15,8.0
42,2563,15,0.0
46,2563,15,0.0
64,2564,15,0.0
1,2564,15,0.0
56,2564,15,0.0
34,2564,15,0.0
49,2564,15,0.0
28,2564,15,1.0
13,2564,15,0.0
15,2564,15,0.0
11,2564,15,0.0
9,2564,15,0.0
25,2564,15,0.0
69,2564,15,0.0
72,2564,15,0.0
14,2564,15,0.0
50,2564,15,0.0
17,2564,15,0.0
58,2564,15,0.0
36,2564,15,7.0
19,2564,15,0.0
63,2564,15,0.0
47,2564,15,0.0
3,2564,15,0.0
76,2564,15,0.0
43,2564,15,0.0
77,2564,15,0.0
20,2564,15,0.0
4,2564,15,0.0
62,2564,15,0.0
16,2564,15,0.0
74,2564,15,0.0
5,2564,15,0.0
44,2564,15,0.0
65,2564,15,0.0
73,2564,15,0.0
53,2564,15,0.0
52,2564,15,0.0
66,2564,15,0.0
32,2564,15,0.0
37,2564,15,0.0
75,2564,15,0.0
24,2564,15,0.0
68,2564,15,0.0
12,2564,15,0.0
55,2564,15,0.0
33,2564,15,0.0
7,2564,15,0.0
40,2564,15,2.0
39,2564,15,0.0
22,2564,15,0.0
35,2564,15,4.0
70,2564,15,0.0
71,2564,15,0.0
2,2564,15,0.0
60,2564,15,0.0
59,2564,15,0.0
10,2564,15,0.0
18,2564,15,0.0
8,2564,15,0.0
57,2564,15,0.0
67,2564,15,0.0
21,2564,15,0.0
51,2564,15,0.0
31,2564,15,0.0
27,2564,15,0.0
26,2564,15,0.0
29,2564,15,13.0
41,2564,15,0.0
48,2564,15,0.0
23,2564,15,0.0
6,2564,15,0.0
45,2564,15,0.0
38,2564,15,0.0
61,2564,15,0.0
54,2564,15,0.0
30,2564,15,8.0
42,2564,15,0.0
46,2564,15,0.0
64,2565,15,0.0
1,2565,15,0.0
56,2565,15,0.0
34,2565,15,0.0
49,2565,15,0.0
28,2565,15,0.0
13,2565,15,0.0
15,2565,15,0.0
11,2565,15,0.0
9,2565,15,0.0
25,2565,15,3.0
69,2565,15,0.0
72,2565,15,0.0
14,2565,15,0.0
50,2565,15,0.0
17,2565,15,0.0
58,2565,15,0.0
36,2565,15,11.0
19,2565,15,6.0
63,2565,15,0.0
47,2565,15,0.0
3,2565,15,0.0
76,2565,15,0.0
43,2565,15,0.0
77,2565,15,0.0
20,2565,15,2.0
4,2565,15,0.0
62,2565,15,0.0
16,2565,15,1.0
74,2565,15,0.0
5,2565,15,0.0
44,2565,15,1.0
65,2565,15,0.0
73,2565,15,0.0
53,2565,15,0.0
52,2565,15,0.0
66,2565,15,0.0
32,2565,15,0.0
37,2565,15,0.0
75,2565,15,0.0
24,2565,15,0.0
68,2565,15,0.0
12,2565,15,0.0
55,2565,15,0.0
33,2565,15,0.0
7,2565,15,13.0
40,2565,15,0.0
39,2565,15,0.0
22,2565,15,0.0
35,2565,15,4.0
70,2565,15,0.0
71,2565,15,0.0
2,2565,15,0.0
60,2565,15,0.0
59,2565,15,0.0
10,2565,15,1.0
18,2565,15,1.0
8,2565,15,0.0
57,2565,15,0.0
67,2565,15,0.0
21,2565,15,1.0
51,2565,15,0.0
31,2565,15,0.0
27,2565,15,0.0
26,2565,15,0.0
29,2565,15,11.0
41,2565,15,0.0
48,2565,15,0.0
23,2565,15,0.0
6,2565,15,0.0
45,2565,15,0.0
38,2565,15,0.0
61,2565,15,0.0
54,2565,15,0.0
30,2565,15,6.0
42,2565,15,0.0
46,2565,15,0.0
64,2566,15,0.0
1,2566,15,0.0
56,2566,15,5.0
34,2566,15,0.0
49,2566,15,0.0
28,2566,15,0.0
13,2566,15,0.0
15,2566,15,0.0
11,2566,15,0.0
9,2566,15,0.0
25,2566,15,4.0
69,2566,15,0.0
72,2566,15,0.0
14,2566,15,0.0
50,2566,15,0.0
17,2566,15,0.0
58,2566,15,0.0
36,2566,15,13.0
19,2566,15,4.0
63,2566,15,0.0
47,2566,15,0.0
3,2566,15,0.0
76,2566,15,0.0
43,2566,15,0.0
77,2566,15,0.0
20,2566,15,0.0
4,2566,15,0.0
62,2566,15,0.0
16,2566,15,1.0
74,2566,15,0.0
5,2566,15,0.0
44,2566,15,0.0
65,2566,15,0.0
73,2566,15,0.0
53,2566,15,0.0
52,2566,15,0.0
66,2566,15,0.0
32,2566,15,0.0
37,2566,15,0.0
75,2566,15,0.0
24,2566,15,0.0
68,2566,15,0.0
12,2566,15,0.0
55,2566,15,0.0
33,2566,15,0.0
7,2566,15,13.0
40,2566,15,0.0
39,2566,15,0.0
22,2566,15,0.0
35,2566,15,3.0
70,2566,15,0.0
71,2566,15,0.0
2,2566,15,0.0
60,2566,15,0.0
59,2566,15,0.0
10,2566,15,0.0
18,2566,15,0.0
8,2566,15,0.0
57,2566,15,0.0
67,2566,15,0.0
21,2566,15,1.0
51,2566,15,0.0
31,2566,15,0.0
27,2566,15,0.0
26,2566,15,0.0
29,2566,15,9.0
41,2566,15,0.0
48,2566,15,0.0
23,2566,15,1.0
6,2566,15,0.0
45,2566,15,0.0
38,2566,15,0.0
61,2566,15,1.0
54,2566,15,0.0
30,2566,15,7.0
42,2566,15,0.0
46,2566,15,0.0
64,2567,15,0.0
1,2567,15,0.0
56,2567,15,9.0
34,2567,15,0.0
49,2567,15,0.0
28,2567,15,0.0
13,2567,15,0.0
15,2567,15,0.0
11,2567,15,0.0
9,2567,15,0.0
25,2567,15,3.0
69,2567,15,0.0
72,2567,15,0.0
14,2567,15,0.0
50,2567,15,0.0
17,2567,15,0.0
58,2567,15,0.0
36,2567,15,12.0
19,2567,15,4.0
63,2567,15,0.0
47,2567,15,0.0
3,2567,15,0.0
76,2567,15,0.0
43,2567,15,0.0
77,2567,15,0.0
20,2567,15,0.0
4,2567,15,0.0
62,2567,15,0.0
16,2567,15,0.0
74,2567,15,0.0
5,2567,15,0.0
44,2567,15,0.0
65,2567,15,0.0
73,2567,15,0.0
53,2567,15,0.0
52,2567,15,0.0
66,2567,15,0.0
32,2567,15,0.0
37,2567,15,0.0
75,2567,15,0.0
24,2567,15,0.0
68,2567,15,0.0
12,2567,15,0.0
55,2567,15,0.0
33,2567,15,0.0
7,2567,15,0.0
40,2567,15,0.0
39,2567,15,0.0
22,2567,15,0.0
35,2567,15,3.0
70,2567,15,0.0
71,2567,15,1.0
2,2567,15,0.0
60,2567,15,0.0
59,2567,15,0.0
10,2567,15,0.0
18,2567,15,0.0
8,2567,15,0.0
57,2567,15,0.0
67,2567,15,0.0
21,2567,15,1.0
51,2567,15,0.0
31,2567,15,0.0
27,2567,15,0.0
26,2567,15,0.0
29,2567,15,9.0
41,2567,15,0.0
48,2567,15,0.0
23,2567,15,1.0
6,2567,15,0.0
45,2567,15,1.0
38,2567,15,0.0
61,2567,15,1.0
54,2567,15,0.0
30,2567,15,7.0
42,2567,15,0.0
46,2567,15,0.0
64,2568,15,0.0
1,2568,15,0.0
56,2568,15,12.0
34,2568,15,0.0
49,2568,15,0.0
28,2568,15,0.0
13,2568,15,0.0
15,2568,15,0.0
11,2568,15,0.0
9,2568,15,0.0
25,2568,15,2.0
69,2568,15,0.0
72,2568,15,0.0
14,2568,15,0.0
50,2568,15,0.0
17,2568,15,0.0
58,2568,15,0.0
36,2568,15,17.0
19,2568,15,4.0
63,2568,15,0.0
47,2568,15,0.0
3,2568,15,0.0
76,2568,15,0.0
43,2568,15,0.0
77,2568,15,0.0
20,2568,15,0.0
4,2568,15,0.0
62,2568,15,0.0
16,2568,15,0.0
74,2568,15,0.0
5,2568,15,0.0
44,2568,15,0.0
65,2568,15,0.0
73,2568,15,0.0
53,2568,15,0.0
52,2568,15,0.0
66,2568,15,0.0
32,2568,15,1.0
37,2568,15,0.0
75,2568,15,0.0
24,2568,15,0.0
68,2568,15,0.0
12,2568,15,0.0
55,2568,15,0.0
33,2568,15,0.0
7,2568,15,0.0
40,2568,15,0.0
39,2568,15,0.0
22,2568,15,0.0
35,2568,15,4.0
70,2568,15,0.0
71,2568,15,1.0
2,2568,15,0.0
60,2568,15,0.0
59,2568,15,0.0
10,2568,15,0.0
18,2568,15,0.0
8,2568,15,0.0
57,2568,15,0.0
67,2568,15,0.0
21,2568,15,1.0
51,2568,15,0.0
31,2568,15,0.0
27,2568,15,0.0
26,2568,15,0.0
29,2568,15,5.0
41,2568,15,0.0
48,2568,15,0.0
23,2568,15,1.0
6,2568,15,0.0
45,2568,15,0.0
38,2568,15,0.0
61,2568,15,0.0
54,2568,15,0.0
30,2568,15,4.0
42,2568,15,0.0
46,2568,15,0.0
64,2556,16,0.0
1,2556,16,0.0
56,2556,16,0.0
34,2556,16,0.0
49,2556,16,0.0
28,2556,16,0.0
13,2556,16,0.0
15,2556,16,0.0
11,2556,16,0.0
9,2556,16,0.0
25,2556,16,0.0
69,2556,16,0.0
72,2556,16,0.0
14,2556,16,0.0
50,2556,16,0.0
17,2556,16,0.0
58,2556,16,0.0
36,2556,16,0.0
19,2556,16,0.0
63,2556,16,0.0
47,2556,16,0.0
3,2556,16,0.0
76,2556,16,0.0
43,2556,16,0.0
77,2556,16,0.0
20,2556,16,0.0
4,2556,16,0.0
62,2556,16,0.0
16,2556,16,0.0
74,2556,16,0.0
5,2556,16,0.0
44,2556,16,0.0
65,2556,16,0.0
73,2556,16,0.0
53,2556,16,0.0
52,2556,16,0.0
66,2556,16,0.0
32,2556,16,0.0
37,2556,16,0.0
75,2556,16,0.0
24,2556,16,0.0
68,2556,16,0.0
12,2556,16,0.0
55,2556,16,0.0
33,2556,16,0.0
7,2556,16,0.0
40,2556,16,0.0
39,2556,16,0.0
22,2556,16,0.0
35,2556,16,0.0
70,2556,16,0.0
71,2556,16,0.0
2,2556,16,0.0
60,2556,16,0.0
59,2556,16,0.0
10,2556,16,0.0
18,2556,16,0.0
8,2556,16,0.0
57,2556,16,0.0
67,2556,16,0.0
21,2556,16,0.0
51,2556,16,0.0
31,2556,16,0.0
27,2556,16,0.0
26,2556,16,0.0
29,2556,16,0.0
41,2556,16,0.0
48,2556,16,0.0
23,2556,16,0.0
6,2556,16,0.0
45,2556,16,0.0
38,2556,16,0.0
61,2556,16,0.0
54,2556,16,0.0
30,2556,16,0.0
42,2556,16,0.0
46,2556,16,0.0
64,2557,16,0.0
1,2557,16,0.0
56,2557,16,0.0
34,2557,16,0.0
49,2557,16,0.0
28,2557,16,0.0
13,2557,16,0.0
15,2557,16,0.0
11,2557,16,0.0
9,2557,16,0.0
25,2557,16,0.0
69,2557,16,0.0
72,2557,16,0.0
14,2557,16,0.0
50,2557,16,0.0
17,2557,16,0.0
58,2557,16,0.0
36,2557,16,0.0
19,2557,16,0.0
63,2557,16,0.0
47,2557,16,0.0
3,2557,16,0.0
76,2557,16,0.0
43,2557,16,0.0
77,2557,16,0.0
20,2557,16,0.0
4,2557,16,0.0
62,2557,16,0.0
16,2557,16,0.0
74,2557,16,0.0
5,2557,16,0.0
44,2557,16,0.0
65,2557,16,0.0
73,2557,16,0.0
53,2557,16,0.0
52,2557,16,0.0
66,2557,16,0.0
32,2557,16,0.0
37,2557,16,0.0
75,2557,16,0.0
24,2557,16,0.0
68,2557,16,0.0
12,2557,16,0.0
55,2557,16,0.0
33,2557,16,0.0
7,2557,16,0.0
40,2557,16,0.0
39,2557,16,0.0
22,2557,16,0.0
35,2557,16,0.0
70,2557,16,0.0
71,2557,16,0.0
2,2557,16,0.0
60,2557,16,0.0
59,2557,16,0.0
10,2557,16,0.0
18,2557,16,0.0
8,2557,16,0.0
57,2557,16,0.0
67,2557,16,0.0
21,2557,16,0.0
51,2557,16,0.0
31,2557,16,0.0
27,2557,16,0.0
26,2557,16,0.0
29,2557,16,0.0
41,2557,16,0.0
48,2557,16,0.0
23,2557,16,0.0
6,2557,16,0.0
45,2557,16,0.0
38,2557,16,0.0
61,2557,16,0.0
54,2557,16,0.0
30,2557,16,0.0
42,2557,16,0.0
46,2557,16,0.0
64,2558,16,0.0
1,2558,16,0.0
56,2558,16,0.0
34,2558,16,0.0
49,2558,16,0.0
28,2558,16,0.0
13,2558,16,0.0
15,2558,16,0.0
11,2558,16,0.0
9,2558,16,0.0
25,2558,16,0.0
69,2558,16,0.0
72,2558,16,0.0
14,2558,16,0.0
50,2558,16,0.0
17,2558,16,0.0
58,2558,16,0.0
36,2558,16,0.0
19,2558,16,0.0
63,2558,16,0.0
47,2558,16,0.0
3,2558,16,0.0
76,2558,16,0.0
43,2558,16,0.0
77,2558,16,0.0
20,2558,16,0.0
4,2558,16,0.0
62,2558,16,0.0
16,2558,16,0.0
74,2558,16,0.0
5,2558,16,0.0
44,2558,16,0.0
65,2558,16,0.0
73,2558,16,0.0
53,2558,16,0.0
52,2558,16,0.0
66,2558,16,0.0
32,2558,16,0.0
37,2558,16,0.0
75,2558,16,0.0
24,2558,16,0.0
68,2558,16,0.0
12,2558,16,0.0
55,2558,16,0.0
33,2558,16,0.0
7,2558,16,0.0
40,2558,16,0.0
39,2558,16,0.0
22,2558,16,0.0
35,2558,16,0.0
70,2558,16,0.0
71,2558,16,0.0
2,2558,16,0.0
60,2558,16,0.0
59,2558,16,0.0
10,2558,16,0.0
18,2558,16,0.0
8,2558,16,0.0
57,2558,16,0.0
67,2558,16,0.0
21,2558,16,0.0
51,2558,16,0.0
31,2558,16,0.0
27,2558,16,0.0
26,2558,16,0.0
29,2558,16,0.0
41,2558,16,0.0
48,2558,16,0.0
23,2558,16,0.0
6,2558,16,0.0
45,2558,16,0.0
38,2558,16,0.0
61,2558,16,0.0
54,2558,16,0.0
30,2558,16,0.0
42,2558,16,0.0
46,2558,16,0.0
64,2559,16,0.0
1,2559,16,0.0
56,2559,16,0.0
34,2559,16,0.0
49,2559,16,0.0
28,2559,16,0.0
13,2559,16,0.0
15,2559,16,0.0
11,2559,16,0.0
9,2559,16,0.0
25,2559,16,0.0
69,2559,16,0.0
72,2559,16,0.0
14,2559,16,0.0
50,2559,16,0.0
17,2559,16,0.0
58,2559,16,0.0
36,2559,16,0.0
19,2559,16,0.0
63,2559,16,0.0
47,2559,16,0.0
3,2559,16,0.0
76,2559,16,0.0
43,2559,16,0.0
77,2559,16,0.0
20,2559,16,0.0
4,2559,16,0.0
62,2559,16,0.0
16,2559,16,0.0
74,2559,16,0.0
5,2559,16,0.0
44,2559,16,0.0
65,2559,16,0.0
73,2559,16,0.0
53,2559,16,0.0
52,2559,16,0.0
66,2559,16,0.0
32,2559,16,0.0
37,2559,16,0.0
75,2559,16,0.0
24,2559,16,0.0
68,2559,16,0.0
12,2559,16,0.0
55,2559,16,0.0
33,2559,16,0.0
7,2559,16,0.0
40,2559,16,0.0
39,2559,16,0.0
22,2559,16,0.0
35,2559,16,0.0
70,2559,16,0.0
71,2559,16,0.0
2,2559,16,0.0
60,2559,16,0.0
59,2559,16,0.0
10,2559,16,0.0
18,2559,16,0.0
8,2559,16,0.0
57,2559,16,0.0
67,2559,16,0.0
21,2559,16,0.0
51,2559,16,0.0
31,2559,16,0.0
27,2559,16,0.0
26,2559,16,0.0
29,2559,16,0.0
41,2559,16,0.0
48,2559,16,0.0
23,2559,16,0.0
6,2559,16,0.0
45,2559,16,0.0
38,2559,16,0.0
61,2559,16,0.0
54,2559,16,0.0
30,2559,16,0.0
42,2559,16,0.0
46,2559,16,0.0
64,2560,16,0.0
1,2560,16,0.0
56,2560,16,0.0
34,2560,16,0.0
49,2560,16,0.0
28,2560,16,0.0
13,2560,16,0.0
15,2560,16,0.0
11,2560,16,0.0
9,2560,16,0.0
25,2560,16,0.0
69,2560,16,0.0
72,2560,16,0.0
14,2560,16,0.0
50,2560,16,0.0
17,2560,16,0.0
58,2560,16,0.0
36,2560,16,0.0
19,2560,16,0.0
63,2560,16,0.0
47,2560,16,0.0
3,2560,16,0.0
76,2560,16,0.0
43,2560,16,0.0
77,2560,16,0.0
20,2560,16,0.0
4,2560,16,0.0
62,2560,16,0.0
16,2560,16,0.0
74,2560,16,0.0
5,2560,16,0.0
44,2560,16,0.0
65,2560,16,0.0
73,2560,16,0.0
53,2560,16,0.0
52,2560,16,0.0
66,2560,16,0.0
32,2560,16,0.0
37,2560,16,0.0
75,2560,16,0.0
24,2560,16,0.0
68,2560,16,0.0
12,2560,16,0.0
55,2560,16,0.0
33,2560,16,0.0
7,2560,16,0.0
40,2560,16,0.0
39,2560,16,0.0
22,2560,16,0.0
35,2560,16,0.0
70,2560,16,0.0
71,2560,16,0.0
2,2560,16,0.0
60,2560,16,0.0
59,2560,16,0.0
10,2560,16,0.0
18,2560,16,0.0
8,2560,16,0.0
57,2560,16,0.0
67,2560,16,0.0
21,2560,16,0.0
51,2560,16,0.0
31,2560,16,0.0
27,2560,16,0.0
26,2560,16,0.0
29,2560,16,0.0
41,2560,16,0.0
48,2560,16,0.0
23,2560,16,0.0
6,2560,16,0.0
45,2560,16,0.0
38,2560,16,0.0
61,2560,16,0.0
54,2560,16,0.0
30,2560,16,0.0
42,2560,16,0.0
46,2560,16,0.0
64,2561,16,0.0
1,2561,16,0.0
56,2561,16,0.0
34,2561,16,0.0
49,2561,16,0.0
28,2561,16,0.0
13,2561,16,0.0
15,2561,16,0.0
11,2561,16,0.0
9,2561,16,0.0
25,2561,16,0.0
69,2561,16,0.0
72,2561,16,0.0
14,2561,16,0.0
50,2561,16,0.0
17,2561,16,0.0
58,2561,16,0.0
36,2561,16,0.0
19,2561,16,0.0
63,2561,16,0.0
47,2561,16,0.0
3,2561,16,0.0
76,2561,16,0.0
43,2561,16,0.0
77,2561,16,0.0
20,2561,16,0.0
4,2561,16,0.0
62,2561,16,0.0
16,2561,16,0.0
74,2561,16,0.0
5,2561,16,0.0
44,2561,16,0.0
65,2561,16,0.0
73,2561,16,0.0
53,2561,16,0.0
52,2561,16,0.0
66,2561,16,0.0
32,2561,16,0.0
37,2561,16,0.0
75,2561,16,0.0
24,2561,16,0.0
68,2561,16,0.0
12,2561,16,0.0
55,2561,16,0.0
33,2561,16,0.0
7,2561,16,0.0
40,2561,16,0.0
39,2561,16,0.0
22,2561,16,0.0
35,2561,16,0.0
70,2561,16,0.0
71,2561,16,0.0
2,2561,16,0.0
60,2561,16,0.0
59,2561,16,0.0
10,2561,16,0.0
18,2561,16,0.0
8,2561,16,0.0
57,2561,16,0.0
67,2561,16,0.0
21,2561,16,0.0
51,2561,16,0.0
31,2561,16,0.0
27,2561,16,0.0
26,2561,16,0.0
29,2561,16,0.0
41,2561,16,0.0
48,2561,16,0.0
23,2561,16,0.0
6,2561,16,0.0
45,2561,16,0.0
38,2561,16,0.0
61,2561,16,0.0
54,2561,16,0.0
30,2561,16,0.0
42,2561,16,0.0
46,2561,16,0.0
64,2562,16,0.0
1,2562,16,0.0
56,2562,16,0.0
34,2562,16,0.0
49,2562,16,0.0
28,2562,16,0.0
13,2562,16,0.0
15,2562,16,0.0
11,2562,16,0.0
9,2562,16,0.0
25,2562,16,0.0
69,2562,16,0.0
72,2562,16,0.0
14,2562,16,0.0
50,2562,16,0.0
17,2562,16,0.0
58,2562,16,0.0
36,2562,16,0.0
19,2562,16,0.0
63,2562,16,0.0
47,2562,16,0.0
3,2562,16,0.0
76,2562,16,0.0
43,2562,16,0.0
77,2562,16,0.0
20,2562,16,0.0
4,2562,16,0.0
62,2562,16,0.0
16,2562,16,0.0
74,2562,16,0.0
5,2562,16,0.0
44,2562,16,0.0
65,2562,16,0.0
73,2562,16,0.0
53,2562,16,0.0
52,2562,16,0.0
66,2562,16,0.0
32,2562,16,0.0
37,2562,16,0.0
75,2562,16,0.0
24,2562,16,0.0
68,2562,16,0.0
12,2562,16,0.0
55,2562,16,0.0
33,2562,16,0.0
7,2562,16,0.0
40,2562,16,0.0
39,2562,16,0.0
22,2562,16,0.0
35,2562,16,0.0
70,2562,16,0.0
71,2562,16,0.0
2,2562,16,0.0
60,2562,16,0.0
59,2562,16,0.0
10,2562,16,0.0
18,2562,16,0.0
8,2562,16,0.0
57,2562,16,0.0
67,2562,16,0.0
21,2562,16,0.0
51,2562,16,0.0
31,2562,16,0.0
27,2562,16,0.0
26,2562,16,0.0
29,2562,16,0.0
41,2562,16,0.0
48,2562,16,0.0
23,2562,16,0.0
6,2562,16,0.0
45,2562,16,0.0
38,2562,16,0.0
61,2562,16,0.0
54,2562,16,0.0
30,2562,16,0.0
42,2562,16,0.0
46,2562,16,0.0
64,2563,16,0.0
1,2563,16,0.0
56,2563,16,0.0
34,2563,16,0.0
49,2563,16,0.0
28,2563,16,0.0
13,2563,16,0.0
15,2563,16,0.0
11,2563,16,0.0
9,2563,16,0.0
25,2563,16,0.0
69,2563,16,0.0
72,2563,16,0.0
14,2563,16,0.0
50,2563,16,0.0
17,2563,16,0.0
58,2563,16,0.0
36,2563,16,0.0
19,2563,16,0.0
63,2563,16,0.0
47,2563,16,0.0
3,2563,16,0.0
76,2563,16,0.0
43,2563,16,0.0
77,2563,16,0.0
20,2563,16,0.0
4,2563,16,0.0
62,2563,16,0.0
16,2563,16,0.0
74,2563,16,0.0
5,2563,16,0.0
44,2563,16,0.0
65,2563,16,0.0
73,2563,16,0.0
53,2563,16,0.0
52,2563,16,0.0
66,2563,16,0.0
32,2563,16,0.0
37,2563,16,0.0
75,2563,16,0.0
24,2563,16,0.0
68,2563,16,0.0
12,2563,16,0.0
55,2563,16,0.0
33,2563,16,0.0
7,2563,16,0.0
40,2563,16,0.0
39,2563,16,0.0
22,2563,16,0.0
35,2563,16,0.0
70,2563,16,0.0
71,2563,16,0.0
2,2563,16,0.0
60,2563,16,0.0
59,2563,16,0.0
10,2563,16,0.0
18,2563,16,0.0
8,2563,16,0.0
57,2563,16,0.0
67,2563,16,0.0
21,2563,16,0.0
51,2563,16,0.0
31,2563,16,0.0
27,2563,16,0.0
26,2563,16,0.0
29,2563,16,0.0
41,2563,16,0.0
48,2563,16,0.0
23,2563,16,0.0
6,2563,16,0.0
45,2563,16,0.0
38,2563,16,0.0
61,2563,16,0.0
54,2563,16,0.0
30,2563,16,0.0
42,2563,16,0.0
46,2563,16,0.0
64,2564,16,0.0
1,2564,16,0.0
56,2564,16,0.0
34,2564,16,0.0
49,2564,16,0.0
28,2564,16,0.0
13,2564,16,0.0
15,2564,16,0.0
11,2564,16,0.0
9,2564,16,0.0
25,2564,16,0.0
69,2564,16,0.0
72,2564,16,0.0
14,2564,16,0.0
50,2564,16,0.0
17,2564,16,0.0
58,2564,16,0.0
36,2564,16,0.0
19,2564,16,0.0
63,2564,16,0.0
47,2564,16,0.0
3,2564,16,0.0
76,2564,16,0.0
43,2564,16,0.0
77,2564,16,0.0
20,2564,16,0.0
4,2564,16,0.0
62,2564,16,0.0
16,2564,16,0.0
74,2564,16,0.0
5,2564,16,0.0
44,2564,16,0.0
65,2564,16,0.0
73,2564,16,0.0
53,2564,16,0.0
52,2564,16,0.0
66,2564,16,0.0
32,2564,16,0.0
37,2564,16,0.0
75,2564,16,0.0
24,2564,16,0.0
68,2564,16,0.0
12,2564,16,0.0
55,2564,16,0.0
33,2564,16,0.0
7,2564,16,0.0
40,2564,16,0.0
39,2564,16,0.0
22,2564,16,0.0
35,2564,16,0.0
70,2564,16,0.0
71,2564,16,0.0
2,2564,16,0.0
60,2564,16,0.0
59,2564,16,0.0
10,2564,16,0.0
18,2564,16,0.0
8,2564,16,0.0
57,2564,16,0.0
67,2564,16,0.0
21,2564,16,0.0
51,2564,16,0.0
31,2564,16,0.0
27,2564,16,0.0
26,2564,16,0.0
29,2564,16,0.0
41,2564,16,0.0
48,2564,16,0.0
23,2564,16,0.0
6,2564,16,0.0
45,2564,16,0.0
38,2564,16,0.0
61,2564,16,0.0
54,2564,16,0.0
30,2564,16,0.0
42,2564,16,0.0
46,2564,16,0.0
64,2565,16,0.0
1,2565,16,0.0
56,2565,16,0.0
34,2565,16,0.0
49,2565,16,0.0
28,2565,16,0.0
13,2565,16,0.0
15,2565,16,0.0
11,2565,16,0.0
9,2565,16,0.0
25,2565,16,0.0
69,2565,16,0.0
72,2565,16,0.0
14,2565,16,0.0
50,2565,16,0.0
17,2565,16,0.0
58,2565,16,0.0
36,2565,16,0.0
19,2565,16,0.0
63,2565,16,0.0
47,2565,16,0.0
3,2565,16,0.0
76,2565,16,0.0
43,2565,16,0.0
77,2565,16,0.0
20,2565,16,0.0
4,2565,16,0.0
62,2565,16,0.0
16,2565,16,0.0
74,2565,16,0.0
5,2565,16,0.0
44,2565,16,0.0
65,2565,16,0.0
73,2565,16,0.0
53,2565,16,0.0
52,2565,16,0.0
66,2565,16,0.0
32,2565,16,0.0
37,2565,16,0.0
75,2565,16,0.0
24,2565,16,0.0
68,2565,16,0.0
12,2565,16,0.0
55,2565,16,0.0
33,2565,16,0.0
7,2565,16,0.0
40,2565,16,0.0
39,2565,16,0.0
22,2565,16,0.0
35,2565,16,0.0
70,2565,16,0.0
71,2565,16,0.0
2,2565,16,0.0
60,2565,16,0.0
59,2565,16,0.0
10,2565,16,0.0
18,2565,16,0.0
8,2565,16,0.0
57,2565,16,0.0
67,2565,16,0.0
21,2565,16,0.0
51,2565,16,0.0
31,2565,16,0.0
27,2565,16,0.0
26,2565,16,0.0
29,2565,16,0.0
41,2565,16,0.0
48,2565,16,0.0
23,2565,16,0.0
6,2565,16,0.0
45,2565,16,0.0
38,2565,16,0.0
61,2565,16,0.0
54,2565,16,0.0
30,2565,16,0.0
42,2565,16,0.0
46,2565,16,0.0
64,2566,16,0.0
1,2566,16,0.0
56,2566,16,0.0
34,2566,16,0.0
49,2566,16,0.0
28,2566,16,0.0
13,2566,16,2.0
15,2566,16,3.0
11,2566,16,3.0
9,2566,16,0.0
25,2566,16,1.0
69,2566,16,0.0
72,2566,16,1.0
14,2566,16,3.0
50,2566,16,1.0
17,2566,16,0.0
58,2566,16,0.0
36,2566,16,0.0
19,2566,16,0.0
63,2566,16,0.0
47,2566,16,0.0
3,2566,16,0.0
76,2566,16,0.0
43,2566,16,0.0
77,2566,16,1.0
20,2566,16,1.0
4,2566,16,1.0
62,2566,16,2.0
16,2566,16,0.0
74,2566,16,0.0
5,2566,16,3.0
44,2566,16,1.0
65,2566,16,1.0
73,2566,16,1.0
53,2566,16,0.0
52,2566,16,2.0
66,2566,16,0.0
32,2566,16,0.0
37,2566,16,0.0
75,2566,16,0.0
24,2566,16,1.0
68,2566,16,0.0
12,2566,16,1.0
55,2566,16,0.0
33,2566,16,1.0
7,2566,16,0.0
40,2566,16,0.0
39,2566,16,0.0
22,2566,16,1.0
35,2566,16,1.0
70,2566,16,2.0
71,2566,16,0.0
2,2566,16,1.0
60,2566,16,0.0
59,2566,16,0.0
10,2566,16,1.0
18,2566,16,0.0
8,2566,16,0.0
57,2566,16,0.0
67,2566,16,0.0
21,2566,16,0.0
51,2566,16,0.0
31,2566,16,0.0
27,2566,16,0.0
26,2566,16,0.0
29,2566,16,0.0
41,2566,16,1.0
48,2566,16,0.0
23,2566,16,1.0
6,2566,16,0.0
45,2566,16,3.0
38,2566,16,0.0
61,2566,16,0.0
54,2566,16,3.0
30,2566,16,0.0
42,2566,16,0.0
46,2566,16,0.0
64,2567,16,0.0
1,2567,16,0.0
56,2567,16,0.0
34,2567,16,0.0
49,2567,16,0.0
28,2567,16,0.0
13,2567,16,1.0
15,2567,16,3.0
11,2567,16,3.0
9,2567,16,0.0
25,2567,16,1.0
69,2567,16,0.0
72,2567,16,1.0
14,2567,16,3.0
50,2567,16,1.0
17,2567,16,0.0
58,2567,16,0.0
36,2567,16,0.0
19,2567,16,2.0
63,2567,16,0.0
47,2567,16,0.0
3,2567,16,0.0
76,2567,16,0.0
43,2567,16,0.0
77,2567,16,0.0
20,2567,16,1.0
4,2567,16,0.0
62,2567,16,2.0
16,2567,16,0.0
74,2567,16,0.0
5,2567,16,1.0
44,2567,16,0.0
65,2567,16,1.0
73,2567,16,0.0
53,2567,16,0.0
52,2567,16,0.0
66,2567,16,0.0
32,2567,16,0.0
37,2567,16,0.0
75,2567,16,0.0
24,2567,16,1.0
68,2567,16,0.0
12,2567,16,0.0
55,2567,16,0.0
33,2567,16,1.0
7,2567,16,0.0
40,2567,16,0.0
39,2567,16,0.0
22,2567,16,0.0
35,2567,16,2.0
70,2567,16,1.0
71,2567,16,0.0
2,2567,16,1.0
60,2567,16,0.0
59,2567,16,0.0
10,2567,16,1.0
18,2567,16,0.0
8,2567,16,0.0
57,2567,16,1.0
67,2567,16,0.0
21,2567,16,0.0
51,2567,16,0.0
31,2567,16,0.0
27,2567,16,0.0
26,2567,16,0.0
29,2567,16,0.0
41,2567,16,1.0
48,2567,16,0.0
23,2567,16,1.0
6,2567,16,0.0
45,2567,16,0.0
38,2567,16,0.0
61,2567,16,0.0
54,2567,16,0.0
30,2567,16,0.0
42,2567,16,0.0
46,2567,16,0.0
64,2568,16,0.0
1,2568,16,0.0
56,2568,16,3.0
34,2568,16,1.0
49,2568,16,0.0
28,2568,16,0.0
13,2568,16,1.0
15,2568,16,2.0
11,2568,16,2.0
9,2568,16,0.0
25,2568,16,4.0
69,2568,16,0.0
72,2568,16,0.0
14,2568,16,3.0
50,2568,16,1.0
17,2568,16,1.0
58,2568,16,0.0
36,2568,16,0.0
19,2568,16,2.0
63,2568,16,1.0
47,2568,16,0.0
3,2568,16,0.0
76,2568,16,0.0
43,2568,16,0.0
77,2568,16,1.0
20,2568,16,2.0
4,2568,16,1.0
62,2568,16,0.0
16,2568,16,0.0
74,2568,16,0.0
5,2568,16,2.0
44,2568,16,0.0
65,2568,16,1.0
73,2568,16,0.0
53,2568,16,0.0
52,2568,16,1.0
66,2568,16,0.0
32,2568,16,1.0
37,2568,16,0.0
75,2568,16,0.0
24,2568,16,2.0
68,2568,16,0.0
12,2568,16,0.0
55,2568,16,0.0
33,2568,16,0.0
7,2568,16,0.0
40,2568,16,0.0
39,2568,16,0.0
22,2568,16,1.0
35,2568,16,1.0
70,2568,16,1.0
71,2568,16,0.0
2,2568,16,1.0
60,2568,16,0.0
59,2568,16,0.0
10,2568,16,1.0
18,2568,16,1.0
8,2568,16,0.0
57,2568,16,0.0
67,2568,16,0.0
21,2568,16,0.0
51,2568,16,0.0
31,2568,16,0.0
27,2568,16,0.0
26,2568,16,0.0
29,2568,16,1.0
41,2568,16,1.0
48,2568,16,0.0
23,2568,16,1.0
6,2568,16,0.0
45,2568,16,2.0
38,2568,16,0.0
61,2568,16,0.0
54,2568,16,2.0
30,2568,16,0.0
42,2568,16,1.0
46,2568,16,0.0
