province_code,province_name,region_name,year_be,generated_ton_day,recycled_ton_day,disposed_correct_ton_day,disposed_incorrect_ton_day,residual_ton,pct_recycled,pct_disposed_correct,pct_disposed_incorrect,generated_yoy_pct,facility_type_diversity,total_sites,pct_sites_improper,trend_pct_per_year,trend_label,behavior_cluster,behavior_cluster_label
1,กรุงเทพมหานคร,ภาคกลาง,2556,11335.0,1410.0,9925.0,0.0,0.0,12.44,87.56,0.0,,3,5.0,0.0,1.22,ค่อนข้างคงที่ (stable),0.0,กลุ่มนำกลับมาใช้ประโยชน์สูง
1,กรุงเทพมหานคร,ภาคกลาง,2557,10800.0,1600.0,9200.0,0.0,0.0,14.81,85.19,0.0,-4.719894133215707,4,8.0,0.0,1.22,ค่อนข้างคงที่ (stable),0.0,กลุ่มนำกลับมาใช้ประโยชน์สูง
1,กรุงเทพมหานคร,ภาคกลาง,2558,11500.0,1310.0,10190.0,0.0,0.0,11.39,88.61,0.0,6.481481481481488,3,5.0,0.0,1.22,ค่อนข้างคงที่ (stable),0.0,กลุ่มนำกลับมาใช้ประโยชน์สูง
1,กรุงเทพมหานคร,ภาคกลาง,2559,11530.0,1320.0,10210.0,0.0,0.0,11.45,88.55,0.0,0.2608695652173809,4,7.0,0.0,1.22,ค่อนข้างคงที่ (stable),0.0,กลุ่มนำกลับมาใช้ประโยชน์สูง
1,กรุงเทพมหานคร,ภาคกลาง,2560,13327.0,2738.0,10589.0,0.0,0.0,20.54,79.46,0.0,15.585429314830868,4,7.0,0.0,1.22,ค่อนข้างคงที่ (stable),0.0,กลุ่มนำกลับมาใช้ประโยชน์สูง
1,กรุงเทพมหานคร,ภาคกลาง,2561,13240.49,2521.87,10718.62,0.0,0.0,19.05,80.95,0.0,-0.6491333383357056,4,7.0,0.0,1.22,ค่อนข้างคงที่ (stable),0.0,กลุ่มนำกลับมาใช้ประโยชน์สูง
1,กรุงเทพมหานคร,ภาคกลาง,2562,13583.48,3029.98,10553.5,0.0,0.0,22.31,77.69,0.0,2.590463041775637,4,7.0,0.0,1.22,ค่อนข้างคงที่ (stable),0.0,กลุ่มนำกลับมาใช้ประโยชน์สูง
1,กรุงเทพมหานคร,ภาคกลาง,2563,12281.7,3672.5,8609.2,0.0,0.0,29.9,70.1,0.0,-9.583552962863706,4,7.0,0.0,1.22,ค่อนข้างคงที่ (stable),0.0,กลุ่มนำกลับมาใช้ประโยชน์สูง
1,กรุงเทพมหานคร,ภาคกลาง,2564,12214.0,3564.0,8650.0,0.0,0.0,29.18,70.82,0.0,-0.5512266217217565,4,12.0,0.0,1.22,ค่อนข้างคงที่ (stable),0.0,กลุ่มนำกลับมาใช้ประโยชน์สูง
1,กรุงเทพมหานคร,ภาคกลาง,2565,12890.0,3840.0,9050.0,0.0,0.0,29.79,70.21,0.0,5.534632389061733,4,10.0,0.0,1.22,ค่อนข้างคงที่ (stable),0.0,กลุ่มนำกลับมาใช้ประโยชน์สูง
1,กรุงเทพมหานคร,ภาคกลาง,2566,12748.0,3940.0,8808.0,0.0,0.0,30.91,69.09,0.0,-1.1016291698991432,4,10.0,0.0,1.22,ค่อนข้างคงที่ (stable),0.0,กลุ่มนำกลับมาใช้ประโยชน์สูง
1,กรุงเทพมหานคร,ภาคกลาง,2567,12847.0,3940.0,8907.0,0.0,0.0,30.67,69.33,0.0,0.7765924066520213,4,10.0,0.0,1.22,ค่อนข้างคงที่ (stable),0.0,กลุ่มนำกลับมาใช้ประโยชน์สูง
1,กรุงเทพมหานคร,ภาคกลาง,2568,13254.0,3592.0,9662.0,0.0,0.0,27.1,72.9,0.0,3.168054798785702,4,10.0,0.0,1.22,ค่อนข้างคงที่ (stable),0.0,กลุ่มนำกลับมาใช้ประโยชน์สูง
49,กำแพงเพชร,ภาคกลาง,2556,669.75,173.38,98.62,397.75,14095.44,25.89,14.72,59.39,,5,38.0,44.73684210526316,-2.57,ลดลงชัดเจน (decreasing),2.0,กลุ่มพึ่งพาการกำจัดไม่ถูกต้องสูง
49,กำแพงเพชร,ภาคกลาง,2557,712.0,160.0,170.0,382.0,10940.0,22.47,23.88,53.65,6.308324001493104,6,38.0,44.73684210526316,-2.57,ลดลงชัดเจน (decreasing),2.0,กลุ่มพึ่งพาการกำจัดไม่ถูกต้องสูง
49,กำแพงเพชร,ภาคกลาง,2558,703.0,152.0,245.0,306.0,1704.0,21.62,34.85,43.53,-1.2640449438202195,6,38.0,44.73684210526316,-2.57,ลดลงชัดเจน (decreasing),3.0,กลุ่มมีโครงสร้างพื้นฐานหลากหลาย
49,กำแพงเพชร,ภาคกลาง,2559,671.99,131.29,151.12,389.58,6119.0,19.54,22.49,57.97,-4.411095305832147,7,32.0,43.75,-2.57,ลดลงชัดเจน (decreasing),2.0,กลุ่มพึ่งพาการกำจัดไม่ถูกต้องสูง
49,กำแพงเพชร,ภาคกลาง,2560,395.0,73.0,145.0,177.0,8824.0,18.48,36.71,44.81,-41.21936338338368,7,36.0,44.44444444444444,-2.57,ลดลงชัดเจน (decreasing),3.0,กลุ่มมีโครงสร้างพื้นฐานหลากหลาย
49,กำแพงเพชร,ภาคกลาง,2561,417.84,90.95,143.12,183.77,6119.25,21.77,34.25,43.98,5.782278481012648,8,36.0,41.66666666666667,-2.57,ลดลงชัดเจน (decreasing),3.0,กลุ่มมีโครงสร้างพื้นฐานหลากหลาย
49,กำแพงเพชร,ภาคกลาง,2562,415.39,135.04,158.28,122.07,0.0,32.51,38.1,29.39,-0.5863488416618767,7,36.0,44.44444444444444,-2.57,ลดลงชัดเจน (decreasing),3.0,กลุ่มมีโครงสร้างพื้นฐานหลากหลาย
49,กำแพงเพชร,ภาคกลาง,2563,529.1,265.3,138.0,125.8,13500.0,50.14,26.08,23.78,27.37427477791956,7,36.0,44.44444444444444,-2.57,ลดลงชัดเจน (decreasing),1.0,กลุ่มนำกลับมาใช้ประโยชน์สูง
49,กำแพงเพชร,ภาคกลาง,2564,543.0,256.0,120.0,167.0,0.0,47.15,22.1,30.76,2.6271026271026177,7,38.0,44.73684210526316,-2.57,ลดลงชัดเจน (decreasing),1.0,กลุ่มนำกลับมาใช้ประโยชน์สูง
49,กำแพงเพชร,ภาคกลาง,2565,514.0,270.0,132.0,112.0,20000.0,52.53,25.68,21.79,-5.340699815837935,7,36.0,44.44444444444444,-2.57,ลดลงชัดเจน (decreasing),1.0,กลุ่มนำกลับมาใช้ประโยชน์สูง
49,กำแพงเพชร,ภาคกลาง,2566,463.0,220.0,131.0,112.0,23565.0,47.52,28.29,24.19,-9.922178988326847,7,32.0,43.75,-2.57,ลดลงชัดเจน (decreasing),1.0,กลุ่มนำกลับมาใช้ประโยชน์สูง
49,กำแพงเพชร,ภาคกลาง,2567,522.0,286.0,130.0,106.0,23015.0,54.79,24.9,20.31,12.742980561555072,7,30.0,43.333333333333336,-2.57,ลดลงชัดเจน (decreasing),1.0,กลุ่มนำกลับมาใช้ประโยชน์สูง
49,กำแพงเพชร,ภาคกลาง,2568,571.0,320.0,120.0,131.0,2400.0,56.04,21.02,22.94,9.38697318007662,6,30.0,46.666666666666664,-2.57,ลดลงชัดเจน (decreasing),1.0,กลุ่มนำกลับมาใช้ประโยชน์สูง
9,ชัยนาท,ภาคกลาง,2556,329.97,90.35,56.4,183.22,346092.0,27.38,17.09,55.53,,4,20.0,50.0,-0.61,ค่อนข้างคงที่ (stable),2.0,กลุ่มพึ่งพาการกำจัดไม่ถูกต้องสูง
9,ชัยนาท,ภาคกลาง,2557,361.0,26.0,3.0,332.0,226764.69,7.2,0.83,91.97,9.403885201685004,3,14.0,50.0,-0.61,ค่อนข้างคงที่ (stable),2.0,กลุ่มพึ่งพาการกำจัดไม่ถูกต้องสูง
9,ชัยนาท,ภาคกลาง,2558,360.0,150.0,75.0,135.0,132590.41,41.67,20.83,37.5,-0.27700831024930483,5,17.0,41.17647058823529,-0.61,ค่อนข้างคงที่ (stable),1.0,กลุ่มนำกลับมาใช้ประโยชน์สูง
9,ชัยนาท,ภาคกลาง,2559,356.58,135.11,88.4,133.07,20013.0,37.89,24.79,37.32,-0.9500000000000064,4,16.0,43.75,-0.61,ค่อนข้างคงที่ (stable),1.0,กลุ่มนำกลับมาใช้ประโยชน์สูง
9,ชัยนาท,ภาคกลาง,2560,320.0,121.0,113.0,86.0,10438.0,37.81,35.31,26.88,-10.258567502383753,5,16.0,43.75,-0.61,ค่อนข้างคงที่ (stable),3.0,กลุ่มมีโครงสร้างพื้นฐานหลากหลาย
9,ชัยนาท,ภาคกลาง,2561,326.33,126.22,104.59,95.52,97.5,38.68,32.05,29.27,1.9781249999999861,6,15.0,40.0,-0.61,ค่อนข้างคงที่ (stable),3.0,กลุ่มมีโครงสร้างพื้นฐานหลากหลาย
9,ชัยนาท,ภาคกลาง,2562,326.04,208.53,73.66,43.85,158.48,63.96,22.59,13.45,-0.08886709772315537,6,15.0,40.0,-0.61,ค่อนข้างคงที่ (stable),1.0,กลุ่มนำกลับมาใช้ประโยชน์สูง
9,ชัยนาท,ภาคกลาง,2563,289.5,127.5,60.0,102.0,1917.0,44.04,20.73,35.23,-11.207213838792796,5,15.0,40.0,-0.61,ค่อนข้างคงที่ (stable),1.0,กลุ่มนำกลับมาใช้ประโยชน์สูง
9,ชัยนาท,ภาคกลาง,2564,289.0,129.0,93.0,67.0,6158.0,44.64,32.18,23.18,-0.17271157167529916,6,15.0,40.0,-0.61,ค่อนข้างคงที่ (stable),1.0,กลุ่มนำกลับมาใช้ประโยชน์สูง
9,ชัยนาท,ภาคกลาง,2565,333.0,180.0,80.0,73.0,10620.0,54.05,24.02,21.92,15.224913494809677,6,15.0,40.0,-0.61,ค่อนข้างคงที่ (stable),1.0,กลุ่มนำกลับมาใช้ประโยชน์สูง
9,ชัยนาท,ภาคกลาง,2566,332.0,150.0,77.0,105.0,22440.0,45.18,23.19,31.63,-0.30030030030030463,6,15.0,40.0,-0.61,ค่อนข้างคงที่ (stable),1.0,กลุ่มนำกลับมาใช้ประโยชน์สูง
9,ชัยนาท,ภาคกลาง,2567,330.0,161.0,77.0,92.0,26390.0,48.79,23.33,27.88,-0.6024096385542133,5,15.0,40.0,-0.61,ค่อนข้างคงที่ (stable),1.0,กลุ่มนำกลับมาใช้ประโยชน์สูง
9,ชัยนาท,ภาคกลาง,2568,342.0,183.0,108.0,51.0,36742.0,53.51,31.58,14.91,3.6363636363636376,5,15.0,40.0,-0.61,ค่อนข้างคงที่ (stable),1.0,กลุ่มนำกลับมาใช้ประโยชน์สูง
17,นครนายก,ภาคกลาง,2556,258.99,56.71,96.92,105.36,120520.0,21.9,37.42,40.68,,4,10.0,50.0,-0.63,ค่อนข้างคงที่ (stable),3.0,กลุ่มมีโครงสร้างพื้นฐานหลากหลาย
17,นครนายก,ภาคกลาง,2557,252.0,57.0,91.0,104.0,134833.62,22.62,36.11,41.27,-2.6989459052473075,4,6.0,50.0,-0.63,ค่อนข้างคงที่ (stable),3.0,กลุ่มมีโครงสร้างพื้นฐานหลากหลาย
17,นครนายก,ภาคกลาง,2558,256.0,55.0,93.0,108.0,35522.0,21.48,36.33,42.19,1.5873015873015817,4,6.0,33.33333333333333,-0.63,ค่อนข้างคงที่ (stable),3.0,กลุ่มมีโครงสร้างพื้นฐานหลากหลาย
17,นครนายก,ภาคกลาง,2559,239.22,36.62,70.87,131.73,75000.0,15.31,29.63,55.07,-6.5546875,2,8.0,50.0,-0.63,ค่อนข้างคงที่ (stable),2.0,กลุ่มพึ่งพาการกำจัดไม่ถูกต้องสูง
17,นครนายก,ภาคกลาง,2560,241.0,85.0,70.0,86.0,80146.0,35.27,29.05,35.68,0.7440849427305496,2,6.0,50.0,-0.63,ค่อนข้างคงที่ (stable),1.0,กลุ่มนำกลับมาใช้ประโยชน์สูง
17,นครนายก,ภาคกลาง,2561,250.91,136.91,106.41,7.59,16200.0,54.57,42.41,3.02,4.112033195020737,4,6.0,16.666666666666664,-0.63,ค่อนข้างคงที่ (stable),0.0,กลุ่มนำกลับมาใช้ประโยชน์สูง
17,นครนายก,ภาคกลาง,2562,294.07,104.23,21.1,168.74,37470.0,35.44,7.18,57.38,17.201386951496556,2,6.0,50.0,-0.63,ค่อนข้างคงที่ (stable),2.0,กลุ่มพึ่งพาการกำจัดไม่ถูกต้องสูง
17,นครนายก,ภาคกลาง,2563,213.4,78.0,29.0,106.4,15939.0,36.55,13.59,49.86,-27.432244023531805,2,8.0,50.0,-0.63,ค่อนข้างคงที่ (stable),2.0,กลุ่มพึ่งพาการกำจัดไม่ถูกต้องสูง
17,นครนายก,ภาคกลาง,2564,217.0,72.0,27.0,118.0,24675.0,33.18,12.44,54.38,1.6869728209934376,2,8.0,50.0,-0.63,ค่อนข้างคงที่ (stable),2.0,กลุ่มพึ่งพาการกำจัดไม่ถูกต้องสูง
17,นครนายก,ภาคกลาง,2565,243.0,65.0,30.0,148.0,19440.0,26.75,12.35,60.91,11.981566820276491,2,6.0,50.0,-0.63,ค่อนข้างคงที่ (stable),2.0,กลุ่มพึ่งพาการกำจัดไม่ถูกต้องสูง
17,นครนายก,ภาคกลาง,2566,242.0,117.0,10.0,115.0,21545.0,48.35,4.13,47.52,-0.4115226337448541,2,6.0,50.0,-0.63,ค่อนข้างคงที่ (stable),1.0,กลุ่มนำกลับมาใช้ประโยชน์สูง
17,นครนายก,ภาคกลาง,2567,242.0,127.0,11.0,104.0,9484.0,52.48,4.55,42.98,0.0,2,8.0,62.5,-0.63,ค่อนข้างคงที่ (stable),1.0,กลุ่มนำกลับมาใช้ประโยชน์สูง
17,นครนายก,ภาคกลาง,2568,242.0,107.0,54.0,81.0,16618.0,44.21,22.31,33.47,0.0,3,6.0,50.0,-0.63,ค่อนข้างคงที่ (stable),1.0,กลุ่มนำกลับมาใช้ประโยชน์สูง
58,นครปฐม,ภาคกลาง,2556,967.41,198.91,161.74,606.76,340585.0,20.56,16.72,62.72,,4,26.0,42.30769230769231,2.38,เพิ่มขึ้นชัดเจน (increasing),2.0,กลุ่มพึ่งพาการกำจัดไม่ถูกต้องสูง
58,นครปฐม,ภาคกลาง,2557,971.0,167.0,484.0,320.0,353105.0,17.2,49.85,32.96,0.3710939518921652,4,28.0,42.857142857142854,2.38,เพิ่มขึ้นชัดเจน (increasing),3.0,กลุ่มมีโครงสร้างพื้นฐานหลากหลาย
58,นครปฐม,ภาคกลาง,2558,1080.0,168.0,576.0,336.0,131342.54,15.56,53.33,31.11,11.225540679711642,6,24.0,41.66666666666667,2.38,เพิ่มขึ้นชัดเจน (increasing),3.0,กลุ่มมีโครงสร้างพื้นฐานหลากหลาย
58,นครปฐม,ภาคกลาง,2559,1163.73,116.62,649.76,397.35,142385.0,10.02,55.83,34.14,7.752777777777786,5,22.0,45.45454545454545,2.38,เพิ่มขึ้นชัดเจน (increasing),3.0,กลุ่มมีโครงสร้างพื้นฐานหลากหลาย
58,นครปฐม,ภาคกลาง,2560,1165.0,234.0,516.0,415.0,114374.0,20.09,44.29,35.62,0.10913184329697234,6,14.0,35.714285714285715,2.38,เพิ่มขึ้นชัดเจน (increasing),3.0,กลุ่มมีโครงสร้างพื้นฐานหลากหลาย
58,นครปฐม,ภาคกลาง,2561,1263.91,310.23,652.16,301.52,90379.6,24.55,51.6,23.86,8.490128755364811,6,17.0,35.294117647058826,2.38,เพิ่มขึ้นชัดเจน (increasing),3.0,กลุ่มมีโครงสร้างพื้นฐานหลากหลาย
58,นครปฐม,ภาคกลาง,2562,1093.03,343.0,548.27,201.76,94748.0,31.38,50.16,18.46,-13.519949996439628,7,17.0,35.294117647058826,2.38,เพิ่มขึ้นชัดเจน (increasing),3.0,กลุ่มมีโครงสร้างพื้นฐานหลากหลาย
58,นครปฐม,ภาคกลาง,2563,1276.3,212.6,627.0,436.7,285979.0,16.66,49.13,34.22,16.767151862254458,0,0.0,,2.38,เพิ่มขึ้นชัดเจน (increasing),,
58,นครปฐม,ภาคกลาง,2564,1225.0,214.0,570.0,441.0,144505.0,17.47,46.53,36.0,-4.019431168220633,5,15.0,40.0,2.38,เพิ่มขึ้นชัดเจน (increasing),3.0,กลุ่มมีโครงสร้างพื้นฐานหลากหลาย
58,นครปฐม,ภาคกลาง,2565,1144.0,120.0,630.0,394.0,151675.0,10.49,55.07,34.44,-6.612244897959185,6,12.0,33.33333333333333,2.38,เพิ่มขึ้นชัดเจน (increasing),3.0,กลุ่มมีโครงสร้างพื้นฐานหลากหลาย
58,นครปฐม,ภาคกลาง,2566,1239.0,200.0,615.0,424.0,155637.0,16.14,49.64,34.22,8.304195804195814,6,13.0,38.46153846153847,2.38,เพิ่มขึ้นชัดเจน (increasing),3.0,กลุ่มมีโครงสร้างพื้นฐานหลากหลาย
58,นครปฐม,ภาคกลาง,2567,1368.0,276.0,689.0,403.0,155253.0,20.18,50.37,29.46,10.411622276029053,5,11.0,36.36363636363637,2.38,เพิ่มขึ้นชัดเจน (increasing),3.0,กลุ่มมีโครงสร้างพื้นฐานหลากหลาย
58,นครปฐม,ภาคกลาง,2568,1371.0,329.0,736.0,306.0,177503.0,24.0,53.68,22.32,0.21929824561404132,5,11.0,36.36363636363637,2.38,เพิ่มขึ้นชัดเจน (increasing),3.0,กลุ่มมีโครงสร้างพื้นฐานหลากหลาย
47,นครสวรรค์,ภาคกลาง,2556,1084.37,273.56,312.64,498.17,17190.0,25.23,28.83,45.94,,4,64.0,43.75,-2.53,ลดลงชัดเจน (decreasing),2.0,กลุ่มพึ่งพาการกำจัดไม่ถูกต้องสูง
47,นครสวรรค์,ภาคกลาง,2557,1108.0,250.0,316.0,542.0,27589.5,22.56,28.52,48.92,2.1791454946189948,4,64.0,43.75,-2.53,ลดลงชัดเจน (decreasing),2.0,กลุ่มพึ่งพาการกำจัดไม่ถูกต้องสูง
47,นครสวรรค์,ภาคกลาง,2558,1131.0,250.0,334.0,547.0,18942.0,22.1,29.53,48.36,2.0758122743682383,5,64.0,43.75,-2.53,ลดลงชัดเจน (decreasing),2.0,กลุ่มพึ่งพาการกำจัดไม่ถูกต้องสูง
47,นครสวรรค์,ภาคกลาง,2559,1012.79,227.63,279.22,505.94,11109.0,22.48,27.57,49.96,-10.451812555260831,6,58.0,43.103448275862064,-2.53,ลดลงชัดเจน (decreasing),3.0,กลุ่มมีโครงสร้างพื้นฐานหลากหลาย
47,นครสวรรค์,ภาคกลาง,2560,885.0,100.0,419.0,366.0,3193.0,11.3,47.34,41.36,-12.617620632115244,6,50.0,42.0,-2.53,ลดลงชัดเจน (decreasing),3.0,กลุ่มมีโครงสร้างพื้นฐานหลากหลาย
47,นครสวรรค์,ภาคกลาง,2561,894.0,122.01,418.91,353.08,11109.0,13.65,46.86,39.49,1.016949152542379,6,48.0,41.66666666666667,-2.53,ลดลงชัดเจน (decreasing),3.0,กลุ่มมีโครงสร้างพื้นฐานหลากหลาย
47,นครสวรรค์,ภาคกลาง,2562,756.09,220.59,378.52,156.98,0.0,29.18,50.06,20.76,-15.426174496644297,5,46.0,43.47826086956522,-2.53,ลดลงชัดเจน (decreasing),3.0,กลุ่มมีโครงสร้างพื้นฐานหลากหลาย
47,นครสวรรค์,ภาคกลาง,2563,787.9,353.9,336.0,98.0,0.0,44.92,42.65,12.44,4.207171103969087,3,44.0,40.909090909090914,-2.53,ลดลงชัดเจน (decreasing),1.0,กลุ่มนำกลับมาใช้ประโยชน์สูง
47,นครสวรรค์,ภาคกลาง,2564,815.0,353.0,361.0,101.0,0.0,43.31,44.29,12.39,3.439522782078952,4,42.0,40.476190476190474,-2.53,ลดลงชัดเจน (decreasing),1.0,กลุ่มนำกลับมาใช้ประโยชน์สูง
47,นครสวรรค์,ภาคกลาง,2565,836.0,390.0,304.0,142.0,19120.0,46.65,36.36,16.99,2.5766871165644245,4,38.0,42.10526315789473,-2.53,ลดลงชัดเจน (decreasing),1.0,กลุ่มนำกลับมาใช้ประโยชน์สูง
47,นครสวรรค์,ภาคกลาง,2566,897.0,395.0,355.0,147.0,32258.0,44.04,39.58,16.39,7.296650717703357,5,38.0,42.10526315789473,-2.53,ลดลงชัดเจน (decreasing),1.0,กลุ่มนำกลับมาใช้ประโยชน์สูง
47,นครสวรรค์,ภาคกลาง,2567,885.0,424.0,310.0,151.0,31779.0,47.91,35.03,17.06,-1.3377926421404673,6,36.0,41.66666666666667,-2.53,ลดลงชัดเจน (decreasing),1.0,กลุ่มนำกลับมาใช้ประโยชน์สูง
47,นครสวรรค์,ภาคกลาง,2568,850.0,402.0,320.0,128.0,750.0,47.29,37.65,15.06,-3.9548022598870025,6,34.0,41.17647058823529,-2.53,ลดลงชัดเจน (decreasing),1.0,กลุ่มนำกลับมาใช้ประโยชน์สูง
3,นนทบุรี,ภาคกลาง,2556,1541.73,320.38,1221.35,0.0,0.0,20.78,79.22,0.0,,2,2.0,0.0,2.89,เพิ่มขึ้นชัดเจน (increasing),0.0,กลุ่มนำกลับมาใช้ประโยชน์สูง
3,นนทบุรี,ภาคกลาง,2557,1617.0,338.0,1279.0,0.0,0.0,20.9,79.1,0.0,4.8821778132357885,2,2.0,0.0,2.89,เพิ่มขึ้นชัดเจน (increasing),0.0,กลุ่มนำกลับมาใช้ประโยชน์สูง
3,นนทบุรี,ภาคกลาง,2558,1624.0,324.0,1300.0,0.0,0.0,19.95,80.05,0.0,0.43290043290042934,2,2.0,0.0,2.89,เพิ่มขึ้นชัดเจน (increasing),0.0,กลุ่มนำกลับมาใช้ประโยชน์สูง
3,นนทบุรี,ภาคกลาง,2559,1679.23,489.97,1189.26,0.0,0.0,29.18,70.82,0.0,3.4008620689655267,2,2.0,0.0,2.89,เพิ่มขึ้นชัดเจน (increasing),0.0,กลุ่มนำกลับมาใช้ประโยชน์สูง
3,นนทบุรี,ภาคกลาง,2560,1685.0,384.0,1301.0,0.0,0.0,22.79,77.21,0.0,0.3436098688089251,2,2.0,0.0,2.89,เพิ่มขึ้นชัดเจน (increasing),0.0,กลุ่มนำกลับมาใช้ประโยชน์สูง
3,นนทบุรี,ภาคกลาง,2561,1691.45,386.17,1305.28,0.0,0.0,22.83,77.17,0.0,0.38278931750741485,2,2.0,0.0,2.89,เพิ่มขึ้นชัดเจน (increasing),0.0,กลุ่มนำกลับมาใช้ประโยชน์สูง
3,นนทบุรี,ภาคกลาง,2562,1995.28,689.19,1306.09,0.0,0.0,34.54,65.46,0.0,17.962694729374196,2,2.0,0.0,2.89,เพิ่มขึ้นชัดเจน (increasing),0.0,กลุ่มนำกลับมาใช้ประโยชน์สูง
3,นนทบุรี,ภาคกลาง,2563,1960.9,460.0,1491.0,9.9,0.0,23.46,76.04,0.5,-1.723066436790821,2,2.0,0.0,2.89,เพิ่มขึ้นชัดเจน (increasing),0.0,กลุ่มนำกลับมาใช้ประโยชน์สูง
3,นนทบุรี,ภาคกลาง,2564,1989.0,407.0,1582.0,0.0,0.0,20.46,79.54,0.0,1.4330154520883154,2,2.0,0.0,2.89,เพิ่มขึ้นชัดเจน (increasing),0.0,กลุ่มนำกลับมาใช้ประโยชน์สูง
3,นนทบุรี,ภาคกลาง,2565,2012.0,465.0,1547.0,0.0,0.0,23.11,76.89,0.0,1.1563599798893875,2,2.0,0.0,2.89,เพิ่มขึ้นชัดเจน (increasing),0.0,กลุ่มนำกลับมาใช้ประโยชน์สูง
3,นนทบุรี,ภาคกลาง,2566,2065.0,465.0,1600.0,0.0,0.0,22.52,77.48,0.0,2.634194831013925,2,2.0,0.0,2.89,เพิ่มขึ้นชัดเจน (increasing),0.0,กลุ่มนำกลับมาใช้ประโยชน์สูง
3,นนทบุรี,ภาคกลาง,2567,2085.0,475.0,1610.0,0.0,0.0,22.78,77.22,0.0,0.9685230024213176,2,2.0,0.0,2.89,เพิ่มขึ้นชัดเจน (increasing),0.0,กลุ่มนำกลับมาใช้ประโยชน์สูง
3,นนทบุรี,ภาคกลาง,2568,2173.0,473.0,1700.0,0.0,0.0,21.77,78.23,0.0,4.22062350119905,2,2.0,0.0,2.89,เพิ่มขึ้นชัดเจน (increasing),0.0,กลุ่มนำกลับมาใช้ประโยชน์สูง
4,ปทุมธานี,ภาคกลาง,2556,1471.41,138.77,0.0,1332.64,121893.0,9.43,0.0,90.57,,2,10.0,50.0,3.11,เพิ่มขึ้นชัดเจน (increasing),2.0,กลุ่มพึ่งพาการกำจัดไม่ถูกต้องสูง
4,ปทุมธานี,ภาคกลาง,2557,1486.0,100.0,0.0,1386.0,167008.5,6.73,0.0,93.27,0.9915659129678289,2,16.0,50.0,3.11,เพิ่มขึ้นชัดเจน (increasing),2.0,กลุ่มพึ่งพาการกำจัดไม่ถูกต้องสูง
4,ปทุมธานี,ภาคกลาง,2558,1591.0,190.0,220.0,1181.0,116296.0,11.94,13.83,74.23,7.065948855989235,5,16.0,43.75,3.11,เพิ่มขึ้นชัดเจน (increasing),2.0,กลุ่มพึ่งพาการกำจัดไม่ถูกต้องสูง
4,ปทุมธานี,ภาคกลาง,2559,1676.0,218.35,160.54,1297.11,82912.0,13.03,9.58,77.39,5.342551854179756,4,11.0,45.45454545454545,3.11,เพิ่มขึ้นชัดเจน (increasing),2.0,กลุ่มพึ่งพาการกำจัดไม่ถูกต้องสูง
4,ปทุมธานี,ภาคกลาง,2560,1622.0,367.0,283.0,972.0,65669.0,22.63,17.45,59.93,-3.221957040572787,5,11.0,36.36363636363637,3.11,เพิ่มขึ้นชัดเจน (increasing),2.0,กลุ่มพึ่งพาการกำจัดไม่ถูกต้องสูง
4,ปทุมธานี,ภาคกลาง,2561,1690.24,508.24,341.06,840.94,38272.0,30.07,20.18,49.75,4.207151664611586,5,10.0,30.0,3.11,เพิ่มขึ้นชัดเจน (increasing),2.0,กลุ่มพึ่งพาการกำจัดไม่ถูกต้องสูง
4,ปทุมธานี,ภาคกลาง,2562,1658.23,478.74,333.33,846.16,22962.0,28.87,20.1,51.03,-1.8938138962514173,5,10.0,30.0,3.11,เพิ่มขึ้นชัดเจน (increasing),2.0,กลุ่มพึ่งพาการกำจัดไม่ถูกต้องสูง
4,ปทุมธานี,ภาคกลาง,2563,1719.6,166.6,196.0,1357.0,31570.0,9.69,11.4,78.91,3.700934128558764,4,10.0,40.0,3.11,เพิ่มขึ้นชัดเจน (increasing),2.0,กลุ่มพึ่งพาการกำจัดไม่ถูกต้องสูง
4,ปทุมธานี,ภาคกลาง,2564,1714.0,161.0,495.0,1058.0,126630.0,9.39,28.88,61.73,-0.3256571295650046,3,6.0,16.666666666666664,3.11,เพิ่มขึ้นชัดเจน (increasing),2.0,กลุ่มพึ่งพาการกำจัดไม่ถูกต้องสูง
4,ปทุมธานี,ภาคกลาง,2565,1950.0,350.0,605.0,995.0,131760.0,17.95,31.03,51.03,13.768961493582266,3,5.0,20.0,3.11,เพิ่มขึ้นชัดเจน (increasing),2.0,กลุ่มพึ่งพาการกำจัดไม่ถูกต้องสูง
4,ปทุมธานี,ภาคกลาง,2566,2060.0,590.0,620.0,850.0,52645.0,28.64,30.1,41.26,5.641025641025643,4,5.0,40.0,3.11,เพิ่มขึ้นชัดเจน (increasing),3.0,กลุ่มมีโครงสร้างพื้นฐานหลากหลาย
4,ปทุมธานี,ภาคกลาง,2567,2080.0,600.0,650.0,830.0,52645.0,28.85,31.25,39.9,0.9708737864077666,4,4.0,25.0,3.11,เพิ่มขึ้นชัดเจน (increasing),3.0,กลุ่มมีโครงสร้างพื้นฐานหลากหลาย
4,ปทุมธานี,ภาคกลาง,2568,2148.0,567.0,928.0,653.0,21486.0,26.4,43.2,30.4,3.26923076923078,3,4.0,50.0,3.11,เพิ่มขึ้นชัดเจน (increasing),3.0,กลุ่มมีโครงสร้างพื้นฐานหลากหลาย
5,พระนครศรีอยุธยา,ภาคกลาง,2556,796.19,123.74,0.0,672.45,585717.9,15.54,0.0,84.46,,2,36.0,50.0,1.3,ค่อนข้างคงที่ (stable),2.0,กลุ่มพึ่งพาการกำจัดไม่ถูกต้องสูง
5,พระนครศรีอยุธยา,ภาคกลาง,2557,1135.0,178.0,0.0,957.0,780031.2,15.68,0.0,84.32,42.553913010713515,5,40.0,47.5,1.3,ค่อนข้างคงที่ (stable),2.0,กลุ่มพึ่งพาการกำจัดไม่ถูกต้องสูง
5,พระนครศรีอยุธยา,ภาคกลาง,2558,1148.0,191.0,0.0,957.0,486714.0,16.64,0.0,83.36,1.1453744493391982,3,40.0,50.0,1.3,ค่อนข้างคงที่ (stable),2.0,กลุ่มพึ่งพาการกำจัดไม่ถูกต้องสูง
5,พระนครศรีอยุธยา,ภาคกลาง,2559,1153.7,252.96,174.65,726.09,642566.0,21.93,15.14,62.94,0.49651567944251074,7,38.0,44.73684210526316,1.3,ค่อนข้างคงที่ (stable),2.0,กลุ่มพึ่งพาการกำจัดไม่ถูกต้องสูง
5,พระนครศรีอยุธยา,ภาคกลาง,2560,1038.0,264.0,553.0,221.0,312585.0,25.43,53.28,21.29,-10.028603623125598,6,24.0,45.83333333333333,1.3,ค่อนข้างคงที่ (stable),3.0,กลุ่มมีโครงสร้างพื้นฐานหลากหลาย
5,พระนครศรีอยุธยา,ภาคกลาง,2561,1176.35,519.65,404.28,252.42,297815.0,44.17,34.37,21.46,13.328516377649313,5,20.0,40.0,1.3,ค่อนข้างคงที่ (stable),1.0,กลุ่มนำกลับมาใช้ประโยชน์สูง
5,พระนครศรีอยุธยา,ภาคกลาง,2562,1095.13,529.57,444.65,120.91,206486.0,48.36,40.6,11.04,-6.904407701789417,5,16.0,43.75,1.3,ค่อนข้างคงที่ (stable),1.0,กลุ่มนำกลับมาใช้ประโยชน์สูง
5,พระนครศรีอยุธยา,ภาคกลาง,2563,1351.8,238.6,551.0,562.2,519195.0,17.65,40.76,41.59,23.43740012601243,5,16.0,43.75,1.3,ค่อนข้างคงที่ (stable),3.0,กลุ่มมีโครงสร้างพื้นฐานหลากหลาย
5,พระนครศรีอยุธยา,ภาคกลาง,2564,1287.0,197.0,644.0,446.0,398683.0,15.31,50.04,34.65,-4.793608521970705,6,14.0,35.714285714285715,1.3,ค่อนข้างคงที่ (stable),3.0,กลุ่มมีโครงสร้างพื้นฐานหลากหลาย
5,พระนครศรีอยุธยา,ภาคกลาง,2565,1100.0,190.0,580.0,330.0,416630.0,17.27,52.73,30.0,-14.529914529914533,4,10.0,30.0,1.3,ค่อนข้างคงที่ (stable),3.0,กลุ่มมีโครงสร้างพื้นฐานหลากหลาย
5,พระนครศรีอยุธยา,ภาคกลาง,2566,1200.0,280.0,262.0,658.0,551582.0,23.33,21.83,54.83,9.090909090909083,3,14.0,50.0,1.3,ค่อนข้างคงที่ (stable),2.0,กลุ่มพึ่งพาการกำจัดไม่ถูกต้องสูง
5,พระนครศรีอยุธยา,ภาคกลาง,2567,1120.0,260.0,200.0,660.0,520964.0,23.21,17.86,58.93,-6.666666666666665,5,16.0,43.75,1.3,ค่อนข้างคงที่ (stable),2.0,กลุ่มพึ่งพาการกำจัดไม่ถูกต้องสูง
5,พระนครศรีอยุธยา,ภาคกลาง,2568,1136.0,338.0,113.0,685.0,941455.0,29.75,9.95,60.3,1.4285714285714235,5,14.0,42.857142857142854,1.3,ค่อนข้างคงที่ (stable),2.0,กลุ่มพึ่งพาการกำจัดไม่ถูกต้องสูง
53,พิจิตร,ภาคกลาง,2556,542.5,138.78,44.95,358.77,36957.0,25.58,8.29,66.13,,5,46.0,45.65217391304348,-6.16,ลดลงชัดเจน (decreasing),2.0,กลุ่มพึ่งพาการกำจัดไม่ถูกต้องสูง
53,พิจิตร,ภาคกลาง,2557,543.0,105.0,74.0,364.0,36957.0,19.34,13.63,67.03,0.09216589861751334,5,52.0,46.15384615384615,-6.16,ลดลงชัดเจน (decreasing),2.0,กลุ่มพึ่งพาการกำจัดไม่ถูกต้องสูง
53,พิจิตร,ภาคกลาง,2558,542.0,102.0,74.0,366.0,36957.0,18.82,13.65,67.53,-0.18416206261510082,5,52.0,42.30769230769231,-6.16,ลดลงชัดเจน (decreasing),2.0,กลุ่มพึ่งพาการกำจัดไม่ถูกต้องสูง
53,พิจิตร,ภาคกลาง,2559,551.48,156.41,63.32,331.75,18170.0,28.36,11.48,60.16,1.7490774907749085,5,44.0,43.18181818181818,-6.16,ลดลงชัดเจน (decreasing),2.0,กลุ่มพึ่งพาการกำจัดไม่ถูกต้องสูง
53,พิจิตร,ภาคกลาง,2560,555.0,139.0,69.0,347.0,18136.0,25.05,12.43,62.52,0.6382824399796982,7,44.0,43.18181818181818,-6.16,ลดลงชัดเจน (decreasing),2.0,กลุ่มพึ่งพาการกำจัดไม่ถูกต้องสูง
53,พิจิตร,ภาคกลาง,2561,652.55,142.59,113.4,396.56,78856.5,21.85,17.38,60.77,17.576576576576564,6,36.0,41.66666666666667,-6.16,ลดลงชัดเจน (decreasing),2.0,กลุ่มพึ่งพาการกำจัดไม่ถูกต้องสูง
53,พิจิตร,ภาคกลาง,2562,499.19,146.92,123.76,228.51,157.0,29.43,24.79,45.78,-23.501647383342274,5,36.0,44.44444444444444,-6.16,ลดลงชัดเจน (decreasing),2.0,กลุ่มพึ่งพาการกำจัดไม่ถูกต้องสูง
53,พิจิตร,ภาคกลาง,2563,324.7,170.0,131.0,23.7,900.0,52.36,40.34,7.3,-34.95462649492177,5,36.0,44.44444444444444,-6.16,ลดลงชัดเจน (decreasing),1.0,กลุ่มนำกลับมาใช้ประโยชน์สูง
53,พิจิตร,ภาคกลาง,2564,327.0,138.0,54.0,135.0,0.0,42.2,16.51,41.28,0.7083461656914203,5,36.0,44.44444444444444,-6.16,ลดลงชัดเจน (decreasing),1.0,กลุ่มนำกลับมาใช้ประโยชน์สูง
53,พิจิตร,ภาคกลาง,2565,336.0,165.0,72.0,99.0,9645.0,49.11,21.43,29.46,2.752293577981657,5,36.0,44.44444444444444,-6.16,ลดลงชัดเจน (decreasing),1.0,กลุ่มนำกลับมาใช้ประโยชน์สูง
53,พิจิตร,ภาคกลาง,2566,344.0,170.0,69.0,105.0,17130.0,49.42,20.06,30.52,2.3809523809523725,4,30.0,43.333333333333336,-6.16,ลดลงชัดเจน (decreasing),1.0,กลุ่มนำกลับมาใช้ประโยชน์สูง
53,พิจิตร,ภาคกลาง,2567,296.0,119.0,85.0,92.0,93830.0,40.2,28.72,31.08,-13.953488372093027,4,26.0,42.30769230769231,-6.16,ลดลงชัดเจน (decreasing),1.0,กลุ่มนำกลับมาใช้ประโยชน์สูง
53,พิจิตร,ภาคกลาง,2568,285.0,112.0,80.0,93.0,3750.0,39.3,28.07,32.63,-3.716216216216217,4,22.0,40.909090909090914,-6.16,ลดลงชัดเจน (decreasing),1.0,กลุ่มนำกลับมาใช้ประโยชน์สูง
52,พิษณุโลก,ภาคกลาง,2556,867.38,207.85,160.52,499.01,24376.0,23.96,18.51,57.53,,4,38.0,44.73684210526316,-0.85,ค่อนข้างคงที่ (stable),2.0,กลุ่มพึ่งพาการกำจัดไม่ถูกต้องสูง
52,พิษณุโลก,ภาคกลาง,2557,867.0,208.0,183.0,476.0,10636.0,23.99,21.11,54.9,-0.043810094768148566,8,58.0,44.827586206896555,-0.85,ค่อนข้างคงที่ (stable),3.0,กลุ่มมีโครงสร้างพื้นฐานหลากหลาย
52,พิษณุโลก,ภาคกลาง,2558,927.0,230.0,191.0,506.0,21016.0,24.81,20.6,54.58,6.92041522491349,6,54.0,46.2962962962963,-0.85,ค่อนข้างคงที่ (stable),2.0,กลุ่มพึ่งพาการกำจัดไม่ถูกต้องสูง
52,พิษณุโลก,ภาคกลาง,2559,893.56,187.61,140.1,565.85,6817.0,21.0,15.68,63.33,-3.607335490830643,7,46.0,43.47826086956522,-0.85,ค่อนข้างคงที่ (stable),2.0,กลุ่มพึ่งพาการกำจัดไม่ถูกต้องสูง
52,พิษณุโลก,ภาคกลาง,2560,897.0,208.0,306.0,383.0,6817.0,23.19,34.11,42.7,0.3849769461480079,8,47.0,44.680851063829785,-0.85,ค่อนข้างคงที่ (stable),3.0,กลุ่มมีโครงสร้างพื้นฐานหลากหลาย
52,พิษณุโลก,ภาคกลาง,2561,902.96,280.61,345.0,277.35,0.0,31.08,38.21,30.72,0.6644370122631083,6,35.0,45.714285714285715,-0.85,ค่อนข้างคงที่ (stable),3.0,กลุ่มมีโครงสร้างพื้นฐานหลากหลาย
52,พิษณุโลก,ภาคกลาง,2562,883.35,552.34,243.29,87.72,0.0,62.53,27.54,9.93,-2.171746256755558,6,35.0,45.714285714285715,-0.85,ค่อนข้างคงที่ (stable),1.0,กลุ่มนำกลับมาใช้ประโยชน์สูง
52,พิษณุโลก,ภาคกลาง,2563,812.4,465.7,268.0,78.7,0.0,57.32,32.99,9.69,-8.03192392596367,7,33.0,39.39393939393939,-0.85,ค่อนข้างคงที่ (stable),1.0,กลุ่มนำกลับมาใช้ประโยชน์สูง
52,พิษณุโลก,ภาคกลาง,2564,815.0,458.0,244.0,113.0,0.0,56.2,29.94,13.87,0.32003938946332244,6,32.0,40.625,-0.85,ค่อนข้างคงที่ (stable),1.0,กลุ่มนำกลับมาใช้ประโยชน์สูง
52,พิษณุโลก,ภาคกลาง,2565,846.0,504.0,260.0,82.0,0.0,59.57,30.73,9.69,3.8036809815950923,4,15.0,33.33333333333333,-0.85,ค่อนข้างคงที่ (stable),1.0,กลุ่มนำกลับมาใช้ประโยชน์สูง
52,พิษณุโลก,ภาคกลาง,2566,857.0,512.0,251.0,94.0,0.0,59.74,29.29,10.97,1.3002364066193817,5,14.0,42.857142857142854,-0.85,ค่อนข้างคงที่ (stable),1.0,กลุ่มนำกลับมาใช้ประโยชน์สูง
52,พิษณุโลก,ภาคกลาง,2567,802.0,485.0,261.0,56.0,0.0,60.47,32.54,6.98,-6.417736289381559,5,16.0,37.5,-0.85,ค่อนข้างคงที่ (stable),1.0,กลุ่มนำกลับมาใช้ประโยชน์สูง
52,พิษณุโลก,ภาคกลาง,2568,812.0,453.0,248.0,111.0,0.0,55.79,30.54,13.67,1.2468827930174564,6,26.0,46.15384615384615,-0.85,ค่อนข้างคงที่ (stable),1.0,กลุ่มนำกลับมาใช้ประโยชน์สูง
7,ลพบุรี,ภาคกลาง,2556,774.71,149.99,46.18,578.54,352288.0,19.36,5.96,74.68,,4,62.0,50.0,-0.57,ค่อนข้างคงที่ (stable),2.0,กลุ่มพึ่งพาการกำจัดไม่ถูกต้องสูง
7,ลพบุรี,ภาคกลาง,2557,795.0,130.0,47.0,618.0,356608.0,16.35,5.91,77.74,2.619044545700966,4,70.0,47.14285714285714,-0.57,ค่อนข้างคงที่ (stable),2.0,กลุ่มพึ่งพาการกำจัดไม่ถูกต้องสูง
7,ลพบุรี,ภาคกลาง,2558,818.0,145.0,47.0,626.0,274534.0,17.73,5.75,76.53,2.8930817610062887,5,66.0,46.96969696969697,-0.57,ค่อนข้างคงที่ (stable),2.0,กลุ่มพึ่งพาการกำจัดไม่ถูกต้องสูง
7,ลพบุรี,ภาคกลาง,2559,920.64,141.68,39.18,739.78,125622.0,15.39,4.26,80.35,12.5476772616137,5,74.0,47.2972972972973,-0.57,ค่อนข้างคงที่ (stable),2.0,กลุ่มพึ่งพาการกำจัดไม่ถูกต้องสูง
7,ลพบุรี,ภาคกลาง,2560,730.0,247.0,59.0,424.0,171837.0,33.84,8.08,58.08,-20.70733402850191,5,72.0,45.83333333333333,-0.57,ค่อนข้างคงที่ (stable),2.0,กลุ่มพึ่งพาการกำจัดไม่ถูกต้องสูง
7,ลพบุรี,ภาคกลาง,2561,863.11,383.16,39.97,439.98,246722.16,44.39,4.63,50.98,18.23424657534247,5,72.0,45.83333333333333,-0.57,ค่อนข้างคงที่ (stable),1.0,กลุ่มนำกลับมาใช้ประโยชน์สูง
7,ลพบุรี,ภาคกลาง,2562,1142.91,317.16,31.95,793.8,273428.1,27.75,2.8,69.45,32.41765244290995,4,72.0,47.22222222222222,-0.57,ค่อนข้างคงที่ (stable),2.0,กลุ่มพึ่งพาการกำจัดไม่ถูกต้องสูง
7,ลพบุรี,ภาคกลาง,2563,798.6,284.1,33.0,481.5,271550.0,35.57,4.13,60.29,-30.125731684909574,4,72.0,47.22222222222222,-0.57,ค่อนข้างคงที่ (stable),2.0,กลุ่มพึ่งพาการกำจัดไม่ถูกต้องสูง
7,ลพบุรี,ภาคกลาง,2564,872.0,191.0,0.0,681.0,240899.0,21.9,0.0,78.1,9.19108439769596,3,68.0,50.0,-0.57,ค่อนข้างคงที่ (stable),2.0,กลุ่มพึ่งพาการกำจัดไม่ถูกต้องสูง
7,ลพบุรี,ภาคกลาง,2565,795.0,210.0,0.0,585.0,310060.0,26.42,0.0,73.58,-8.830275229357799,4,72.0,50.0,-0.57,ค่อนข้างคงที่ (stable),2.0,กลุ่มพึ่งพาการกำจัดไม่ถูกต้องสูง
7,ลพบุรี,ภาคกลาง,2566,794.0,200.0,0.0,594.0,246592.0,25.19,0.0,74.81,-0.12578616352201255,4,72.0,50.0,-0.57,ค่อนข้างคงที่ (stable),2.0,กลุ่มพึ่งพาการกำจัดไม่ถูกต้องสูง
7,ลพบุรี,ภาคกลาง,2567,774.0,213.0,0.0,561.0,238622.0,27.52,0.0,72.48,-2.518891687657432,2,72.0,50.0,-0.57,ค่อนข้างคงที่ (stable),2.0,กลุ่มพึ่งพาการกำจัดไม่ถูกต้องสูง
7,ลพบุรี,ภาคกลาง,2568,692.0,170.0,0.0,522.0,256586.0,24.57,0.0,75.43,-10.594315245478036,2,74.0,50.0,-0.57,ค่อนข้างคงที่ (stable),2.0,กลุ่มพึ่งพาการกำจัดไม่ถูกต้องสูง
2,สมุทรปราการ,ภาคกลาง,2556,1935.75,184.45,0.0,1751.3,2063448.0,9.53,0.0,90.47,,0,0.0,,4.55,เพิ่มขึ้นชัดเจน (increasing),,
2,สมุทรปราการ,ภาคกลาง,2557,2025.0,300.0,0.0,1725.0,2001960.0,14.81,0.0,85.19,4.6106160402944685,2,2.0,0.0,4.55,เพิ่มขึ้นชัดเจน (increasing),2.0,กลุ่มพึ่งพาการกำจัดไม่ถูกต้องสูง
2,สมุทรปราการ,ภาคกลาง,2558,2049.0,370.0,0.0,1679.0,1300000.0,18.06,0.0,81.94,1.185185185185178,2,2.0,50.0,4.55,เพิ่มขึ้นชัดเจน (increasing),2.0,กลุ่มพึ่งพาการกำจัดไม่ถูกต้องสูง
2,สมุทรปราการ,ภาคกลาง,2559,2362.24,298.94,1972.8,90.5,616143.0,12.65,83.51,3.83,15.287457296242057,4,6.0,33.33333333333333,4.55,เพิ่มขึ้นชัดเจน (increasing),3.0,กลุ่มมีโครงสร้างพื้นฐานหลากหลาย
2,สมุทรปราการ,ภาคกลาง,2560,2445.0,502.0,1845.0,98.0,0.0,20.53,75.46,4.01,3.5034543484150804,2,2.0,0.0,4.55,เพิ่มขึ้นชัดเจน (increasing),0.0,กลุ่มนำกลับมาใช้ประโยชน์สูง
2,สมุทรปราการ,ภาคกลาง,2561,2449.77,507.47,1927.3,15.0,0.0,20.72,78.67,0.61,0.19509202453986685,3,4.0,0.0,4.55,เพิ่มขึ้นชัดเจน (increasing),0.0,กลุ่มนำกลับมาใช้ประโยชน์สูง
2,สมุทรปราการ,ภาคกลาง,2562,2362.24,506.48,369.15,1486.61,0.0,21.44,15.63,62.93,-3.572988484633255,5,6.0,16.666666666666664,4.55,เพิ่มขึ้นชัดเจน (increasing),2.0,กลุ่มพึ่งพาการกำจัดไม่ถูกต้องสูง
2,สมุทรปราการ,ภาคกลาง,2563,2341.5,134.3,500.0,1707.2,0.0,5.74,21.35,72.91,-0.8779802221620114,5,6.0,16.666666666666664,4.55,เพิ่มขึ้นชัดเจน (increasing),2.0,กลุ่มพึ่งพาการกำจัดไม่ถูกต้องสูง
2,สมุทรปราการ,ภาคกลาง,2564,2515.0,186.0,0.0,2329.0,1200000.0,7.4,0.0,92.6,7.409780055519977,4,4.0,25.0,4.55,เพิ่มขึ้นชัดเจน (increasing),2.0,กลุ่มพึ่งพาการกำจัดไม่ถูกต้องสูง
2,สมุทรปราการ,ภาคกลาง,2565,3120.0,290.0,300.0,2530.0,1930000.0,9.29,9.62,81.09,24.05566600397615,4,4.0,25.0,4.55,เพิ่มขึ้นชัดเจน (increasing),2.0,กลุ่มพึ่งพาการกำจัดไม่ถูกต้องสูง
2,สมุทรปราการ,ภาคกลาง,2566,3465.0,250.0,893.0,2322.0,20000000.0,7.22,25.77,67.01,11.057692307692314,5,6.0,16.666666666666664,4.55,เพิ่มขึ้นชัดเจน (increasing),2.0,กลุ่มพึ่งพาการกำจัดไม่ถูกต้องสูง
2,สมุทรปราการ,ภาคกลาง,2567,3177.0,417.0,1636.0,1124.0,20000000.0,13.13,51.5,35.38,-8.311688311688314,5,6.0,16.666666666666664,4.55,เพิ่มขึ้นชัดเจน (increasing),3.0,กลุ่มมีโครงสร้างพื้นฐานหลากหลาย
2,สมุทรปราการ,ภาคกลาง,2568,3200.0,456.0,1840.0,904.0,13000000.0,14.25,57.5,28.25,0.7239534151715521,5,6.0,16.666666666666664,4.55,เพิ่มขึ้นชัดเจน (increasing),3.0,กลุ่มมีโครงสร้างพื้นฐานหลากหลาย
60,สมุทรสงคราม,ภาคกลาง,2556,250.75,40.28,4.6,205.87,68130.9,16.06,1.83,82.1,,2,2.0,50.0,-1.41,ค่อนข้างคงที่ (stable),2.0,กลุ่มพึ่งพาการกำจัดไม่ถูกต้องสูง
60,สมุทรสงคราม,ภาคกลาง,2557,221.0,60.0,5.0,156.0,1800.0,27.15,2.26,70.59,-11.864406779661019,1,1.0,0.0,-1.41,ค่อนข้างคงที่ (stable),2.0,กลุ่มพึ่งพาการกำจัดไม่ถูกต้องสูง
60,สมุทรสงคราม,ภาคกลาง,2558,161.0,1.0,0.0,160.0,0.0,0.62,0.0,99.38,-27.14932126696833,1,6.0,0.0,-1.41,ค่อนข้างคงที่ (stable),2.0,กลุ่มพึ่งพาการกำจัดไม่ถูกต้องสูง
60,สมุทรสงคราม,ภาคกลาง,2559,193.94,44.3,2.57,147.07,0.0,22.84,1.33,75.83,20.459627329192553,1,1.0,0.0,-1.41,ค่อนข้างคงที่ (stable),2.0,กลุ่มพึ่งพาการกำจัดไม่ถูกต้องสูง
60,สมุทรสงคราม,ภาคกลาง,2560,185.0,52.0,87.0,46.0,0.0,28.11,47.03,24.86,-4.6096730947715825,1,1.0,0.0,-1.41,ค่อนข้างคงที่ (stable),0.0,กลุ่มนำกลับมาใช้ประโยชน์สูง
60,สมุทรสงคราม,ภาคกลาง,2561,180.92,51.12,100.52,29.28,0.0,28.26,55.56,16.18,-2.205405405405414,1,1.0,0.0,-1.41,ค่อนข้างคงที่ (stable),0.0,กลุ่มนำกลับมาใช้ประโยชน์สูง
60,สมุทรสงคราม,ภาคกลาง,2562,187.08,62.16,123.12,1.8,0.0,33.23,65.81,0.96,3.404819809860715,1,1.0,0.0,-1.41,ค่อนข้างคงที่ (stable),0.0,กลุ่มนำกลับมาใช้ประโยชน์สูง
60,สมุทรสงคราม,ภาคกลาง,2563,177.1,42.2,86.0,48.9,0.0,23.83,48.56,27.61,-5.3346162069702885,1,1.0,0.0,-1.41,ค่อนข้างคงที่ (stable),0.0,กลุ่มนำกลับมาใช้ประโยชน์สูง
60,สมุทรสงคราม,ภาคกลาง,2564,178.0,35.0,100.0,43.0,0.0,19.66,56.18,24.16,0.5081874647091977,1,1.0,0.0,-1.41,ค่อนข้างคงที่ (stable),0.0,กลุ่มนำกลับมาใช้ประโยชน์สูง
60,สมุทรสงคราม,ภาคกลาง,2565,190.0,54.0,126.0,10.0,0.0,28.42,66.32,5.26,6.741573033707859,1,1.0,0.0,-1.41,ค่อนข้างคงที่ (stable),0.0,กลุ่มนำกลับมาใช้ประโยชน์สูง
60,สมุทรสงคราม,ภาคกลาง,2566,203.0,50.0,140.0,13.0,0.0,24.63,68.97,6.4,6.842105263157894,1,1.0,0.0,-1.41,ค่อนข้างคงที่ (stable),0.0,กลุ่มนำกลับมาใช้ประโยชน์สูง
60,สมุทรสงคราม,ภาคกลาง,2567,181.0,52.0,125.0,4.0,0.0,28.73,69.06,2.21,-10.837438423645319,1,1.0,0.0,-1.41,ค่อนข้างคงที่ (stable),0.0,กลุ่มนำกลับมาใช้ประโยชน์สูง
60,สมุทรสงคราม,ภาคกลาง,2568,179.0,52.0,124.0,3.0,0.0,29.05,69.27,1.68,-1.104972375690605,1,1.0,0.0,-1.41,ค่อนข้างคงที่ (stable),0.0,กลุ่มนำกลับมาใช้ประโยชน์สูง
59,สมุทรสาคร,ภาคกลาง,2556,665.39,106.91,315.03,243.45,52950.0,16.07,47.35,36.59,,4,10.0,50.0,1.53,เพิ่มขึ้นชัดเจน (increasing),3.0,กลุ่มมีโครงสร้างพื้นฐานหลากหลาย
59,สมุทรสาคร,ภาคกลาง,2557,890.0,140.0,690.0,60.0,52950.0,15.73,77.53,6.74,33.75614301387158,5,9.0,11.11111111111111,1.53,เพิ่มขึ้นชัดเจน (increasing),0.0,กลุ่มนำกลับมาใช้ประโยชน์สูง
59,สมุทรสาคร,ภาคกลาง,2558,950.0,167.0,642.0,141.0,30000.0,17.58,67.58,14.84,6.741573033707859,4,6.0,50.0,1.53,เพิ่มขึ้นชัดเจน (increasing),3.0,กลุ่มมีโครงสร้างพื้นฐานหลากหลาย
59,สมุทรสาคร,ภาคกลาง,2559,940.35,113.46,410.67,416.22,279825.0,12.07,43.67,44.26,-1.0157894736842032,3,7.0,42.857142857142854,1.53,เพิ่มขึ้นชัดเจน (increasing),3.0,กลุ่มมีโครงสร้างพื้นฐานหลากหลาย
59,สมุทรสาคร,ภาคกลาง,2560,948.0,587.0,12.0,349.0,237409.0,61.92,1.27,36.81,0.813526878289994,4,8.0,37.5,1.53,เพิ่มขึ้นชัดเจน (increasing),1.0,กลุ่มนำกลับมาใช้ประโยชน์สูง
59,สมุทรสาคร,ภาคกลาง,2561,918.0,476.8,370.31,70.89,9968.22,51.94,40.34,7.72,-3.164556962025311,3,5.0,20.0,1.53,เพิ่มขึ้นชัดเจน (increasing),0.0,กลุ่มนำกลับมาใช้ประโยชน์สูง
59,สมุทรสาคร,ภาคกลาง,2562,950.42,650.34,299.75,0.33,79015.81,68.43,31.54,0.03,3.531590413943353,1,3.0,0.0,1.53,เพิ่มขึ้นชัดเจน (increasing),0.0,กลุ่มนำกลับมาใช้ประโยชน์สูง
59,สมุทรสาคร,ภาคกลาง,2563,839.1,72.1,767.0,0.0,2925.0,8.59,91.41,0.0,-11.712716483238983,1,3.0,0.0,1.53,เพิ่มขึ้นชัดเจน (increasing),0.0,กลุ่มนำกลับมาใช้ประโยชน์สูง
59,สมุทรสาคร,ภาคกลาง,2564,868.0,64.0,757.0,47.0,0.0,7.37,87.21,5.41,3.4441663687283963,1,3.0,0.0,1.53,เพิ่มขึ้นชัดเจน (increasing),0.0,กลุ่มนำกลับมาใช้ประโยชน์สูง
59,สมุทรสาคร,ภาคกลาง,2565,908.0,150.0,748.0,10.0,15020.0,16.52,82.38,1.1,4.608294930875578,1,1.0,0.0,1.53,เพิ่มขึ้นชัดเจน (increasing),0.0,กลุ่มนำกลับมาใช้ประโยชน์สูง
59,สมุทรสาคร,ภาคกลาง,2566,996.0,221.0,765.0,10.0,15180.0,22.19,76.81,1.0,9.691629955947146,1,4.0,0.0,1.53,เพิ่มขึ้นชัดเจน (increasing),0.0,กลุ่มนำกลับมาใช้ประโยชน์สูง
59,สมุทรสาคร,ภาคกลาง,2567,1007.0,297.0,706.0,4.0,8693.0,29.49,70.11,0.4,1.1044176706827225,3,7.0,0.0,1.53,เพิ่มขึ้นชัดเจน (increasing),0.0,กลุ่มนำกลับมาใช้ประโยชน์สูง
59,สมุทรสาคร,ภาคกลาง,2568,1018.0,415.0,603.0,0.0,10680.0,40.77,59.23,0.0,1.0923535253227312,2,8.0,0.0,1.53,เพิ่มขึ้นชัดเจน (increasing),0.0,กลุ่มนำกลับมาใช้ประโยชน์สูง
10,สระบุรี,ภาคกลาง,2556,685.14,104.58,372.15,208.41,201720.0,15.26,54.32,30.42,,6,28.0,42.857142857142854,-0.86,ค่อนข้างคงที่ (stable),3.0,กลุ่มมีโครงสร้างพื้นฐานหลากหลาย
10,สระบุรี,ภาคกลาง,2557,624.0,10.0,370.0,244.0,191156.18,1.6,59.29,39.1,-8.923723618530522,5,26.0,38.46153846153847,-0.86,ค่อนข้างคงที่ (stable),3.0,กลุ่มมีโครงสร้างพื้นฐานหลากหลาย
10,สระบุรี,ภาคกลาง,2558,681.0,70.0,404.0,207.0,81780.0,10.28,59.32,30.4,9.134615384615374,6,24.0,37.5,-0.86,ค่อนข้างคงที่ (stable),3.0,กลุ่มมีโครงสร้างพื้นฐานหลากหลาย
10,สระบุรี,ภาคกลาง,2559,747.08,166.54,370.17,210.37,93481.0,22.29,49.55,28.16,9.703377386196777,5,20.0,40.0,-0.86,ค่อนข้างคงที่ (stable),3.0,กลุ่มมีโครงสร้างพื้นฐานหลากหลาย
10,สระบุรี,ภาคกลาง,2560,694.0,201.0,448.0,45.0,97158.0,28.96,64.55,6.48,-7.1049954489479035,6,21.0,33.33333333333333,-0.86,ค่อนข้างคงที่ (stable),3.0,กลุ่มมีโครงสร้างพื้นฐานหลากหลาย
10,สระบุรี,ภาคกลาง,2561,677.42,258.93,313.13,105.36,366014.3,38.22,46.22,15.55,-2.38904899135447,7,23.0,26.08695652173913,-0.86,ค่อนข้างคงที่ (stable),3.0,กลุ่มมีโครงสร้างพื้นฐานหลากหลาย
10,สระบุรี,ภาคกลาง,2562,721.82,253.62,276.78,191.42,362289.55,35.14,38.34,26.52,6.554279472114799,7,23.0,34.78260869565217,-0.86,ค่อนข้างคงที่ (stable),3.0,กลุ่มมีโครงสร้างพื้นฐานหลากหลาย
10,สระบุรี,ภาคกลาง,2563,631.7,144.65,264.0,223.05,335836.0,22.9,41.79,35.31,-12.485107090410352,7,23.0,34.78260869565217,-0.86,ค่อนข้างคงที่ (stable),3.0,กลุ่มมีโครงสร้างพื้นฐานหลากหลาย
10,สระบุรี,ภาคกลาง,2564,621.0,133.0,287.0,201.0,334060.0,21.42,46.22,32.37,-1.6938420136140664,7,23.0,34.78260869565217,-0.86,ค่อนข้างคงที่ (stable),3.0,กลุ่มมีโครงสร้างพื้นฐานหลากหลาย
10,สระบุรี,ภาคกลาง,2565,647.0,120.0,300.0,227.0,236160.0,18.55,46.37,35.09,4.186795491143314,7,22.0,36.36363636363637,-0.86,ค่อนข้างคงที่ (stable),3.0,กลุ่มมีโครงสร้างพื้นฐานหลากหลาย
10,สระบุรี,ภาคกลาง,2566,642.0,190.0,304.0,148.0,226755.0,29.6,47.35,23.05,-0.7727975270479082,7,21.0,38.095238095238095,-0.86,ค่อนข้างคงที่ (stable),3.0,กลุ่มมีโครงสร้างพื้นฐานหลากหลาย
10,สระบุรี,ภาคกลาง,2567,621.0,180.0,318.0,123.0,90417.0,28.99,51.21,19.81,-3.2710280373831724,7,21.0,38.095238095238095,-0.86,ค่อนข้างคงที่ (stable),3.0,กลุ่มมีโครงสร้างพื้นฐานหลากหลาย
10,สระบุรี,ภาคกลาง,2568,623.0,164.0,334.0,125.0,82823.0,26.32,53.61,20.06,0.32206119162641045,7,21.0,38.095238095238095,-0.86,ค่อนข้างคงที่ (stable),3.0,กลุ่มมีโครงสร้างพื้นฐานหลากหลาย
8,สิงห์บุรี,ภาคกลาง,2556,240.85,46.39,52.23,142.23,10327.5,19.26,21.69,59.05,,5,16.0,50.0,-3.36,ลดลงชัดเจน (decreasing),2.0,กลุ่มพึ่งพาการกำจัดไม่ถูกต้องสูง
8,สิงห์บุรี,ภาคกลาง,2557,221.0,45.0,0.0,176.0,24093.0,20.36,0.0,79.64,-8.241644176873574,4,16.0,50.0,-3.36,ลดลงชัดเจน (decreasing),2.0,กลุ่มพึ่งพาการกำจัดไม่ถูกต้องสูง
8,สิงห์บุรี,ภาคกลาง,2558,249.0,51.0,0.0,198.0,13200.0,20.48,0.0,79.52,12.669683257918551,2,12.0,50.0,-3.36,ลดลงชัดเจน (decreasing),2.0,กลุ่มพึ่งพาการกำจัดไม่ถูกต้องสูง
8,สิงห์บุรี,ภาคกลาง,2559,244.37,46.59,0.0,197.78,28138.0,19.07,0.0,80.93,-1.8594377510040117,3,12.0,50.0,-3.36,ลดลงชัดเจน (decreasing),2.0,กลุ่มพึ่งพาการกำจัดไม่ถูกต้องสูง
8,สิงห์บุรี,ภาคกลาง,2560,242.0,73.0,63.0,106.0,12216.0,30.17,26.03,43.8,-0.9698408151573412,3,9.0,44.44444444444444,-3.36,ลดลงชัดเจน (decreasing),2.0,กลุ่มพึ่งพาการกำจัดไม่ถูกต้องสูง
8,สิงห์บุรี,ภาคกลาง,2561,244.37,105.6,69.58,69.19,7250.0,43.21,28.47,28.31,0.9793388429752081,3,7.0,42.857142857142854,-3.36,ลดลงชัดเจน (decreasing),1.0,กลุ่มนำกลับมาใช้ประโยชน์สูง
8,สิงห์บุรี,ภาคกลาง,2562,240.9,118.17,69.53,53.2,7250.0,49.05,28.86,22.08,-1.4199779023611692,3,7.0,42.857142857142854,-3.36,ลดลงชัดเจน (decreasing),1.0,กลุ่มนำกลับมาใช้ประโยชน์สูง
8,สิงห์บุรี,ภาคกลาง,2563,140.0,54.9,25.0,60.1,23000.0,39.21,17.86,42.93,-41.884599418845994,3,7.0,42.857142857142854,-3.36,ลดลงชัดเจน (decreasing),1.0,กลุ่มนำกลับมาใช้ประโยชน์สูง
8,สิงห์บุรี,ภาคกลาง,2564,154.0,53.0,22.0,79.0,26066.0,34.42,14.29,51.3,10.000000000000009,3,7.0,42.857142857142854,-3.36,ลดลงชัดเจน (decreasing),2.0,กลุ่มพึ่งพาการกำจัดไม่ถูกต้องสูง
8,สิงห์บุรี,ภาคกลาง,2565,186.0,45.0,64.0,77.0,7100.0,24.19,34.41,41.4,20.779220779220786,3,7.0,42.857142857142854,-3.36,ลดลงชัดเจน (decreasing),2.0,กลุ่มพึ่งพาการกำจัดไม่ถูกต้องสูง
8,สิงห์บุรี,ภาคกลาง,2566,185.0,51.0,60.0,74.0,21573.0,27.57,32.43,40.0,-0.5376344086021501,3,7.0,42.857142857142854,-3.36,ลดลงชัดเจน (decreasing),2.0,กลุ่มพึ่งพาการกำจัดไม่ถูกต้องสูง
8,สิงห์บุรี,ภาคกลาง,2567,198.0,62.0,65.0,71.0,21593.0,31.31,32.83,35.86,7.027027027027022,3,5.0,40.0,-3.36,ลดลงชัดเจน (decreasing),3.0,กลุ่มมีโครงสร้างพื้นฐานหลากหลาย
8,สิงห์บุรี,ภาคกลาง,2568,166.0,47.0,80.0,39.0,10878.0,28.31,48.19,23.49,-16.161616161616166,3,5.0,40.0,-3.36,ลดลงชัดเจน (decreasing),3.0,กลุ่มมีโครงสร้างพื้นฐานหลากหลาย
57,สุพรรณบุรี,ภาคกลาง,2556,848.24,130.65,58.08,659.51,144922.5,15.4,6.85,77.75,,5,48.0,47.91666666666667,0.05,ค่อนข้างคงที่ (stable),2.0,กลุ่มพึ่งพาการกำจัดไม่ถูกต้องสูง
57,สุพรรณบุรี,ภาคกลาง,2557,865.0,140.0,150.0,575.0,144922.5,16.18,17.34,66.47,1.9758558898425038,6,32.0,46.875,0.05,ค่อนข้างคงที่ (stable),2.0,กลุ่มพึ่งพาการกำจัดไม่ถูกต้องสูง
57,สุพรรณบุรี,ภาคกลาง,2558,880.0,150.0,161.0,569.0,87306.24,17.05,18.3,64.66,1.7341040462427681,6,50.0,48.0,0.05,ค่อนข้างคงที่ (stable),2.0,กลุ่มพึ่งพาการกำจัดไม่ถูกต้องสูง
57,สุพรรณบุรี,ภาคกลาง,2559,784.32,161.01,122.9,500.41,92367.0,20.53,15.67,63.8,-10.872727272727268,5,56.0,44.642857142857146,0.05,ค่อนข้างคงที่ (stable),2.0,กลุ่มพึ่งพาการกำจัดไม่ถูกต้องสูง
57,สุพรรณบุรี,ภาคกลาง,2560,791.0,211.0,136.0,444.0,41655.0,26.68,17.19,56.13,0.8516931864545052,5,50.0,48.0,0.05,ค่อนข้างคงที่ (stable),2.0,กลุ่มพึ่งพาการกำจัดไม่ถูกต้องสูง
57,สุพรรณบุรี,ภาคกลาง,2561,636.14,158.43,170.17,307.54,42809.22,24.9,26.75,48.34,-19.57774968394438,6,50.0,48.0,0.05,ค่อนข้างคงที่ (stable),3.0,กลุ่มมีโครงสร้างพื้นฐานหลากหลาย
57,สุพรรณบุรี,ภาคกลาง,2562,806.83,599.11,56.0,151.72,68690.0,74.25,6.94,18.8,26.832143867702097,6,50.0,48.0,0.05,ค่อนข้างคงที่ (stable),1.0,กลุ่มนำกลับมาใช้ประโยชน์สูง
57,สุพรรณบุรี,ภาคกลาง,2563,691.0,278.6,64.0,348.4,46276.0,40.32,9.26,50.42,-14.3561840784304,6,46.0,47.82608695652174,0.05,ค่อนข้างคงที่ (stable),1.0,กลุ่มนำกลับมาใช้ประโยชน์สูง
57,สุพรรณบุรี,ภาคกลาง,2564,755.0,278.0,60.0,417.0,81445.0,36.82,7.95,55.23,9.261939218523874,6,46.0,47.82608695652174,0.05,ค่อนข้างคงที่ (stable),2.0,กลุ่มพึ่งพาการกำจัดไม่ถูกต้องสูง
57,สุพรรณบุรี,ภาคกลาง,2565,786.0,350.0,118.0,318.0,81450.0,44.53,15.01,40.46,4.1059602649006655,7,45.0,46.666666666666664,0.05,ค่อนข้างคงที่ (stable),1.0,กลุ่มนำกลับมาใช้ประโยชน์สูง
57,สุพรรณบุรี,ภาคกลาง,2566,837.0,400.0,193.0,244.0,82289.0,47.79,23.06,29.15,6.488549618320616,7,42.0,45.23809523809524,0.05,ค่อนข้างคงที่ (stable),1.0,กลุ่มนำกลับมาใช้ประโยชน์สูง
57,สุพรรณบุรี,ภาคกลาง,2567,878.0,440.0,193.0,245.0,107749.0,50.11,21.98,27.9,4.898446833930703,8,42.0,45.23809523809524,0.05,ค่อนข้างคงที่ (stable),1.0,กลุ่มนำกลับมาใช้ประโยชน์สูง
57,สุพรรณบุรี,ภาคกลาง,2568,881.0,535.0,232.0,114.0,120008.0,60.73,26.33,12.94,0.3416856492027387,6,40.0,42.5,0.05,ค่อนข้างคงที่ (stable),1.0,กลุ่มนำกลับมาใช้ประโยชน์สูง
51,สุโขทัย,ภาคกลาง,2556,582.8,102.39,91.97,388.44,184257.0,17.57,15.78,66.65,,4,42.0,45.23809523809524,-1.07,ค่อนข้างคงที่ (stable),2.0,กลุ่มพึ่งพาการกำจัดไม่ถูกต้องสูง
51,สุโขทัย,ภาคกลาง,2557,576.0,120.0,160.0,296.0,93606.0,20.83,27.78,51.39,-1.1667810569663595,4,36.0,44.44444444444444,-1.07,ค่อนข้างคงที่ (stable),2.0,กลุ่มพึ่งพาการกำจัดไม่ถูกต้องสูง
51,สุโขทัย,ภาคกลาง,2558,578.0,130.0,172.0,276.0,45909.9,22.49,29.76,47.75,0.3472222222222321,4,28.0,42.857142857142854,-1.07,ค่อนข้างคงที่ (stable),2.0,กลุ่มพึ่งพาการกำจัดไม่ถูกต้องสูง
51,สุโขทัย,ภาคกลาง,2559,572.87,349.97,118.53,104.37,24274.0,61.09,20.69,18.22,-0.8875432525951577,5,30.0,40.0,-1.07,ค่อนข้างคงที่ (stable),1.0,กลุ่มนำกลับมาใช้ประโยชน์สูง
51,สุโขทัย,ภาคกลาง,2560,576.0,319.0,155.0,102.0,6010.0,55.38,26.91,17.71,0.546371777192034,7,24.0,37.5,-1.07,ค่อนข้างคงที่ (stable),1.0,กลุ่มนำกลับมาใช้ประโยชน์สูง
51,สุโขทัย,ภาคกลาง,2561,581.24,376.57,128.21,76.46,0.0,64.79,22.06,13.15,0.9097222222222312,5,16.0,31.25,-1.07,ค่อนข้างคงที่ (stable),1.0,กลุ่มนำกลับมาใช้ประโยชน์สูง
51,สุโขทัย,ภาคกลาง,2562,573.94,398.25,108.18,67.51,0.0,69.39,18.85,11.76,-1.2559355859885657,5,14.0,28.57142857142857,-1.07,ค่อนข้างคงที่ (stable),1.0,กลุ่มนำกลับมาใช้ประโยชน์สูง
51,สุโขทัย,ภาคกลาง,2563,373.1,181.3,178.0,13.8,0.0,48.59,47.71,3.7,-34.99320486462,5,12.0,41.66666666666667,-1.07,ค่อนข้างคงที่ (stable),1.0,กลุ่มนำกลับมาใช้ประโยชน์สูง
51,สุโขทัย,ภาคกลาง,2564,421.0,203.0,74.0,144.0,60000.0,48.22,17.58,34.2,12.838381131064057,5,12.0,41.66666666666667,-1.07,ค่อนข้างคงที่ (stable),1.0,กลุ่มนำกลับมาใช้ประโยชน์สูง
51,สุโขทัย,ภาคกลาง,2565,560.0,383.0,123.0,54.0,60000.0,68.39,21.96,9.64,33.0166270783848,6,12.0,41.66666666666667,-1.07,ค่อนข้างคงที่ (stable),1.0,กลุ่มนำกลับมาใช้ประโยชน์สูง
51,สุโขทัย,ภาคกลาง,2566,553.0,360.0,128.0,65.0,60000.0,65.1,23.15,11.75,-1.2499999999999956,6,12.0,41.66666666666667,-1.07,ค่อนข้างคงที่ (stable),1.0,กลุ่มนำกลับมาใช้ประโยชน์สูง
51,สุโขทัย,ภาคกลาง,2567,549.0,343.0,176.0,30.0,70000.0,62.48,32.06,5.46,-0.7233273056057921,6,16.0,43.75,-1.07,ค่อนข้างคงที่ (stable),1.0,กลุ่มนำกลับมาใช้ประโยชน์สูง
51,สุโขทัย,ภาคกลาง,2568,539.0,330.0,170.0,39.0,113000.0,61.22,31.54,7.24,-1.821493624772308,6,14.0,42.857142857142854,-1.07,ค่อนข้างคงที่ (stable),1.0,กลุ่มนำกลับมาใช้ประโยชน์สูง
48,อุทัยธานี,ภาคกลาง,2556,314.17,64.78,52.5,196.89,4252.8,20.62,16.71,62.67,,4,14.0,42.857142857142854,-4.11,ลดลงชัดเจน (decreasing),2.0,กลุ่มพึ่งพาการกำจัดไม่ถูกต้องสูง
48,อุทัยธานี,ภาคกลาง,2557,316.0,60.0,56.0,200.0,4293.0,18.99,17.72,63.29,0.5824871884648308,4,14.0,42.857142857142854,-4.11,ลดลงชัดเจน (decreasing),2.0,กลุ่มพึ่งพาการกำจัดไม่ถูกต้องสูง
48,อุทัยธานี,ภาคกลาง,2558,316.0,41.0,68.0,207.0,2403.0,12.97,21.52,65.51,0.0,5,16.0,43.75,-4.11,ลดลงชัดเจน (decreasing),2.0,กลุ่มพึ่งพาการกำจัดไม่ถูกต้องสูง
48,อุทัยธานี,ภาคกลาง,2559,321.95,57.01,70.76,194.18,1296.0,17.71,21.98,60.31,1.8829113924050622,5,14.0,42.857142857142854,-4.11,ลดลงชัดเจน (decreasing),2.0,กลุ่มพึ่งพาการกำจัดไม่ถูกต้องสูง
48,อุทัยธานี,ภาคกลาง,2560,313.0,10.0,55.0,248.0,425.0,3.19,17.57,79.23,-2.779934772480197,6,12.0,41.66666666666667,-4.11,ลดลงชัดเจน (decreasing),2.0,กลุ่มพึ่งพาการกำจัดไม่ถูกต้องสูง
48,อุทัยธานี,ภาคกลาง,2561,316.49,48.95,55.9,211.64,1296.0,15.47,17.66,66.87,1.1150159744409027,5,10.0,40.0,-4.11,ลดลงชัดเจน (decreasing),2.0,กลุ่มพึ่งพาการกำจัดไม่ถูกต้องสูง
48,อุทัยธานี,ภาคกลาง,2562,285.55,47.37,96.77,141.41,0.0,16.59,33.89,49.52,-9.77598028373724,3,10.0,40.0,-4.11,ลดลงชัดเจน (decreasing),2.0,กลุ่มพึ่งพาการกำจัดไม่ถูกต้องสูง
48,อุทัยธานี,ภาคกลาง,2563,209.1,120.1,58.0,31.0,0.0,57.44,27.74,14.83,-26.772894414288217,4,8.0,25.0,-4.11,ลดลงชัดเจน (decreasing),1.0,กลุ่มนำกลับมาใช้ประโยชน์สูง
48,อุทัยธานี,ภาคกลาง,2564,204.0,95.0,70.0,39.0,0.0,46.57,34.31,19.12,-2.4390243902439046,5,8.0,25.0,-4.11,ลดลงชัดเจน (decreasing),1.0,กลุ่มนำกลับมาใช้ประโยชน์สูง
48,อุทัยธานี,ภาคกลาง,2565,243.0,130.0,60.0,53.0,1000.0,53.5,24.69,21.81,19.11764705882353,4,8.0,37.5,-4.11,ลดลงชัดเจน (decreasing),1.0,กลุ่มนำกลับมาใช้ประโยชน์สูง
48,อุทัยธานี,ภาคกลาง,2566,249.0,122.0,68.0,59.0,960.0,49.0,27.31,23.69,2.4691358024691468,4,8.0,37.5,-4.11,ลดลงชัดเจน (decreasing),1.0,กลุ่มนำกลับมาใช้ประโยชน์สูง
48,อุทัยธานี,ภาคกลาง,2567,210.0,107.0,60.0,43.0,3500.0,50.95,28.57,20.48,-15.662650602409634,4,8.0,37.5,-4.11,ลดลงชัดเจน (decreasing),1.0,กลุ่มนำกลับมาใช้ประโยชน์สูง
48,อุทัยธานี,ภาคกลาง,2568,205.0,120.0,60.0,25.0,0.0,58.54,29.27,12.2,-2.3809523809523836,5,8.0,37.5,-4.11,ลดลงชัดเจน (decreasing),1.0,กลุ่มนำกลับมาใช้ประโยชน์สูง
6,อ่างทอง,ภาคกลาง,2556,301.65,81.93,0.0,219.72,151581.0,27.16,0.0,72.84,,0,0.0,,-3.38,ลดลงชัดเจน (decreasing),,
6,อ่างทอง,ภาคกลาง,2557,280.0,50.0,0.0,230.0,98550.9,17.86,0.0,82.14,-7.177192110061325,3,28.0,50.0,-3.38,ลดลงชัดเจน (decreasing),2.0,กลุ่มพึ่งพาการกำจัดไม่ถูกต้องสูง
6,อ่างทอง,ภาคกลาง,2558,283.0,50.0,0.0,233.0,98550.9,17.67,0.0,82.33,1.0714285714285676,4,28.0,50.0,-3.38,ลดลงชัดเจน (decreasing),2.0,กลุ่มพึ่งพาการกำจัดไม่ถูกต้องสูง
6,อ่างทอง,ภาคกลาง,2559,285.49,118.57,107.07,59.85,0.0,41.53,37.5,20.96,0.8798586572438261,2,2.0,0.0,-3.38,ลดลงชัดเจน (decreasing),0.0,กลุ่มนำกลับมาใช้ประโยชน์สูง
6,อ่างทอง,ภาคกลาง,2560,288.0,145.0,103.0,40.0,0.0,50.35,35.76,13.89,0.8791901642789535,2,2.0,0.0,-3.38,ลดลงชัดเจน (decreasing),0.0,กลุ่มนำกลับมาใช้ประโยชน์สูง
6,อ่างทอง,ภาคกลาง,2561,285.49,159.1,107.75,18.64,0.0,55.73,37.74,6.53,-0.8715277777777697,2,2.0,0.0,-3.38,ลดลงชัดเจน (decreasing),0.0,กลุ่มนำกลับมาใช้ประโยชน์สูง
6,อ่างทอง,ภาคกลาง,2562,280.88,136.36,135.51,9.01,0.0,48.55,48.24,3.21,-1.6147675925601623,2,2.0,0.0,-3.38,ลดลงชัดเจน (decreasing),0.0,กลุ่มนำกลับมาใช้ประโยชน์สูง
6,อ่างทอง,ภาคกลาง,2563,377.0,245.0,0.0,132.0,0.0,64.99,0.0,35.01,34.221019652520646,2,2.0,50.0,-3.38,ลดลงชัดเจน (decreasing),1.0,กลุ่มนำกลับมาใช้ประโยชน์สูง
6,อ่างทอง,ภาคกลาง,2564,235.0,50.0,150.0,35.0,0.0,21.28,63.83,14.89,-37.6657824933687,2,2.0,0.0,-3.38,ลดลงชัดเจน (decreasing),0.0,กลุ่มนำกลับมาใช้ประโยชน์สูง
6,อ่างทอง,ภาคกลาง,2565,175.0,50.0,0.0,125.0,200000.0,28.57,0.0,71.43,-25.531914893617024,2,2.0,50.0,-3.38,ลดลงชัดเจน (decreasing),2.0,กลุ่มพึ่งพาการกำจัดไม่ถูกต้องสูง
6,อ่างทอง,ภาคกลาง,2566,173.0,41.0,130.0,2.0,80000.0,23.7,75.14,1.16,-1.1428571428571455,1,1.0,0.0,-3.38,ลดลงชัดเจน (decreasing),0.0,กลุ่มนำกลับมาใช้ประโยชน์สูง
6,อ่างทอง,ภาคกลาง,2567,210.0,50.0,130.0,30.0,70000.0,23.81,61.9,14.29,21.387283236994215,1,1.0,0.0,-3.38,ลดลงชัดเจน (decreasing),0.0,กลุ่มนำกลับมาใช้ประโยชน์สูง
6,อ่างทอง,ภาคกลาง,2568,223.0,62.0,130.0,31.0,63500.0,27.8,58.3,13.9,6.190476190476191,1,1.0,0.0,-3.38,ลดลงชัดเจน (decreasing),0.0,กลุ่มนำกลับมาใช้ประโยชน์สูง
54,เพชรบูรณ์,ภาคกลาง,2556,903.04,166.28,105.48,631.28,297240.0,18.41,11.68,69.91,,7,88.0,46.590909090909086,-2.1,ลดลงชัดเจน (decreasing),2.0,กลุ่มพึ่งพาการกำจัดไม่ถูกต้องสูง
54,เพชรบูรณ์,ภาคกลาง,2557,984.0,50.0,140.0,794.0,206863.0,5.08,14.23,80.69,8.965272856130401,6,88.0,48.86363636363637,-2.1,ลดลงชัดเจน (decreasing),2.0,กลุ่มพึ่งพาการกำจัดไม่ถูกต้องสูง
54,เพชรบูรณ์,ภาคกลาง,2558,1043.0,94.0,144.0,805.0,118232.0,9.01,13.81,77.18,5.9959349593496025,6,92.0,46.73913043478261,-2.1,ลดลงชัดเจน (decreasing),2.0,กลุ่มพึ่งพาการกำจัดไม่ถูกต้องสูง
54,เพชรบูรณ์,ภาคกลาง,2559,949.97,209.65,116.53,623.79,134693.0,22.07,12.27,65.66,-8.919463087248324,5,88.0,47.72727272727273,-2.1,ลดลงชัดเจน (decreasing),2.0,กลุ่มพึ่งพาการกำจัดไม่ถูกต้องสูง
54,เพชรบูรณ์,ภาคกลาง,2560,951.0,294.0,135.0,522.0,102018.0,30.91,14.2,54.89,0.10842447656240761,6,96.0,45.83333333333333,-2.1,ลดลงชัดเจน (decreasing),2.0,กลุ่มพึ่งพาการกำจัดไม่ถูกต้องสูง
54,เพชรบูรณ์,ภาคกลาง,2561,953.76,439.3,127.63,386.59,71930.0,46.06,13.38,40.53,0.29022082018927975,6,94.0,44.680851063829785,-2.1,ลดลงชัดเจน (decreasing),1.0,กลุ่มนำกลับมาใช้ประโยชน์สูง
54,เพชรบูรณ์,ภาคกลาง,2562,950.6,495.37,111.01,344.22,71930.0,52.11,11.68,36.21,-0.3313202482804867,6,94.0,44.680851063829785,-2.1,ลดลงชัดเจน (decreasing),1.0,กลุ่มนำกลับมาใช้ประโยชน์สูง
54,เพชรบูรณ์,ภาคกลาง,2563,742.1,237.4,120.0,384.7,71930.0,31.99,16.17,51.84,-21.933515674310968,8,88.0,46.590909090909086,-2.1,ลดลงชัดเจน (decreasing),3.0,กลุ่มมีโครงสร้างพื้นฐานหลากหลาย
54,เพชรบูรณ์,ภาคกลาง,2564,637.0,209.0,113.0,315.0,32000.0,32.81,17.74,49.45,-14.162511790863764,6,80.0,46.25,-2.1,ลดลงชัดเจน (decreasing),2.0,กลุ่มพึ่งพาการกำจัดไม่ถูกต้องสูง
54,เพชรบูรณ์,ภาคกลาง,2565,587.0,225.0,124.0,238.0,31000.0,38.33,21.12,40.55,-7.849293563579273,7,76.0,43.42105263157895,-2.1,ลดลงชัดเจน (decreasing),1.0,กลุ่มนำกลับมาใช้ประโยชน์สูง
54,เพชรบูรณ์,ภาคกลาง,2566,795.0,412.0,138.0,245.0,33000.0,51.82,17.36,30.82,35.4344122657581,8,80.0,46.25,-2.1,ลดลงชัดเจน (decreasing),1.0,กลุ่มนำกลับมาใช้ประโยชน์สูง
54,เพชรบูรณ์,ภาคกลาง,2567,907.0,454.0,172.0,281.0,32000.0,50.06,18.96,30.98,14.088050314465406,8,80.0,43.75,-2.1,ลดลงชัดเจน (decreasing),1.0,กลุ่มนำกลับมาใช้ประโยชน์สูง
54,เพชรบูรณ์,ภาคกลาง,2568,901.0,409.0,176.0,316.0,26000.0,45.39,19.53,35.07,-0.6615214994487362,9,80.0,43.75,-2.1,ลดลงชัดเจน (decreasing),1.0,กลุ่มนำกลับมาใช้ประโยชน์สูง
56,กาญจนบุรี,ภาคตะวันตก,2556,839.53,115.72,17.89,705.92,1658387.35,13.78,2.13,84.09,,7,46.0,45.65217391304348,0.09,ค่อนข้างคงที่ (stable),2.0,กลุ่มพึ่งพาการกำจัดไม่ถูกต้องสูง
56,กาญจนบุรี,ภาคตะวันตก,2557,798.0,130.0,2.0,666.0,934598.0,16.29,0.25,83.46,-4.94681548009005,7,44.0,45.45454545454545,0.09,ค่อนข้างคงที่ (stable),2.0,กลุ่มพึ่งพาการกำจัดไม่ถูกต้องสูง
56,กาญจนบุรี,ภาคตะวันตก,2558,686.0,23.0,22.0,641.0,463475.72,3.35,3.21,93.44,-14.035087719298245,5,84.0,48.80952380952381,0.09,ค่อนข้างคงที่ (stable),2.0,กลุ่มพึ่งพาการกำจัดไม่ถูกต้องสูง
56,กาญจนบุรี,ภาคตะวันตก,2559,845.25,169.35,24.2,651.7,223948.0,20.04,2.86,77.1,23.214285714285722,7,96.0,48.95833333333333,0.09,ค่อนข้างคงที่ (stable),2.0,กลุ่มพึ่งพาการกำจัดไม่ถูกต้องสูง
56,กาญจนบุรี,ภาคตะวันตก,2560,810.0,466.0,143.0,201.0,238715.0,57.53,17.65,24.81,-4.170363797692989,6,100.0,49.0,0.09,ค่อนข้างคงที่ (stable),1.0,กลุ่มนำกลับมาใช้ประโยชน์สูง
56,กาญจนบุรี,ภาคตะวันตก,2561,822.49,470.14,107.97,244.38,63067.0,57.16,13.13,29.71,1.541975308641974,7,100.0,47.0,0.09,ค่อนข้างคงที่ (stable),1.0,กลุ่มนำกลับมาใช้ประโยชน์สูง
56,กาญจนบุรี,ภาคตะวันตก,2562,899.02,607.59,106.86,130.57,35255.0,67.58,11.89,14.52,9.304672397232782,6,74.0,47.2972972972973,0.09,ค่อนข้างคงที่ (stable),1.0,กลุ่มนำกลับมาใช้ประโยชน์สูง
56,กาญจนบุรี,ภาคตะวันตก,2563,794.8,381.5,178.0,235.3,34568.0,48.0,22.4,29.6,-11.592623078463216,5,68.0,48.529411764705884,0.09,ค่อนข้างคงที่ (stable),1.0,กลุ่มนำกลับมาใช้ประโยชน์สูง
56,กาญจนบุรี,ภาคตะวันตก,2564,849.0,403.0,150.0,296.0,49374.0,47.47,17.67,34.86,6.81932561650731,4,68.0,48.529411764705884,0.09,ค่อนข้างคงที่ (stable),1.0,กลุ่มนำกลับมาใช้ประโยชน์สูง
56,กาญจนบุรี,ภาคตะวันตก,2565,657.0,257.0,110.0,290.0,109475.0,39.12,16.74,44.14,-22.614840989399298,7,63.0,46.03174603174603,0.09,ค่อนข้างคงที่ (stable),1.0,กลุ่มนำกลับมาใช้ประโยชน์สูง
56,กาญจนบุรี,ภาคตะวันตก,2566,698.0,317.0,204.0,177.0,126518.0,45.42,29.23,25.36,6.240487062404876,9,65.0,44.61538461538462,0.09,ค่อนข้างคงที่ (stable),3.0,กลุ่มมีโครงสร้างพื้นฐานหลากหลาย
56,กาญจนบุรี,ภาคตะวันตก,2567,875.0,480.0,19.0,376.0,194417.0,54.86,2.17,42.97,25.358166189111753,8,62.0,46.774193548387096,0.09,ค่อนข้างคงที่ (stable),1.0,กลุ่มนำกลับมาใช้ประโยชน์สูง
56,กาญจนบุรี,ภาคตะวันตก,2568,876.0,396.0,76.0,404.0,256547.0,45.21,8.68,46.12,0.11428571428571122,9,86.0,47.674418604651166,0.09,ค่อนข้างคงที่ (stable),1.0,กลุ่มนำกลับมาใช้ประโยชน์สูง
50,ตาก,ภาคตะวันตก,2556,619.75,191.77,0.0,427.98,93560.7,30.94,0.0,69.06,,6,90.0,50.0,1.19,ค่อนข้างคงที่ (stable),2.0,กลุ่มพึ่งพาการกำจัดไม่ถูกต้องสูง
50,ตาก,ภาคตะวันตก,2557,672.0,142.0,31.0,499.0,126195.75,21.13,4.61,74.26,8.430818878580082,6,64.0,50.0,1.19,ค่อนข้างคงที่ (stable),2.0,กลุ่มพึ่งพาการกำจัดไม่ถูกต้องสูง
50,ตาก,ภาคตะวันตก,2558,640.0,135.0,28.0,477.0,126195.75,21.09,4.38,74.53,-4.761904761904767,6,74.0,48.64864864864865,1.19,ค่อนข้างคงที่ (stable),2.0,กลุ่มพึ่งพาการกำจัดไม่ถูกต้องสูง
50,ตาก,ภาคตะวันตก,2559,630.36,117.01,71.9,441.45,79592.0,18.56,11.41,70.03,-1.5062499999999979,7,88.0,47.72727272727273,1.19,ค่อนข้างคงที่ (stable),2.0,กลุ่มพึ่งพาการกำจัดไม่ถูกต้องสูง
50,ตาก,ภาคตะวันตก,2560,523.0,96.0,122.0,305.0,100030.0,18.36,23.33,58.32,-17.0315375341075,7,80.0,50.0,1.19,ค่อนข้างคงที่ (stable),2.0,กลุ่มพึ่งพาการกำจัดไม่ถูกต้องสูง
50,ตาก,ภาคตะวันตก,2561,638.55,195.03,98.9,344.62,2014.0,30.54,15.49,53.97,22.093690248565956,6,62.0,50.0,1.19,ค่อนข้างคงที่ (stable),2.0,กลุ่มพึ่งพาการกำจัดไม่ถูกต้องสูง
50,ตาก,ภาคตะวันตก,2562,625.93,137.05,335.18,153.7,651.15,21.9,53.55,24.56,-1.9763526740270931,7,50.0,48.0,1.19,ค่อนข้างคงที่ (stable),3.0,กลุ่มมีโครงสร้างพื้นฐานหลากหลาย
50,ตาก,ภาคตะวันตก,2563,708.0,437.5,166.0,104.5,263.0,61.79,23.45,14.76,13.111689805569316,6,54.0,48.148148148148145,1.19,ค่อนข้างคงที่ (stable),1.0,กลุ่มนำกลับมาใช้ประโยชน์สูง
50,ตาก,ภาคตะวันตก,2564,711.0,333.0,140.0,238.0,171.0,46.84,19.69,33.47,0.4237288135593209,6,50.0,46.0,1.19,ค่อนข้างคงที่ (stable),1.0,กลุ่มนำกลับมาใช้ประโยชน์สูง
50,ตาก,ภาคตะวันตก,2565,773.0,444.0,130.0,199.0,0.0,57.44,16.82,25.74,8.72011251758087,0,0.0,,1.19,ค่อนข้างคงที่ (stable),,
50,ตาก,ภาคตะวันตก,2566,653.0,379.0,172.0,102.0,0.0,58.04,26.34,15.62,-15.523932729624834,8,50.0,46.0,1.19,ค่อนข้างคงที่ (stable),1.0,กลุ่มนำกลับมาใช้ประโยชน์สูง
50,ตาก,ภาคตะวันตก,2567,719.0,364.0,197.0,158.0,10000.0,50.63,27.4,21.97,10.107197549770298,8,50.0,46.0,1.19,ค่อนข้างคงที่ (stable),1.0,กลุ่มนำกลับมาใช้ประโยชน์สูง
50,ตาก,ภาคตะวันตก,2568,664.0,318.0,185.0,161.0,35000.0,47.89,27.86,24.25,-7.6495132127955445,8,50.0,46.0,1.19,ค่อนข้างคงที่ (stable),1.0,กลุ่มนำกลับมาใช้ประโยชน์สูง
62,ประจวบคีรีขันธ์,ภาคตะวันตก,2556,595.52,111.91,121.36,362.25,546356.48,18.79,20.38,60.83,,7,32.0,34.375,0.58,ค่อนข้างคงที่ (stable),2.0,กลุ่มพึ่งพาการกำจัดไม่ถูกต้องสูง
62,ประจวบคีรีขันธ์,ภาคตะวันตก,2557,592.0,118.0,117.0,357.0,440792.0,19.93,19.76,60.3,-0.591080064481464,8,46.0,43.47826086956522,0.58,ค่อนข้างคงที่ (stable),2.0,กลุ่มพึ่งพาการกำจัดไม่ถูกต้องสูง
62,ประจวบคีรีขันธ์,ภาคตะวันตก,2558,533.0,55.0,126.0,352.0,257445.0,10.32,23.64,66.04,-9.966216216216218,6,40.0,42.5,0.58,ค่อนข้างคงที่ (stable),2.0,กลุ่มพึ่งพาการกำจัดไม่ถูกต้องสูง
62,ประจวบคีรีขันธ์,ภาคตะวันตก,2559,581.24,88.9,279.94,212.4,285197.0,15.29,48.16,36.54,9.05065666041276,6,40.0,42.5,0.58,ค่อนข้างคงที่ (stable),3.0,กลุ่มมีโครงสร้างพื้นฐานหลากหลาย
62,ประจวบคีรีขันธ์,ภาคตะวันตก,2560,520.0,125.0,278.0,117.0,17273.0,24.04,53.46,22.5,-10.536095244649369,6,44.0,45.45454545454545,0.58,ค่อนข้างคงที่ (stable),3.0,กลุ่มมีโครงสร้างพื้นฐานหลากหลาย
62,ประจวบคีรีขันธ์,ภาคตะวันตก,2561,593.38,159.15,228.35,205.88,19588.0,26.82,38.48,34.7,14.111538461538453,8,42.0,42.857142857142854,0.58,ค่อนข้างคงที่ (stable),3.0,กลุ่มมีโครงสร้างพื้นฐานหลากหลาย
62,ประจวบคีรีขันธ์,ภาคตะวันตก,2562,628.21,225.11,2.96,400.14,11152.0,35.83,0.47,63.7,5.869763052344212,8,44.0,45.45454545454545,0.58,ค่อนข้างคงที่ (stable),2.0,กลุ่มพึ่งพาการกำจัดไม่ถูกต้องสูง
62,ประจวบคีรีขันธ์,ภาคตะวันตก,2563,640.4,215.8,283.0,141.6,4958.0,33.7,44.19,22.11,1.9404339313286778,6,44.0,43.18181818181818,0.58,ค่อนข้างคงที่ (stable),3.0,กลุ่มมีโครงสร้างพื้นฐานหลากหลาย
62,ประจวบคีรีขันธ์,ภาคตะวันตก,2564,610.0,226.0,155.0,229.0,7604.0,37.05,25.41,37.54,-4.747033104309805,6,42.0,47.61904761904761,0.58,ค่อนข้างคงที่ (stable),1.0,กลุ่มนำกลับมาใช้ประโยชน์สูง
62,ประจวบคีรีขันธ์,ภาคตะวันตก,2565,612.0,200.0,209.0,203.0,22200.0,32.68,34.15,33.17,0.3278688524590123,8,44.0,45.45454545454545,0.58,ค่อนข้างคงที่ (stable),3.0,กลุ่มมีโครงสร้างพื้นฐานหลากหลาย
62,ประจวบคีรีขันธ์,ภาคตะวันตก,2566,616.0,200.0,258.0,158.0,24784.0,32.47,41.88,25.65,0.6535947712418277,7,42.0,47.61904761904761,0.58,ค่อนข้างคงที่ (stable),3.0,กลุ่มมีโครงสร้างพื้นฐานหลากหลาย
62,ประจวบคีรีขันธ์,ภาคตะวันตก,2567,593.0,168.0,253.0,172.0,30495.0,28.33,42.66,29.01,-3.7337662337662336,7,40.0,47.5,0.58,ค่อนข้างคงที่ (stable),3.0,กลุ่มมีโครงสร้างพื้นฐานหลากหลาย
62,ประจวบคีรีขันธ์,ภาคตะวันตก,2568,590.0,201.0,261.0,128.0,35107.0,34.07,44.24,21.69,-0.5059021922428353,7,40.0,45.0,0.58,ค่อนข้างคงที่ (stable),3.0,กลุ่มมีโครงสร้างพื้นฐานหลากหลาย
55,ราชบุรี,ภาคตะวันตก,2556,865.29,159.79,4.44,701.06,1000122.79,18.47,0.51,81.02,,3,32.0,50.0,-0.27,ค่อนข้างคงที่ (stable),2.0,กลุ่มพึ่งพาการกำจัดไม่ถูกต้องสูง
55,ราชบุรี,ภาคตะวันตก,2557,840.0,160.0,31.0,649.0,464064.0,19.05,3.69,77.26,-2.9227195506708714,3,32.0,50.0,-0.27,ค่อนข้างคงที่ (stable),2.0,กลุ่มพึ่งพาการกำจัดไม่ถูกต้องสูง
55,ราชบุรี,ภาคตะวันตก,2558,805.0,50.0,30.0,725.0,375099.16,6.21,3.73,90.06,-4.1666666666666625,6,36.0,50.0,-0.27,ค่อนข้างคงที่ (stable),2.0,กลุ่มพึ่งพาการกำจัดไม่ถูกต้องสูง
55,ราชบุรี,ภาคตะวันตก,2559,895.87,210.34,296.55,388.98,143660.0,23.48,33.1,43.42,11.288198757763968,7,48.0,50.0,-0.27,ค่อนข้างคงที่ (stable),3.0,กลุ่มมีโครงสร้างพื้นฐานหลากหลาย
55,ราชบุรี,ภาคตะวันตก,2560,831.0,395.0,303.0,133.0,22860.0,47.53,36.46,16.0,-7.2410059495239265,7,28.0,35.714285714285715,-0.27,ค่อนข้างคงที่ (stable),3.0,กลุ่มมีโครงสร้างพื้นฐานหลากหลาย
55,ราชบุรี,ภาคตะวันตก,2561,864.61,418.33,328.96,117.32,27380.0,48.38,38.05,13.57,4.044524669073413,9,27.0,37.03703703703704,-0.27,ค่อนข้างคงที่ (stable),3.0,กลุ่มมีโครงสร้างพื้นฐานหลากหลาย
55,ราชบุรี,ภาคตะวันตก,2562,872.04,339.02,367.75,165.27,21940.0,38.88,42.17,18.95,0.8593469888157568,7,26.0,38.46153846153847,-0.27,ค่อนข้างคงที่ (stable),3.0,กลุ่มมีโครงสร้างพื้นฐานหลากหลาย
55,ราชบุรี,ภาคตะวันตก,2563,759.8,189.2,428.0,142.6,9559.0,24.9,56.33,18.77,-12.870969221595342,6,26.0,38.46153846153847,-0.27,ค่อนข้างคงที่ (stable),3.0,กลุ่มมีโครงสร้างพื้นฐานหลากหลาย
55,ราชบุรี,ภาคตะวันตก,2564,697.0,142.0,340.0,215.0,20086.0,20.37,48.78,30.85,-8.265332982363772,6,21.0,33.33333333333333,-0.27,ค่อนข้างคงที่ (stable),3.0,กลุ่มมีโครงสร้างพื้นฐานหลากหลาย
55,ราชบุรี,ภาคตะวันตก,2565,798.0,280.0,410.0,108.0,28660.0,35.09,51.38,13.53,14.490674318507901,7,21.0,33.33333333333333,-0.27,ค่อนข้างคงที่ (stable),3.0,กลุ่มมีโครงสร้างพื้นฐานหลากหลาย
55,ราชบุรี,ภาคตะวันตก,2566,773.0,266.0,412.0,95.0,83441.0,34.41,53.3,12.29,-3.1328320802004983,7,21.0,33.33333333333333,-0.27,ค่อนข้างคงที่ (stable),3.0,กลุ่มมีโครงสร้างพื้นฐานหลากหลาย
55,ราชบุรี,ภาคตะวันตก,2567,882.0,268.0,332.0,282.0,87519.0,30.39,37.64,31.97,14.100905562742572,8,21.0,38.095238095238095,-0.27,ค่อนข้างคงที่ (stable),3.0,กลุ่มมีโครงสร้างพื้นฐานหลากหลาย
55,ราชบุรี,ภาคตะวันตก,2568,896.0,254.0,356.0,286.0,104972.0,28.35,39.73,31.92,1.5873015873015817,7,19.0,36.84210526315789,-0.27,ค่อนข้างคงที่ (stable),3.0,กลุ่มมีโครงสร้างพื้นฐานหลากหลาย
61,เพชรบุรี,ภาคตะวันตก,2556,521.45,89.74,30.72,400.99,1173416.21,17.21,5.89,76.9,,5,18.0,44.44444444444444,-0.85,ค่อนข้างคงที่ (stable),2.0,กลุ่มพึ่งพาการกำจัดไม่ถูกต้องสูง
61,เพชรบุรี,ภาคตะวันตก,2557,531.0,115.0,32.0,384.0,682937.5,21.66,6.03,72.32,1.8314315850033402,5,26.0,50.0,-0.85,ค่อนข้างคงที่ (stable),2.0,กลุ่มพึ่งพาการกำจัดไม่ถูกต้องสูง
61,เพชรบุรี,ภาคตะวันตก,2558,479.0,25.0,43.0,411.0,230500.0,5.22,8.98,85.8,-9.792843691148779,2,28.0,50.0,-0.85,ค่อนข้างคงที่ (stable),2.0,กลุ่มพึ่งพาการกำจัดไม่ถูกต้องสูง
61,เพชรบุรี,ภาคตะวันตก,2559,559.06,91.35,152.21,315.5,356925.0,16.34,27.23,56.43,16.713987473903956,4,30.0,46.666666666666664,-0.85,ค่อนข้างคงที่ (stable),2.0,กลุ่มพึ่งพาการกำจัดไม่ถูกต้องสูง
61,เพชรบุรี,ภาคตะวันตก,2560,480.0,176.0,156.0,148.0,164487.0,36.67,32.5,30.83,-14.141594819876213,6,24.0,45.83333333333333,-0.85,ค่อนข้างคงที่ (stable),3.0,กลุ่มมีโครงสร้างพื้นฐานหลากหลาย
61,เพชรบุรี,ภาคตะวันตก,2561,461.77,174.64,103.54,183.59,127130.0,37.82,22.42,39.76,-3.7979166666666675,6,28.0,42.857142857142854,-0.85,ค่อนข้างคงที่ (stable),1.0,กลุ่มนำกลับมาใช้ประโยชน์สูง
61,เพชรบุรี,ภาคตะวันตก,2562,486.54,246.37,116.82,123.35,165980.0,50.64,24.01,25.35,5.364142321935161,5,20.0,45.0,-0.85,ค่อนข้างคงที่ (stable),1.0,กลุ่มนำกลับมาใช้ประโยชน์สูง
61,เพชรบุรี,ภาคตะวันตก,2563,438.6,105.4,103.0,230.2,301380.0,24.03,23.48,52.49,-9.85324947589098,4,20.0,45.0,-0.85,ค่อนข้างคงที่ (stable),2.0,กลุ่มพึ่งพาการกำจัดไม่ถูกต้องสูง
61,เพชรบุรี,ภาคตะวันตก,2564,487.0,103.0,186.0,198.0,195138.0,21.15,38.19,40.66,11.03511171910625,0,0.0,,-0.85,ค่อนข้างคงที่ (stable),,
61,เพชรบุรี,ภาคตะวันตก,2565,454.0,76.0,220.0,158.0,112050.0,16.74,48.46,34.8,-6.776180698151945,7,20.0,40.0,-0.85,ค่อนข้างคงที่ (stable),3.0,กลุ่มมีโครงสร้างพื้นฐานหลากหลาย
61,เพชรบุรี,ภาคตะวันตก,2566,528.0,100.0,236.0,192.0,68821.0,18.94,44.7,36.36,16.299559471365633,8,20.0,40.0,-0.85,ค่อนข้างคงที่ (stable),3.0,กลุ่มมีโครงสร้างพื้นฐานหลากหลาย
61,เพชรบุรี,ภาคตะวันตก,2567,469.0,110.0,245.0,114.0,45284.0,23.45,52.24,24.31,-11.17424242424242,7,18.0,33.33333333333333,-0.85,ค่อนข้างคงที่ (stable),3.0,กลุ่มมีโครงสร้างพื้นฐานหลากหลาย
61,เพชรบุรี,ภาคตะวันตก,2568,469.0,110.0,270.0,89.0,31650.0,23.45,57.57,18.98,0.0,5,16.0,37.5,-0.85,ค่อนข้างคงที่ (stable),3.0,กลุ่มมีโครงสร้างพื้นฐานหลากหลาย
13,จันทบุรี,ภาคตะวันออก,2556,582.67,142.85,180.76,259.06,80115.0,24.52,31.02,44.46,,6,42.0,45.23809523809524,-0.33,ค่อนข้างคงที่ (stable),3.0,กลุ่มมีโครงสร้างพื้นฐานหลากหลาย
13,จันทบุรี,ภาคตะวันออก,2557,590.0,140.0,189.0,261.0,80475.0,23.73,32.03,44.24,1.2580019565105571,5,42.0,45.23809523809524,-0.33,ค่อนข้างคงที่ (stable),3.0,กลุ่มมีโครงสร้างพื้นฐานหลากหลาย
13,จันทบุรี,ภาคตะวันออก,2558,605.0,60.0,216.0,329.0,77105.0,9.92,35.7,54.38,2.5423728813559254,6,46.0,45.65217391304348,-0.33,ค่อนข้างคงที่ (stable),3.0,กลุ่มมีโครงสร้างพื้นฐานหลากหลาย
13,จันทบุรี,ภาคตะวันออก,2559,550.74,23.17,239.56,288.01,52721.0,4.21,43.5,52.3,-8.968595041322313,5,40.0,45.0,-0.33,ค่อนข้างคงที่ (stable),3.0,กลุ่มมีโครงสร้างพื้นฐานหลากหลาย
13,จันทบุรี,ภาคตะวันออก,2560,474.0,75.0,259.0,140.0,12580.0,15.82,54.64,29.54,-13.933979736354729,7,38.0,44.73684210526316,-0.33,ค่อนข้างคงที่ (stable),3.0,กลุ่มมีโครงสร้างพื้นฐานหลากหลาย
13,จันทบุรี,ภาคตะวันออก,2561,510.8,122.09,266.03,122.68,52721.0,23.9,52.08,24.02,7.763713080168788,7,38.0,44.73684210526316,-0.33,ค่อนข้างคงที่ (stable),3.0,กลุ่มมีโครงสร้างพื้นฐานหลากหลาย
13,จันทบุรี,ภาคตะวันออก,2562,569.36,177.54,234.82,157.0,8142.11,31.18,41.24,27.57,11.464369616288185,7,36.0,44.44444444444444,-0.33,ค่อนข้างคงที่ (stable),3.0,กลุ่มมีโครงสร้างพื้นฐานหลากหลาย
13,จันทบุรี,ภาคตะวันออก,2563,485.3,109.2,37.0,339.1,5436.0,22.5,7.62,69.87,-14.763945482647179,7,36.0,41.66666666666667,-0.33,ค่อนข้างคงที่ (stable),2.0,กลุ่มพึ่งพาการกำจัดไม่ถูกต้องสูง
13,จันทบุรี,ภาคตะวันออก,2564,495.0,151.0,47.0,297.0,96630.0,30.51,9.49,60.0,1.9987636513496776,6,25.0,40.0,-0.33,ค่อนข้างคงที่ (stable),2.0,กลุ่มพึ่งพาการกำจัดไม่ถูกต้องสูง
13,จันทบุรี,ภาคตะวันออก,2565,540.0,120.0,44.0,376.0,659000.0,22.22,8.15,69.63,9.090909090909083,6,25.0,40.0,-0.33,ค่อนข้างคงที่ (stable),2.0,กลุ่มพึ่งพาการกำจัดไม่ถูกต้องสูง
13,จันทบุรี,ภาคตะวันออก,2566,527.0,114.0,105.0,308.0,70795.0,21.63,19.92,58.44,-2.4074074074074026,7,22.0,40.909090909090914,-0.33,ค่อนข้างคงที่ (stable),2.0,กลุ่มพึ่งพาการกำจัดไม่ถูกต้องสูง
13,จันทบุรี,ภาคตะวันออก,2567,550.0,33.0,42.0,475.0,706352.0,6.0,7.64,86.36,4.36432637571158,8,22.0,40.909090909090914,-0.33,ค่อนข้างคงที่ (stable),2.0,กลุ่มพึ่งพาการกำจัดไม่ถูกต้องสูง
13,จันทบุรี,ภาคตะวันออก,2568,616.0,150.0,43.0,423.0,1006251.0,24.35,6.98,68.67,12.00000000000001,8,22.0,40.909090909090914,-0.33,ค่อนข้างคงที่ (stable),2.0,กลุ่มพึ่งพาการกำจัดไม่ถูกต้องสูง
15,ฉะเชิงเทรา,ภาคตะวันออก,2556,788.31,113.49,13.34,661.48,202753.2,14.4,1.69,83.91,,5,36.0,47.22222222222222,-1.58,ลดลงชัดเจน (decreasing),2.0,กลุ่มพึ่งพาการกำจัดไม่ถูกต้องสูง
15,ฉะเชิงเทรา,ภาคตะวันออก,2557,836.0,69.0,18.0,749.0,655033.0,8.25,2.15,89.59,6.049650518197169,5,34.0,47.05882352941176,-1.58,ลดลงชัดเจน (decreasing),2.0,กลุ่มพึ่งพาการกำจัดไม่ถูกต้องสูง
15,ฉะเชิงเทรา,ภาคตะวันออก,2558,862.0,100.0,17.6,744.4,261500.0,11.6,2.04,86.36,3.1100478468899517,5,32.0,46.875,-1.58,ลดลงชัดเจน (decreasing),2.0,กลุ่มพึ่งพาการกำจัดไม่ถูกต้องสูง
15,ฉะเชิงเทรา,ภาคตะวันออก,2559,751.12,12.41,6.0,732.71,1242000.0,1.65,0.8,97.55,-12.863109048723897,4,28.0,42.857142857142854,-1.58,ลดลงชัดเจน (decreasing),2.0,กลุ่มพึ่งพาการกำจัดไม่ถูกต้องสูง
15,ฉะเชิงเทรา,ภาคตะวันออก,2560,777.0,180.0,240.0,357.0,469703.0,23.17,30.89,45.95,3.4455213547768704,4,24.0,41.66666666666667,-1.58,ลดลงชัดเจน (decreasing),2.0,กลุ่มพึ่งพาการกำจัดไม่ถูกต้องสูง
15,ฉะเชิงเทรา,ภาคตะวันออก,2561,709.24,174.86,192.56,341.82,102444.58,24.65,27.15,48.2,-8.72072072072072,7,18.0,33.33333333333333,-1.58,ลดลงชัดเจน (decreasing),3.0,กลุ่มมีโครงสร้างพื้นฐานหลากหลาย
15,ฉะเชิงเทรา,ภาคตะวันออก,2562,733.14,134.65,8.81,589.68,125519.55,18.37,1.2,80.43,3.3698042975579545,5,14.0,42.857142857142854,-1.58,ลดลงชัดเจน (decreasing),2.0,กลุ่มพึ่งพาการกำจัดไม่ถูกต้องสูง
15,ฉะเชิงเทรา,ภาคตะวันออก,2563,674.9,133.7,10.0,531.2,59502.0,19.81,1.48,78.71,-7.943912486019045,5,14.0,42.857142857142854,-1.58,ลดลงชัดเจน (decreasing),2.0,กลุ่มพึ่งพาการกำจัดไม่ถูกต้องสูง
15,ฉะเชิงเทรา,ภาคตะวันออก,2564,771.0,143.0,276.0,352.0,79238.0,18.55,35.8,45.65,14.239146540228177,6,11.0,18.181818181818183,-1.58,ลดลงชัดเจน (decreasing),3.0,กลุ่มมีโครงสร้างพื้นฐานหลากหลาย
15,ฉะเชิงเทรา,ภาคตะวันออก,2565,704.0,130.0,320.0,254.0,108300.0,18.47,45.45,36.08,-8.690012970168615,5,11.0,18.181818181818183,-1.58,ลดลงชัดเจน (decreasing),3.0,กลุ่มมีโครงสร้างพื้นฐานหลากหลาย
15,ฉะเชิงเทรา,ภาคตะวันออก,2566,683.0,160.0,315.0,208.0,116975.0,23.43,46.12,30.45,-2.9829545454545414,6,14.0,42.857142857142854,-1.58,ลดลงชัดเจน (decreasing),3.0,กลุ่มมีโครงสร้างพื้นฐานหลากหลาย
15,ฉะเชิงเทรา,ภาคตะวันออก,2567,683.0,161.0,330.0,192.0,116960.0,23.57,48.32,28.11,0.0,6,14.0,42.857142857142854,-1.58,ลดลงชัดเจน (decreasing),3.0,กลุ่มมีโครงสร้างพื้นฐานหลากหลาย
15,ฉะเชิงเทรา,ภาคตะวันออก,2568,710.0,156.0,350.0,204.0,125584.0,21.97,49.3,28.73,3.9531478770131745,6,12.0,41.66666666666667,-1.58,ลดลงชัดเจน (decreasing),3.0,กลุ่มมีโครงสร้างพื้นฐานหลากหลาย
11,ชลบุรี,ภาคตะวันออก,2556,2349.89,318.72,1029.62,1001.55,501635.0,13.56,43.82,42.62,,8,64.0,40.625,3.26,เพิ่มขึ้นชัดเจน (increasing),3.0,กลุ่มมีโครงสร้างพื้นฐานหลากหลาย
11,ชลบุรี,ภาคตะวันออก,2557,2398.0,155.0,1073.0,1170.0,591386.0,6.46,44.75,48.79,2.0473298750154356,6,58.0,41.37931034482759,3.26,เพิ่มขึ้นชัดเจน (increasing),3.0,กลุ่มมีโครงสร้างพื้นฐานหลากหลาย
11,ชลบุรี,ภาคตะวันออก,2558,2487.0,218.0,1058.0,1211.0,314770.0,8.77,42.54,48.69,3.7114261884904076,7,57.0,42.10526315789473,3.26,เพิ่มขึ้นชัดเจน (increasing),3.0,กลุ่มมีโครงสร้างพื้นฐานหลากหลาย
11,ชลบุรี,ภาคตะวันออก,2559,2619.72,301.9,959.5,1358.32,398936.0,11.52,36.63,51.85,5.336550060313616,6,55.0,41.81818181818181,3.26,เพิ่มขึ้นชัดเจน (increasing),3.0,กลุ่มมีโครงสร้างพื้นฐานหลากหลาย
11,ชลบุรี,ภาคตะวันออก,2560,2547.0,476.0,1852.0,219.0,86217.0,18.69,72.71,8.6,-2.775869176858592,7,52.0,40.38461538461539,3.26,เพิ่มขึ้นชัดเจน (increasing),3.0,กลุ่มมีโครงสร้างพื้นฐานหลากหลาย
11,ชลบุรี,ภาคตะวันออก,2561,2591.03,280.9,1154.68,1155.45,119611.0,10.84,44.56,44.59,1.7287004318806476,6,42.0,40.476190476190474,3.26,เพิ่มขึ้นชัดเจน (increasing),3.0,กลุ่มมีโครงสร้างพื้นฐานหลากหลาย
11,ชลบุรี,ภาคตะวันออก,2562,2909.86,693.24,1531.78,684.84,64669.95,23.82,52.64,23.54,12.305145058142909,8,44.0,40.909090909090914,3.26,เพิ่มขึ้นชัดเจน (increasing),3.0,กลุ่มมีโครงสร้างพื้นฐานหลากหลาย
11,ชลบุรี,ภาคตะวันออก,2563,2683.7,249.7,1410.0,1024.0,224710.0,9.3,52.54,38.16,-7.7721952258871685,9,45.0,40.0,3.26,เพิ่มขึ้นชัดเจน (increasing),3.0,กลุ่มมีโครงสร้างพื้นฐานหลากหลาย
11,ชลบุรี,ภาคตะวันออก,2564,2750.0,290.0,2037.0,423.0,824618.0,10.55,74.07,15.38,2.4704698736818687,8,38.0,28.947368421052634,3.26,เพิ่มขึ้นชัดเจน (increasing),3.0,กลุ่มมีโครงสร้างพื้นฐานหลากหลาย
11,ชลบุรี,ภาคตะวันออก,2565,3107.0,250.0,2370.0,487.0,470550.0,8.05,76.28,15.67,12.981818181818184,8,39.0,33.33333333333333,3.26,เพิ่มขึ้นชัดเจน (increasing),3.0,กลุ่มมีโครงสร้างพื้นฐานหลากหลาย
11,ชลบุรี,ภาคตะวันออก,2566,3374.0,230.0,2333.0,811.0,205980.0,6.82,69.15,24.04,8.593498551657541,9,42.0,38.095238095238095,3.26,เพิ่มขึ้นชัดเจน (increasing),3.0,กลุ่มมีโครงสร้างพื้นฐานหลากหลาย
11,ชลบุรี,ภาคตะวันออก,2567,3228.0,960.0,1848.0,420.0,130540.0,29.74,57.25,13.01,-4.327208061647891,9,41.0,36.58536585365854,3.26,เพิ่มขึ้นชัดเจน (increasing),3.0,กลุ่มมีโครงสร้างพื้นฐานหลากหลาย
11,ชลบุรี,ภาคตะวันออก,2568,3520.0,863.0,2130.0,527.0,877238.0,24.52,60.51,14.97,9.045848822800506,9,37.0,37.83783783783784,3.26,เพิ่มขึ้นชัดเจน (increasing),3.0,กลุ่มมีโครงสร้างพื้นฐานหลากหลาย
14,ตราด,ภาคตะวันออก,2556,255.64,56.1,53.86,145.68,20895.0,21.94,21.07,56.99,,5,28.0,46.42857142857143,-2.53,ลดลงชัดเจน (decreasing),2.0,กลุ่มพึ่งพาการกำจัดไม่ถูกต้องสูง
14,ตราด,ภาคตะวันออก,2557,245.0,40.0,78.0,127.0,19455.0,16.33,31.84,51.84,-4.162102957283675,6,28.0,42.857142857142854,-2.53,ลดลงชัดเจน (decreasing),3.0,กลุ่มมีโครงสร้างพื้นฐานหลากหลาย
14,ตราด,ภาคตะวันออก,2558,268.0,51.0,82.0,135.0,80247.0,19.03,30.6,50.37,9.387755102040817,6,28.0,39.285714285714285,-2.53,ลดลงชัดเจน (decreasing),3.0,กลุ่มมีโครงสร้างพื้นฐานหลากหลาย
14,ตราด,ภาคตะวันออก,2559,271.71,61.96,55.17,154.85,86305.0,22.8,20.3,56.99,1.3843283582089416,5,32.0,43.75,-2.53,ลดลงชัดเจน (decreasing),2.0,กลุ่มพึ่งพาการกำจัดไม่ถูกต้องสูง
14,ตราด,ภาคตะวันออก,2560,273.0,60.0,117.0,96.0,76036.0,21.98,42.86,35.16,0.47477089543999096,5,32.0,46.875,-2.53,ลดลงชัดเจน (decreasing),3.0,กลุ่มมีโครงสร้างพื้นฐานหลากหลาย
14,ตราด,ภาคตะวันออก,2561,275.18,99.16,80.1,95.92,27644.76,36.03,29.11,34.86,0.7985347985348001,5,28.0,46.42857142857143,-2.53,ลดลงชัดเจน (decreasing),1.0,กลุ่มนำกลับมาใช้ประโยชน์สูง
14,ตราด,ภาคตะวันออก,2562,258.5,85.7,107.61,65.19,10075.04,33.15,41.63,25.22,-6.061487026673451,5,28.0,46.42857142857143,-2.53,ลดลงชัดเจน (decreasing),3.0,กลุ่มมีโครงสร้างพื้นฐานหลากหลาย
14,ตราด,ภาคตะวันออก,2563,212.0,60.1,120.0,31.9,14095.0,28.35,56.6,15.05,-17.988394584139268,6,26.0,42.30769230769231,-2.53,ลดลงชัดเจน (decreasing),3.0,กลุ่มมีโครงสร้างพื้นฐานหลากหลาย
14,ตราด,ภาคตะวันออก,2564,202.0,31.0,94.0,77.0,15804.0,15.35,46.53,38.12,-4.716981132075471,6,24.0,41.66666666666667,-2.53,ลดลงชัดเจน (decreasing),3.0,กลุ่มมีโครงสร้างพื้นฐานหลากหลาย
14,ตราด,ภาคตะวันออก,2565,191.0,40.0,75.0,76.0,36500.0,20.94,39.27,39.79,-5.44554455445545,7,25.0,40.0,-2.53,ลดลงชัดเจน (decreasing),3.0,กลุ่มมีโครงสร้างพื้นฐานหลากหลาย
14,ตราด,ภาคตะวันออก,2566,206.0,50.0,82.0,74.0,42100.0,24.27,39.81,35.92,7.853403141361248,6,26.0,46.15384615384615,-2.53,ลดลงชัดเจน (decreasing),3.0,กลุ่มมีโครงสร้างพื้นฐานหลากหลาย
14,ตราด,ภาคตะวันออก,2567,215.0,58.0,91.0,66.0,42200.0,26.98,42.33,30.7,4.3689320388349495,6,26.0,46.15384615384615,-2.53,ลดลงชัดเจน (decreasing),3.0,กลุ่มมีโครงสร้างพื้นฐานหลากหลาย
14,ตราด,ภาคตะวันออก,2568,214.0,98.0,76.0,40.0,66850.0,45.79,35.51,18.69,-0.46511627906976605,5,26.0,46.15384615384615,-2.53,ลดลงชัดเจน (decreasing),1.0,กลุ่มนำกลับมาใช้ประโยชน์สูง
16,ปราจีนบุรี,ภาคตะวันออก,2556,538.69,82.9,5.0,450.79,556680.0,15.39,0.93,83.68,,4,52.0,50.0,-0.52,ค่อนข้างคงที่ (stable),2.0,กลุ่มพึ่งพาการกำจัดไม่ถูกต้องสูง
16,ปราจีนบุรี,ภาคตะวันออก,2557,437.0,20.0,10.0,407.0,552678.52,4.58,2.29,93.14,-18.877276355603414,4,50.0,50.0,-0.52,ค่อนข้างคงที่ (stable),2.0,กลุ่มพึ่งพาการกำจัดไม่ถูกต้องสูง
16,ปราจีนบุรี,ภาคตะวันออก,2558,459.0,20.0,7.0,432.0,318962.0,4.36,1.53,94.12,5.034324942791768,4,50.0,48.0,-0.52,ค่อนข้างคงที่ (stable),2.0,กลุ่มพึ่งพาการกำจัดไม่ถูกต้องสูง
16,ปราจีนบุรี,ภาคตะวันออก,2559,515.73,97.18,76.08,342.47,216965.0,18.84,14.75,66.4,12.359477124183016,0,0.0,,-0.52,ค่อนข้างคงที่ (stable),,
16,ปราจีนบุรี,ภาคตะวันออก,2560,516.0,149.0,100.0,267.0,116265.0,28.88,19.38,51.74,0.05235297539409878,5,50.0,46.0,-0.52,ค่อนข้างคงที่ (stable),2.0,กลุ่มพึ่งพาการกำจัดไม่ถูกต้องสูง
16,ปราจีนบุรี,ภาคตะวันออก,2561,520.09,242.77,112.6,164.72,105855.45,46.68,21.65,31.67,0.7926356589147421,5,48.0,47.91666666666667,-0.52,ค่อนข้างคงที่ (stable),1.0,กลุ่มนำกลับมาใช้ประโยชน์สูง
16,ปราจีนบุรี,ภาคตะวันออก,2562,514.23,276.88,0.0,237.35,187410.3,53.84,0.0,46.16,-1.1267280662962231,3,48.0,50.0,-0.52,ค่อนข้างคงที่ (stable),1.0,กลุ่มนำกลับมาใช้ประโยชน์สูง
16,ปราจีนบุรี,ภาคตะวันออก,2563,511.6,137.2,0.0,374.4,203407.0,26.82,0.0,73.18,-0.5114442953542131,3,44.0,50.0,-0.52,ค่อนข้างคงที่ (stable),2.0,กลุ่มพึ่งพาการกำจัดไม่ถูกต้องสูง
16,ปราจีนบุรี,ภาคตะวันออก,2564,485.0,101.0,0.0,384.0,199373.0,20.82,0.0,79.18,-5.199374511336985,3,44.0,50.0,-0.52,ค่อนข้างคงที่ (stable),2.0,กลุ่มพึ่งพาการกำจัดไม่ถูกต้องสูง
16,ปราจีนบุรี,ภาคตะวันออก,2565,448.0,90.0,0.0,358.0,222900.0,20.09,0.0,79.91,-7.628865979381438,4,44.0,50.0,-0.52,ค่อนข้างคงที่ (stable),2.0,กลุ่มพึ่งพาการกำจัดไม่ถูกต้องสูง
16,ปราจีนบุรี,ภาคตะวันออก,2566,451.0,100.0,0.0,351.0,256040.0,22.17,0.0,77.83,0.6696428571428603,4,44.0,50.0,-0.52,ค่อนข้างคงที่ (stable),2.0,กลุ่มพึ่งพาการกำจัดไม่ถูกต้องสูง
16,ปราจีนบุรี,ภาคตะวันออก,2567,460.0,107.0,0.0,353.0,336188.0,23.26,0.0,76.74,1.9955654101995624,3,42.0,50.0,-0.52,ค่อนข้างคงที่ (stable),2.0,กลุ่มพึ่งพาการกำจัดไม่ถูกต้องสูง
16,ปราจีนบุรี,ภาคตะวันออก,2568,493.0,140.0,0.0,353.0,349139.0,28.4,0.0,71.6,7.173913043478253,2,40.0,50.0,-0.52,ค่อนข้างคงที่ (stable),2.0,กลุ่มพึ่งพาการกำจัดไม่ถูกต้องสูง
12,ระยอง,ภาคตะวันออก,2556,961.9,307.09,351.14,303.67,45150.0,31.93,36.5,31.57,,7,54.0,44.44444444444444,4.95,เพิ่มขึ้นชัดเจน (increasing),3.0,กลุ่มมีโครงสร้างพื้นฐานหลากหลาย
12,ระยอง,ภาคตะวันออก,2557,942.0,132.0,467.0,343.0,43020.0,14.01,49.58,36.41,-2.068822122881797,6,54.0,44.44444444444444,4.95,เพิ่มขึ้นชัดเจน (increasing),3.0,กลุ่มมีโครงสร้างพื้นฐานหลากหลาย
12,ระยอง,ภาคตะวันออก,2558,973.0,170.0,445.0,358.0,35640.0,17.47,45.73,36.79,3.290870488322728,7,48.0,45.83333333333333,4.95,เพิ่มขึ้นชัดเจน (increasing),3.0,กลุ่มมีโครงสร้างพื้นฐานหลากหลาย
12,ระยอง,ภาคตะวันออก,2559,896.88,59.59,487.45,349.84,221900.0,6.64,54.35,39.01,-7.823227132579646,7,45.0,44.44444444444444,4.95,เพิ่มขึ้นชัดเจน (increasing),3.0,กลุ่มมีโครงสร้างพื้นฐานหลากหลาย
12,ระยอง,ภาคตะวันออก,2560,989.0,228.0,726.0,35.0,163310.0,23.05,73.41,3.54,10.271162251360266,5,30.0,43.333333333333336,4.95,เพิ่มขึ้นชัดเจน (increasing),3.0,กลุ่มมีโครงสร้างพื้นฐานหลากหลาย
12,ระยอง,ภาคตะวันออก,2561,967.8,207.0,537.77,223.03,253046.0,21.39,55.57,23.05,-2.143579373104154,7,29.0,41.37931034482759,4.95,เพิ่มขึ้นชัดเจน (increasing),3.0,กลุ่มมีโครงสร้างพื้นฐานหลากหลาย
12,ระยอง,ภาคตะวันออก,2562,969.76,144.8,815.86,9.1,64245.3,14.93,84.13,0.94,0.20252118206240954,5,12.0,33.33333333333333,4.95,เพิ่มขึ้นชัดเจน (increasing),3.0,กลุ่มมีโครงสร้างพื้นฐานหลากหลาย
12,ระยอง,ภาคตะวันออก,2563,1010.2,76.1,779.0,155.1,18772.0,7.53,77.11,15.35,4.170103943243686,7,12.0,25.0,4.95,เพิ่มขึ้นชัดเจน (increasing),3.0,กลุ่มมีโครงสร้างพื้นฐานหลากหลาย
12,ระยอง,ภาคตะวันออก,2564,1086.0,105.0,910.0,71.0,10000.0,9.67,83.79,6.54,7.503464660463277,5,10.0,0.0,4.95,เพิ่มขึ้นชัดเจน (increasing),0.0,กลุ่มนำกลับมาใช้ประโยชน์สูง
12,ระยอง,ภาคตะวันออก,2565,1140.0,200.0,838.0,102.0,0.0,17.54,73.51,8.95,4.972375690607733,7,12.0,16.666666666666664,4.95,เพิ่มขึ้นชัดเจน (increasing),3.0,กลุ่มมีโครงสร้างพื้นฐานหลากหลาย
12,ระยอง,ภาคตะวันออก,2566,1370.0,250.0,1023.0,97.0,0.0,18.25,74.67,7.08,20.175438596491226,7,12.0,16.666666666666664,4.95,เพิ่มขึ้นชัดเจน (increasing),3.0,กลุ่มมีโครงสร้างพื้นฐานหลากหลาย
12,ระยอง,ภาคตะวันออก,2567,1602.0,390.0,1188.0,24.0,0.0,24.34,74.16,1.5,16.93430656934307,7,12.0,16.666666666666664,4.95,เพิ่มขึ้นชัดเจน (increasing),3.0,กลุ่มมีโครงสร้างพื้นฐานหลากหลาย
12,ระยอง,ภาคตะวันออก,2568,1672.0,573.0,1070.0,29.0,0.0,34.27,64.0,1.73,4.369538077403257,8,12.0,16.666666666666664,4.95,เพิ่มขึ้นชัดเจน (increasing),3.0,กลุ่มมีโครงสร้างพื้นฐานหลากหลาย
18,สระแก้ว,ภาคตะวันออก,2556,537.86,124.02,46.5,367.34,35175.0,23.06,8.65,68.3,,4,30.0,50.0,-0.37,ค่อนข้างคงที่ (stable),2.0,กลุ่มพึ่งพาการกำจัดไม่ถูกต้องสูง
18,สระแก้ว,ภาคตะวันออก,2557,525.0,130.0,44.0,351.0,92320.0,24.76,8.38,66.86,-2.390956754545792,4,30.0,50.0,-0.37,ค่อนข้างคงที่ (stable),2.0,กลุ่มพึ่งพาการกำจัดไม่ถูกต้องสูง
18,สระแก้ว,ภาคตะวันออก,2558,537.0,135.0,45.0,357.0,91781.0,25.14,8.38,66.48,2.285714285714291,4,26.0,50.0,-0.37,ค่อนข้างคงที่ (stable),2.0,กลุ่มพึ่งพาการกำจัดไม่ถูกต้องสูง
18,สระแก้ว,ภาคตะวันออก,2559,380.68,22.17,26.7,331.81,142054.0,5.82,7.01,87.16,-29.109869646182496,5,24.0,45.83333333333333,-0.37,ค่อนข้างคงที่ (stable),2.0,กลุ่มพึ่งพาการกำจัดไม่ถูกต้องสูง
18,สระแก้ว,ภาคตะวันออก,2560,529.0,170.0,43.0,316.0,158059.0,32.14,8.13,59.74,38.96185772827572,6,24.0,41.66666666666667,-0.37,ค่อนข้างคงที่ (stable),2.0,กลุ่มพึ่งพาการกำจัดไม่ถูกต้องสูง
18,สระแก้ว,ภาคตะวันออก,2561,593.65,327.92,23.47,242.26,167642.43,55.24,3.95,40.81,12.221172022684312,6,24.0,45.83333333333333,-0.37,ค่อนข้างคงที่ (stable),1.0,กลุ่มนำกลับมาใช้ประโยชน์สูง
18,สระแก้ว,ภาคตะวันออก,2562,709.73,398.91,16.5,294.32,162719.15,56.21,2.32,41.47,19.553609028889074,5,28.0,46.42857142857143,-0.37,ค่อนข้างคงที่ (stable),1.0,กลุ่มนำกลับมาใช้ประโยชน์สูง
18,สระแก้ว,ภาคตะวันออก,2563,436.7,184.3,19.0,233.4,106962.0,42.2,4.35,53.45,-38.46955884632184,5,28.0,46.42857142857143,-0.37,ค่อนข้างคงที่ (stable),1.0,กลุ่มนำกลับมาใช้ประโยชน์สูง
18,สระแก้ว,ภาคตะวันออก,2564,493.0,217.0,0.0,276.0,117178.0,44.02,0.0,55.98,12.892145637737574,5,24.0,45.83333333333333,-0.37,ค่อนข้างคงที่ (stable),2.0,กลุ่มพึ่งพาการกำจัดไม่ถูกต้องสูง
18,สระแก้ว,ภาคตะวันออก,2565,435.0,180.0,0.0,255.0,176755.0,41.38,0.0,58.62,-11.764705882352944,4,18.0,44.44444444444444,-0.37,ค่อนข้างคงที่ (stable),2.0,กลุ่มพึ่งพาการกำจัดไม่ถูกต้องสูง
18,สระแก้ว,ภาคตะวันออก,2566,462.0,200.0,0.0,262.0,191825.0,43.29,0.0,56.71,6.206896551724128,4,12.0,50.0,-0.37,ค่อนข้างคงที่ (stable),2.0,กลุ่มพึ่งพาการกำจัดไม่ถูกต้องสูง
18,สระแก้ว,ภาคตะวันออก,2567,534.0,295.0,0.0,239.0,196513.0,55.24,0.0,44.76,15.58441558441559,3,12.0,50.0,-0.37,ค่อนข้างคงที่ (stable),1.0,กลุ่มนำกลับมาใช้ประโยชน์สูง
18,สระแก้ว,ภาคตะวันออก,2568,534.0,292.0,6.0,236.0,200800.0,54.68,1.12,44.19,0.0,4,10.0,50.0,-0.37,ค่อนข้างคงที่ (stable),1.0,กลุ่มนำกลับมาใช้ประโยชน์สูง
34,กาฬสินธุ์,ภาคตะวันออกเฉียงเหนือ,2556,979.02,270.16,153.25,555.61,45369.65,27.59,15.65,56.75,,5,94.0,47.87234042553192,-4.69,ลดลงชัดเจน (decreasing),2.0,กลุ่มพึ่งพาการกำจัดไม่ถูกต้องสูง
34,กาฬสินธุ์,ภาคตะวันออกเฉียงเหนือ,2557,957.0,296.0,89.0,572.0,56600.0,30.93,9.3,59.77,-2.2491879634736756,4,92.0,48.91304347826087,-4.69,ลดลงชัดเจน (decreasing),2.0,กลุ่มพึ่งพาการกำจัดไม่ถูกต้องสูง
34,กาฬสินธุ์,ภาคตะวันออกเฉียงเหนือ,2558,983.0,350.0,83.0,550.0,29502.0,35.61,8.44,55.95,2.7168234064785857,4,98.0,48.97959183673469,-4.69,ลดลงชัดเจน (decreasing),2.0,กลุ่มพึ่งพาการกำจัดไม่ถูกต้องสูง
34,กาฬสินธุ์,ภาคตะวันออกเฉียงเหนือ,2559,978.79,379.15,116.0,483.64,17433.0,38.74,11.85,49.41,-0.42828077314344126,0,0.0,,-4.69,ลดลงชัดเจน (decreasing),,
34,กาฬสินธุ์,ภาคตะวันออกเฉียงเหนือ,2560,952.0,591.0,294.0,67.0,62436.0,62.08,30.88,7.04,-2.737052891835834,5,94.0,48.93617021276596,-4.69,ลดลงชัดเจน (decreasing),1.0,กลุ่มนำกลับมาใช้ประโยชน์สูง
34,กาฬสินธุ์,ภาคตะวันออกเฉียงเหนือ,2561,984.11,599.14,97.78,287.19,47411.05,60.88,9.94,29.18,3.372899159663878,5,104.0,49.03846153846153,-4.69,ลดลงชัดเจน (decreasing),1.0,กลุ่มนำกลับมาใช้ประโยชน์สูง
34,กาฬสินธุ์,ภาคตะวันออกเฉียงเหนือ,2562,985.4,605.17,104.37,275.86,29668.9,61.41,10.59,27.99,0.13108290739856088,4,98.0,48.97959183673469,-4.69,ลดลงชัดเจน (decreasing),1.0,กลุ่มนำกลับมาใช้ประโยชน์สูง
34,กาฬสินธุ์,ภาคตะวันออกเฉียงเหนือ,2563,746.0,211.1,102.0,432.9,27533.0,28.3,13.67,58.03,-24.294702658818757,5,94.0,48.93617021276596,-4.69,ลดลงชัดเจน (decreasing),2.0,กลุ่มพึ่งพาการกำจัดไม่ถูกต้องสูง
34,กาฬสินธุ์,ภาคตะวันออกเฉียงเหนือ,2564,738.0,243.0,130.0,365.0,0.0,32.93,17.62,49.46,-1.072386058981234,5,85.0,47.05882352941176,-4.69,ลดลงชัดเจน (decreasing),2.0,กลุ่มพึ่งพาการกำจัดไม่ถูกต้องสูง
34,กาฬสินธุ์,ภาคตะวันออกเฉียงเหนือ,2565,735.0,280.0,110.0,345.0,90050.0,38.1,14.97,46.94,-0.40650406504064707,5,88.0,48.86363636363637,-4.69,ลดลงชัดเจน (decreasing),1.0,กลุ่มนำกลับมาใช้ประโยชน์สูง
34,กาฬสินธุ์,ภาคตะวันออกเฉียงเหนือ,2566,670.0,250.0,110.0,310.0,99358.0,37.31,16.42,46.27,-8.843537414965985,5,86.0,48.837209302325576,-4.69,ลดลงชัดเจน (decreasing),1.0,กลุ่มนำกลับมาใช้ประโยชน์สูง
34,กาฬสินธุ์,ภาคตะวันออกเฉียงเหนือ,2567,530.0,233.0,107.0,190.0,74136.0,43.96,20.19,35.85,-20.895522388059707,5,86.0,48.837209302325576,-4.69,ลดลงชัดเจน (decreasing),1.0,กลุ่มนำกลับมาใช้ประโยชน์สูง
34,กาฬสินธุ์,ภาคตะวันออกเฉียงเหนือ,2568,591.0,261.0,112.0,218.0,101790.0,44.16,18.95,36.89,11.50943396226416,6,84.0,48.80952380952381,-4.69,ลดลงชัดเจน (decreasing),1.0,กลุ่มนำกลับมาใช้ประโยชน์สูง
28,ขอนแก่น,ภาคตะวันออกเฉียงเหนือ,2556,1912.21,608.23,199.28,1104.7,723691.68,31.81,10.42,57.77,,6,234.0,47.863247863247864,-3.53,ลดลงชัดเจน (decreasing),2.0,กลุ่มพึ่งพาการกำจัดไม่ถูกต้องสูง
28,ขอนแก่น,ภาคตะวันออกเฉียงเหนือ,2557,1829.0,440.0,180.0,1209.0,767967.24,24.06,9.84,66.1,-4.351509509938767,6,212.0,48.113207547169814,-3.53,ลดลงชัดเจน (decreasing),2.0,กลุ่มพึ่งพาการกำจัดไม่ถูกต้องสูง
28,ขอนแก่น,ภาคตะวันออกเฉียงเหนือ,2558,1870.0,500.0,136.0,1234.0,754904.0,26.74,7.27,65.99,2.2416621104428547,6,322.0,48.4472049689441,-3.53,ลดลงชัดเจน (decreasing),2.0,กลุ่มพึ่งพาการกำจัดไม่ถูกต้องสูง
28,ขอนแก่น,ภาคตะวันออกเฉียงเหนือ,2559,1946.02,561.35,187.92,1196.75,755904.0,28.85,9.66,61.5,4.065240641711232,8,322.0,48.4472049689441,-3.53,ลดลงชัดเจน (decreasing),2.0,กลุ่มพึ่งพาการกำจัดไม่ถูกต้องสูง
28,ขอนแก่น,ภาคตะวันออกเฉียงเหนือ,2560,1836.0,994.0,606.0,236.0,147745.0,54.14,33.01,12.85,-5.653590405031805,6,356.0,48.59550561797753,-3.53,ลดลงชัดเจน (decreasing),1.0,กลุ่มนำกลับมาใช้ประโยชน์สูง
28,ขอนแก่น,ภาคตะวันออกเฉียงเหนือ,2561,1847.6,934.62,533.18,379.8,145381.32,50.59,28.86,20.56,0.6318082788671076,7,392.0,48.46938775510204,-3.53,ลดลงชัดเจน (decreasing),1.0,กลุ่มนำกลับมาใช้ประโยชน์สูง
28,ขอนแก่น,ภาคตะวันออกเฉียงเหนือ,2562,1873.09,927.39,489.2,456.5,288240.77,49.51,26.12,24.37,1.3796276250270578,8,352.0,48.86363636363637,-3.53,ลดลงชัดเจน (decreasing),1.0,กลุ่มนำกลับมาใช้ประโยชน์สูง
28,ขอนแก่น,ภาคตะวันออกเฉียงเหนือ,2563,1221.4,363.8,549.0,308.6,32594.0,29.79,44.95,25.27,-34.792241696875216,8,198.0,46.96969696969697,-3.53,ลดลงชัดเจน (decreasing),3.0,กลุ่มมีโครงสร้างพื้นฐานหลากหลาย
28,ขอนแก่น,ภาคตะวันออกเฉียงเหนือ,2564,1289.0,395.0,530.0,364.0,25267.0,30.64,41.12,28.24,5.534632389061733,8,336.0,48.214285714285715,-3.53,ลดลงชัดเจน (decreasing),3.0,กลุ่มมีโครงสร้างพื้นฐานหลากหลาย
28,ขอนแก่น,ภาคตะวันออกเฉียงเหนือ,2565,1348.0,390.0,594.0,364.0,618640.0,28.93,44.07,27.0,4.577191621411947,7,216.0,47.22222222222222,-3.53,ลดลงชัดเจน (decreasing),3.0,กลุ่มมีโครงสร้างพื้นฐานหลากหลาย
28,ขอนแก่น,ภาคตะวันออกเฉียงเหนือ,2566,1402.0,400.0,560.0,442.0,68859.0,28.53,39.94,31.53,4.00593471810089,7,244.0,47.950819672131146,-3.53,ลดลงชัดเจน (decreasing),3.0,กลุ่มมีโครงสร้างพื้นฐานหลากหลาย
28,ขอนแก่น,ภาคตะวันออกเฉียงเหนือ,2567,1390.0,542.0,568.0,280.0,68459.0,38.99,40.86,20.14,-0.8559201141226769,7,244.0,47.950819672131146,-3.53,ลดลงชัดเจน (decreasing),3.0,กลุ่มมีโครงสร้างพื้นฐานหลากหลาย
28,ขอนแก่น,ภาคตะวันออกเฉียงเหนือ,2568,1430.0,530.0,568.0,332.0,53406.0,37.06,39.72,23.22,2.877697841726623,7,242.0,47.93388429752066,-3.53,ลดลงชัดเจน (decreasing),3.0,กลุ่มมีโครงสร้างพื้นฐานหลากหลาย
25,ชัยภูมิ,ภาคตะวันออกเฉียงเหนือ,2556,1096.14,288.31,103.91,703.92,30101.1,26.3,9.48,64.22,,6,166.0,49.39759036144578,-1.21,ค่อนข้างคงที่ (stable),2.0,กลุ่มพึ่งพาการกำจัดไม่ถูกต้องสูง
25,ชัยภูมิ,ภาคตะวันออกเฉียงเหนือ,2557,1072.0,244.0,94.0,734.0,64966.15,22.76,8.77,68.47,-2.202273432225821,6,160.0,49.375,-1.21,ค่อนข้างคงที่ (stable),2.0,กลุ่มพึ่งพาการกำจัดไม่ถูกต้องสูง
25,ชัยภูมิ,ภาคตะวันออกเฉียงเหนือ,2558,1087.0,300.0,10.0,777.0,84010.0,27.6,0.92,71.48,1.3992537313432862,5,188.0,49.46808510638298,-1.21,ค่อนข้างคงที่ (stable),2.0,กลุ่มพึ่งพาการกำจัดไม่ถูกต้องสูง
25,ชัยภูมิ,ภาคตะวันออกเฉียงเหนือ,2559,1074.27,373.8,0.0,700.47,84010.0,34.8,0.0,65.2,-1.1711131554737797,0,0.0,,-1.21,ค่อนข้างคงที่ (stable),,
25,ชัยภูมิ,ภาคตะวันออกเฉียงเหนือ,2560,1060.0,817.0,60.0,183.0,10530.0,77.08,5.66,17.26,-1.328343898647455,0,0.0,,-1.21,ค่อนข้างคงที่ (stable),,
25,ชัยภูมิ,ภาคตะวันออกเฉียงเหนือ,2561,1074.62,679.46,141.99,253.17,14012.66,63.23,13.21,23.56,1.3792452830188484,0,0.0,,-1.21,ค่อนข้างคงที่ (stable),,
25,ชัยภูมิ,ภาคตะวันออกเฉียงเหนือ,2562,1077.5,722.64,123.85,231.01,0.0,67.07,11.49,21.44,0.26800171223317903,7,202.0,49.504950495049506,-1.21,ค่อนข้างคงที่ (stable),1.0,กลุ่มนำกลับมาใช้ประโยชน์สูง
25,ชัยภูมิ,ภาคตะวันออกเฉียงเหนือ,2563,939.5,406.1,87.0,446.4,10000.0,43.23,9.26,47.51,-12.80742459396752,5,156.0,50.0,-1.21,ค่อนข้างคงที่ (stable),1.0,กลุ่มนำกลับมาใช้ประโยชน์สูง
25,ชัยภูมิ,ภาคตะวันออกเฉียงเหนือ,2564,896.0,439.0,12.0,445.0,24962.0,49.0,1.34,49.67,-4.630122405534864,4,157.0,49.681528662420384,-1.21,ค่อนข้างคงที่ (stable),1.0,กลุ่มนำกลับมาใช้ประโยชน์สูง
25,ชัยภูมิ,ภาคตะวันออกเฉียงเหนือ,2565,880.0,450.0,0.0,430.0,29400.0,51.14,0.0,48.86,-1.7857142857142905,5,183.0,49.72677595628415,-1.21,ค่อนข้างคงที่ (stable),1.0,กลุ่มนำกลับมาใช้ประโยชน์สูง
25,ชัยภูมิ,ภาคตะวันออกเฉียงเหนือ,2566,1028.0,530.0,19.0,479.0,73110.0,51.56,1.85,46.6,16.81818181818182,6,204.0,50.0,-1.21,ค่อนข้างคงที่ (stable),1.0,กลุ่มนำกลับมาใช้ประโยชน์สูง
25,ชัยภูมิ,ภาคตะวันออกเฉียงเหนือ,2567,971.0,447.0,38.0,486.0,104125.0,46.04,3.91,50.05,-5.544747081712065,6,222.0,45.94594594594595,-1.21,ค่อนข้างคงที่ (stable),1.0,กลุ่มนำกลับมาใช้ประโยชน์สูง
25,ชัยภูมิ,ภาคตะวันออกเฉียงเหนือ,2568,1019.0,451.0,38.0,530.0,308279.0,44.26,3.73,52.01,4.943357363542744,6,200.0,50.0,-1.21,ค่อนข้างคงที่ (stable),1.0,กลุ่มนำกลับมาใช้ประโยชน์สูง
36,นครพนม,ภาคตะวันออกเฉียงเหนือ,2556,596.02,109.94,6.5,479.58,47703.21,18.45,1.09,80.46,,5,66.0,48.484848484848484,0.15,ค่อนข้างคงที่ (stable),2.0,กลุ่มพึ่งพาการกำจัดไม่ถูกต้องสูง
36,นครพนม,ภาคตะวันออกเฉียงเหนือ,2557,641.0,162.0,19.0,460.0,51588.93,25.27,2.96,71.76,7.546726619912092,5,64.0,48.4375,0.15,ค่อนข้างคงที่ (stable),2.0,กลุ่มพึ่งพาการกำจัดไม่ถูกต้องสูง
36,นครพนม,ภาคตะวันออกเฉียงเหนือ,2558,673.0,250.0,28.0,395.0,99904.29,37.15,4.16,58.69,4.99219968798752,4,80.0,50.0,0.15,ค่อนข้างคงที่ (stable),2.0,กลุ่มพึ่งพาการกำจัดไม่ถูกต้องสูง
36,นครพนม,ภาคตะวันออกเฉียงเหนือ,2559,667.7,261.33,27.99,378.38,42786.0,39.14,4.19,56.67,-0.7875185735512602,5,74.0,48.64864864864865,0.15,ค่อนข้างคงที่ (stable),2.0,กลุ่มพึ่งพาการกำจัดไม่ถูกต้องสูง
36,นครพนม,ภาคตะวันออกเฉียงเหนือ,2560,667.0,252.0,87.0,328.0,50555.0,37.78,13.04,49.18,-0.1048375018721015,5,76.0,48.68421052631579,0.15,ค่อนข้างคงที่ (stable),2.0,กลุ่มพึ่งพาการกำจัดไม่ถูกต้องสูง
36,นครพนม,ภาคตะวันออกเฉียงเหนือ,2561,673.35,266.98,32.23,374.14,26305.91,39.65,4.79,55.56,0.9520239880060011,5,78.0,50.0,0.15,ค่อนข้างคงที่ (stable),2.0,กลุ่มพึ่งพาการกำจัดไม่ถูกต้องสูง
36,นครพนม,ภาคตะวันออกเฉียงเหนือ,2562,681.09,505.94,23.27,151.88,15881.89,74.28,3.42,22.3,1.1494764981064831,6,70.0,50.0,0.15,ค่อนข้างคงที่ (stable),1.0,กลุ่มนำกลับมาใช้ประโยชน์สูง
36,นครพนม,ภาคตะวันออกเฉียงเหนือ,2563,663.91,209.1,80.0,374.81,3555.0,31.5,12.05,56.45,-2.5224272856744445,6,74.0,48.64864864864865,0.15,ค่อนข้างคงที่ (stable),2.0,กลุ่มพึ่งพาการกำจัดไม่ถูกต้องสูง
36,นครพนม,ภาคตะวันออกเฉียงเหนือ,2564,450.0,199.0,60.0,191.0,4504.0,44.22,13.33,42.44,-32.21972857766866,6,66.0,48.484848484848484,0.15,ค่อนข้างคงที่ (stable),1.0,กลุ่มนำกลับมาใช้ประโยชน์สูง
36,นครพนม,ภาคตะวันออกเฉียงเหนือ,2565,650.0,457.0,50.0,143.0,4650.0,70.31,7.69,22.0,44.44444444444444,6,64.0,48.4375,0.15,ค่อนข้างคงที่ (stable),1.0,กลุ่มนำกลับมาใช้ประโยชน์สูง
36,นครพนม,ภาคตะวันออกเฉียงเหนือ,2566,663.0,400.0,55.0,208.0,10630.0,60.33,8.3,31.37,2.0000000000000018,6,64.0,48.4375,0.15,ค่อนข้างคงที่ (stable),1.0,กลุ่มนำกลับมาใช้ประโยชน์สูง
36,นครพนม,ภาคตะวันออกเฉียงเหนือ,2567,672.0,483.0,3.0,186.0,21135.0,71.88,0.45,27.68,1.3574660633484115,3,60.0,50.0,0.15,ค่อนข้างคงที่ (stable),1.0,กลุ่มนำกลับมาใช้ประโยชน์สูง
36,นครพนม,ภาคตะวันออกเฉียงเหนือ,2568,689.0,490.0,3.0,196.0,43836.0,71.12,0.44,28.45,2.529761904761907,4,78.0,50.0,0.15,ค่อนข้างคงที่ (stable),1.0,กลุ่มนำกลับมาใช้ประโยชน์สูง
19,นครราชสีมา,ภาคตะวันออกเฉียงเหนือ,2556,2692.49,279.98,513.69,1898.82,460002.38,10.4,19.08,70.52,,6,200.0,49.0,0.01,ค่อนข้างคงที่ (stable),2.0,กลุ่มพึ่งพาการกำจัดไม่ถูกต้องสูง
19,นครราชสีมา,ภาคตะวันออกเฉียงเหนือ,2557,2264.0,70.0,349.0,1845.0,760825.0,3.09,15.42,81.49,-15.91426523403986,5,212.0,48.58490566037736,0.01,ค่อนข้างคงที่ (stable),2.0,กลุ่มพึ่งพาการกำจัดไม่ถูกต้องสูง
19,นครราชสีมา,ภาคตะวันออกเฉียงเหนือ,2558,2294.0,120.0,393.0,1781.0,521833.6,5.23,17.13,77.64,1.3250883392226243,8,211.0,47.867298578199055,0.01,ค่อนข้างคงที่ (stable),2.0,กลุ่มพึ่งพาการกำจัดไม่ถูกต้องสูง
19,นครราชสีมา,ภาคตะวันออกเฉียงเหนือ,2559,2458.33,625.18,612.18,1220.97,227492.0,25.43,24.9,49.67,7.163469921534427,7,213.0,47.88732394366197,0.01,ค่อนข้างคงที่ (stable),3.0,กลุ่มมีโครงสร้างพื้นฐานหลากหลาย
19,นครราชสีมา,ภาคตะวันออกเฉียงเหนือ,2560,2458.0,958.0,708.0,792.0,93933.0,38.97,28.8,32.22,-0.013423747015250953,7,197.0,46.7005076142132,0.01,ค่อนข้างคงที่ (stable),3.0,กลุ่มมีโครงสร้างพื้นฐานหลากหลาย
19,นครราชสีมา,ภาคตะวันออกเฉียงเหนือ,2561,2480.07,1021.06,577.94,901.07,68180.51,41.17,23.3,36.33,0.8978844589096813,9,187.0,44.919786096256686,0.01,ค่อนข้างคงที่ (stable),3.0,กลุ่มมีโครงสร้างพื้นฐานหลากหลาย
19,นครราชสีมา,ภาคตะวันออกเฉียงเหนือ,2562,2511.25,1288.67,164.58,1058.0,74268.0,51.32,6.55,42.13,1.2572225783949564,9,193.0,47.15025906735752,0.01,ค่อนข้างคงที่ (stable),1.0,กลุ่มนำกลับมาใช้ประโยชน์สูง
19,นครราชสีมา,ภาคตะวันออกเฉียงเหนือ,2563,2337.3,1088.5,318.0,930.8,157578.0,46.57,13.61,39.82,-6.926829268292678,8,185.0,47.56756756756757,0.01,ค่อนข้างคงที่ (stable),1.0,กลุ่มนำกลับมาใช้ประโยชน์สูง
19,นครราชสีมา,ภาคตะวันออกเฉียงเหนือ,2564,2271.0,1129.0,556.0,586.0,146558.0,49.71,24.48,25.8,-2.8366063406494724,8,174.0,47.701149425287355,0.01,ค่อนข้างคงที่ (stable),1.0,กลุ่มนำกลับมาใช้ประโยชน์สูง
19,นครราชสีมา,ภาคตะวันออกเฉียงเหนือ,2565,2228.0,1000.0,580.0,648.0,160200.0,44.88,26.03,29.08,-1.8934390136503776,9,159.0,47.79874213836478,0.01,ค่อนข้างคงที่ (stable),3.0,กลุ่มมีโครงสร้างพื้นฐานหลากหลาย
19,นครราชสีมา,ภาคตะวันออกเฉียงเหนือ,2566,2588.0,1053.0,678.0,857.0,558240.0,40.69,26.2,33.11,16.157989228007175,9,161.0,47.82608695652174,0.01,ค่อนข้างคงที่ (stable),3.0,กลุ่มมีโครงสร้างพื้นฐานหลากหลาย
19,นครราชสีมา,ภาคตะวันออกเฉียงเหนือ,2567,2562.0,1470.0,660.0,432.0,536950.0,57.38,25.76,16.86,-1.0046367851622828,10,161.0,48.4472049689441,0.01,ค่อนข้างคงที่ (stable),1.0,กลุ่มนำกลับมาใช้ประโยชน์สูง
19,นครราชสีมา,ภาคตะวันออกเฉียงเหนือ,2568,2458.0,1129.0,578.0,751.0,572061.0,45.93,23.52,30.55,-4.059328649492588,9,161.0,48.4472049689441,0.01,ค่อนข้างคงที่ (stable),1.0,กลุ่มนำกลับมาใช้ประโยชน์สูง
77,บึงกาฬ,ภาคตะวันออกเฉียงเหนือ,2556,354.13,112.78,38.59,202.76,18000.17,31.85,10.9,57.26,,6,42.0,47.61904761904761,-1.71,ลดลงชัดเจน (decreasing),2.0,กลุ่มพึ่งพาการกำจัดไม่ถูกต้องสูง
77,บึงกาฬ,ภาคตะวันออกเฉียงเหนือ,2557,341.0,113.0,50.0,178.0,12446.22,33.14,14.66,52.2,-3.707677971366441,5,40.0,47.5,-1.71,ลดลงชัดเจน (decreasing),2.0,กลุ่มพึ่งพาการกำจัดไม่ถูกต้องสูง
77,บึงกาฬ,ภาคตะวันออกเฉียงเหนือ,2558,397.0,165.0,27.0,205.0,13785.06,41.56,6.8,51.64,16.422287390029332,4,50.0,48.0,-1.71,ลดลงชัดเจน (decreasing),2.0,กลุ่มพึ่งพาการกำจัดไม่ถูกต้องสูง
77,บึงกาฬ,ภาคตะวันออกเฉียงเหนือ,2559,396.65,174.88,17.05,204.72,10334.0,44.09,4.3,51.61,-0.08816120906801617,6,52.0,48.07692307692308,-1.71,ลดลงชัดเจน (decreasing),1.0,กลุ่มนำกลับมาใช้ประโยชน์สูง
77,บึงกาฬ,ภาคตะวันออกเฉียงเหนือ,2560,395.0,170.0,25.0,200.0,11784.0,43.04,6.33,50.63,-0.41598386486826344,6,56.0,42.857142857142854,-1.71,ลดลงชัดเจน (decreasing),1.0,กลุ่มนำกลับมาใช้ประโยชน์สูง
77,บึงกาฬ,ภาคตะวันออกเฉียงเหนือ,2561,393.71,214.79,33.1,145.82,15314.97,54.56,8.41,37.04,-0.3265822784810135,6,52.0,46.15384615384615,-1.71,ลดลงชัดเจน (decreasing),1.0,กลุ่มนำกลับมาใช้ประโยชน์สูง
77,บึงกาฬ,ภาคตะวันออกเฉียงเหนือ,2562,402.66,311.35,43.52,47.79,10052.1,77.32,10.81,11.87,2.2732468060247424,5,34.0,44.11764705882353,-1.71,ลดลงชัดเจน (decreasing),1.0,กลุ่มนำกลับมาใช้ประโยชน์สูง
77,บึงกาฬ,ภาคตะวันออกเฉียงเหนือ,2563,305.0,163.6,46.0,95.4,6696.0,53.64,15.08,31.28,-24.253712809814733,5,28.0,42.857142857142854,-1.71,ลดลงชัดเจน (decreasing),1.0,กลุ่มนำกลับมาใช้ประโยชน์สูง
77,บึงกาฬ,ภาคตะวันออกเฉียงเหนือ,2564,280.0,91.0,67.0,122.0,3404.0,32.5,23.93,43.57,-8.196721311475407,0,0.0,,-1.71,ลดลงชัดเจน (decreasing),,
77,บึงกาฬ,ภาคตะวันออกเฉียงเหนือ,2565,323.0,170.0,85.0,68.0,0.0,52.63,26.32,21.05,15.357142857142847,5,23.0,39.130434782608695,-1.71,ลดลงชัดเจน (decreasing),1.0,กลุ่มนำกลับมาใช้ประโยชน์สูง
77,บึงกาฬ,ภาคตะวันออกเฉียงเหนือ,2566,318.0,173.0,65.0,80.0,15618.0,54.4,20.44,25.16,-1.5479876160990669,6,24.0,41.66666666666667,-1.71,ลดลงชัดเจน (decreasing),1.0,กลุ่มนำกลับมาใช้ประโยชน์สูง
77,บึงกาฬ,ภาคตะวันออกเฉียงเหนือ,2567,323.0,179.0,67.0,77.0,4312.0,55.42,20.74,23.84,1.572327044025168,0,0.0,,-1.71,ลดลงชัดเจน (decreasing),,
77,บึงกาฬ,ภาคตะวันออกเฉียงเหนือ,2568,330.0,180.0,87.0,63.0,3292.0,54.55,26.36,19.09,2.1671826625387025,5,18.0,38.88888888888889,-1.71,ลดลงชัดเจน (decreasing),1.0,กลุ่มนำกลับมาใช้ประโยชน์สูง
20,บุรีรัมย์,ภาคตะวันออกเฉียงเหนือ,2556,1575.09,94.7,87.51,1392.88,124736.48,6.01,5.56,88.43,,4,98.0,48.97959183673469,-2.26,ลดลงชัดเจน (decreasing),2.0,กลุ่มพึ่งพาการกำจัดไม่ถูกต้องสูง
20,บุรีรัมย์,ภาคตะวันออกเฉียงเหนือ,2557,1553.0,155.0,68.0,1330.0,58323.53,9.98,4.38,85.64,-1.4024595419944164,4,102.0,49.01960784313725,-2.26,ลดลงชัดเจน (decreasing),2.0,กลุ่มพึ่งพาการกำจัดไม่ถูกต้องสูง
20,บุรีรัมย์,ภาคตะวันออกเฉียงเหนือ,2558,1559.0,160.0,69.0,1330.0,57873.53,10.26,4.43,85.31,0.3863490019317517,4,100.0,49.0,-2.26,ลดลงชัดเจน (decreasing),2.0,กลุ่มพึ่งพาการกำจัดไม่ถูกต้องสูง
20,บุรีรัมย์,ภาคตะวันออกเฉียงเหนือ,2559,1597.6,263.67,178.03,1155.9,26157.0,16.5,11.14,72.35,2.4759461193072374,5,108.0,49.074074074074076,-2.26,ลดลงชัดเจน (decreasing),2.0,กลุ่มพึ่งพาการกำจัดไม่ถูกต้องสูง
20,บุรีรัมย์,ภาคตะวันออกเฉียงเหนือ,2560,1501.0,582.0,196.0,723.0,6904.0,38.77,13.06,48.17,-6.0465698547821685,5,92.0,47.82608695652174,-2.26,ลดลงชัดเจน (decreasing),1.0,กลุ่มนำกลับมาใช้ประโยชน์สูง
20,บุรีรัมย์,ภาคตะวันออกเฉียงเหนือ,2561,1571.73,598.57,176.52,796.64,11047.49,38.08,11.23,50.69,4.71219187208527,6,88.0,46.590909090909086,-2.26,ลดลงชัดเจน (decreasing),1.0,กลุ่มนำกลับมาใช้ประโยชน์สูง
20,บุรีรัมย์,ภาคตะวันออกเฉียงเหนือ,2562,1579.61,759.1,179.14,641.37,0.0,48.06,11.34,40.6,0.501358375802452,6,86.0,46.51162790697674,-2.26,ลดลงชัดเจน (decreasing),1.0,กลุ่มนำกลับมาใช้ประโยชน์สูง
20,บุรีรัมย์,ภาคตะวันออกเฉียงเหนือ,2563,1698.5,833.0,186.0,679.5,6949.0,49.04,10.95,40.01,7.526541361475303,6,60.0,45.0,-2.26,ลดลงชัดเจน (decreasing),1.0,กลุ่มนำกลับมาใช้ประโยชน์สูง
20,บุรีรัมย์,ภาคตะวันออกเฉียงเหนือ,2564,1380.0,505.0,167.0,708.0,15428.0,36.59,12.1,51.3,-18.751839858698848,6,58.0,46.55172413793103,-2.26,ลดลงชัดเจน (decreasing),2.0,กลุ่มพึ่งพาการกำจัดไม่ถูกต้องสูง
20,บุรีรัมย์,ภาคตะวันออกเฉียงเหนือ,2565,1072.0,500.0,110.0,462.0,9170.0,46.64,10.26,43.1,-22.31884057971014,6,63.0,47.61904761904761,-2.26,ลดลงชัดเจน (decreasing),1.0,กลุ่มนำกลับมาใช้ประโยชน์สูง
20,บุรีรัมย์,ภาคตะวันออกเฉียงเหนือ,2566,1314.0,597.0,107.0,610.0,12265.0,45.43,8.14,46.42,22.574626865671643,7,65.0,46.15384615384615,-2.26,ลดลงชัดเจน (decreasing),1.0,กลุ่มนำกลับมาใช้ประโยชน์สูง
20,บุรีรัมย์,ภาคตะวันออกเฉียงเหนือ,2567,1310.0,650.0,131.0,529.0,15322.0,49.62,10.0,40.38,-0.30441400304414,7,64.0,45.3125,-2.26,ลดลงชัดเจน (decreasing),1.0,กลุ่มนำกลับมาใช้ประโยชน์สูง
20,บุรีรัมย์,ภาคตะวันออกเฉียงเหนือ,2568,1226.0,582.0,141.0,503.0,11042.0,47.47,11.5,41.03,-6.412213740458017,7,72.0,47.22222222222222,-2.26,ลดลงชัดเจน (decreasing),1.0,กลุ่มนำกลับมาใช้ประโยชน์สูง
32,มหาสารคาม,ภาคตะวันออกเฉียงเหนือ,2556,959.97,179.58,65.13,715.26,66562.64,18.71,6.78,74.51,,4,64.0,48.4375,-4.75,ลดลงชัดเจน (decreasing),2.0,กลุ่มพึ่งพาการกำจัดไม่ถูกต้องสูง
32,มหาสารคาม,ภาคตะวันออกเฉียงเหนือ,2557,894.0,216.0,36.0,642.0,92843.0,24.16,4.03,71.81,-6.8720897528047775,5,60.0,48.333333333333336,-4.75,ลดลงชัดเจน (decreasing),2.0,กลุ่มพึ่งพาการกำจัดไม่ถูกต้องสูง
32,มหาสารคาม,ภาคตะวันออกเฉียงเหนือ,2558,908.0,250.0,23.0,635.0,138688.0,27.53,2.53,69.93,1.5659955257270708,5,86.0,48.837209302325576,-4.75,ลดลงชัดเจน (decreasing),2.0,กลุ่มพึ่งพาการกำจัดไม่ถูกต้องสูง
32,มหาสารคาม,ภาคตะวันออกเฉียงเหนือ,2559,910.84,287.37,26.71,596.76,142252.0,31.55,2.93,65.52,0.3127753303964864,6,62.0,48.38709677419355,-4.75,ลดลงชัดเจน (decreasing),2.0,กลุ่มพึ่งพาการกำจัดไม่ถูกต้องสูง
32,มหาสารคาม,ภาคตะวันออกเฉียงเหนือ,2560,901.0,509.0,136.0,256.0,53729.0,56.49,15.09,28.41,-1.0803214615080603,6,88.0,47.72727272727273,-4.75,ลดลงชัดเจน (decreasing),1.0,กลุ่มนำกลับมาใช้ประโยชน์สูง
32,มหาสารคาม,ภาคตะวันออกเฉียงเหนือ,2561,904.62,515.42,84.43,304.77,7452.2,56.98,9.33,33.69,0.4017758046614972,4,90.0,47.77777777777778,-4.75,ลดลงชัดเจน (decreasing),1.0,กลุ่มนำกลับมาใช้ประโยชน์สูง
32,มหาสารคาม,ภาคตะวันออกเฉียงเหนือ,2562,909.81,611.22,0.0,298.59,57471.69,67.18,0.0,32.82,0.5737215626450798,3,82.0,50.0,-4.75,ลดลงชัดเจน (decreasing),1.0,กลุ่มนำกลับมาใช้ประโยชน์สูง
32,มหาสารคาม,ภาคตะวันออกเฉียงเหนือ,2563,677.5,363.0,17.0,297.5,56886.0,53.58,2.51,43.91,-25.53390268297776,5,55.0,49.09090909090909,-4.75,ลดลงชัดเจน (decreasing),1.0,กลุ่มนำกลับมาใช้ประโยชน์สูง
32,มหาสารคาม,ภาคตะวันออกเฉียงเหนือ,2564,610.0,310.0,0.0,300.0,91111.0,50.82,0.0,49.18,-9.963099630996307,3,48.0,50.0,-4.75,ลดลงชัดเจน (decreasing),1.0,กลุ่มนำกลับมาใช้ประโยชน์สูง
32,มหาสารคาม,ภาคตะวันออกเฉียงเหนือ,2565,589.0,330.0,45.0,214.0,482100.0,56.03,7.64,36.33,-3.4426229508196737,5,56.0,48.214285714285715,-4.75,ลดลงชัดเจน (decreasing),1.0,กลุ่มนำกลับมาใช้ประโยชน์สูง
32,มหาสารคาม,ภาคตะวันออกเฉียงเหนือ,2566,613.0,350.0,0.0,263.0,551316.0,57.1,0.0,42.9,4.074702886247872,4,54.0,50.0,-4.75,ลดลงชัดเจน (decreasing),1.0,กลุ่มนำกลับมาใช้ประโยชน์สูง
32,มหาสารคาม,ภาคตะวันออกเฉียงเหนือ,2567,613.0,364.0,0.0,249.0,551316.0,59.38,0.0,40.62,0.0,4,52.0,50.0,-4.75,ลดลงชัดเจน (decreasing),1.0,กลุ่มนำกลับมาใช้ประโยชน์สูง
32,มหาสารคาม,ภาคตะวันออกเฉียงเหนือ,2568,571.0,352.0,109.0,110.0,1464831.0,61.65,19.09,19.26,-6.8515497553017894,8,54.0,48.148148148148145,-4.75,ลดลงชัดเจน (decreasing),1.0,กลุ่มนำกลับมาใช้ประโยชน์สูง
37,มุกดาหาร,ภาคตะวันออกเฉียงเหนือ,2556,320.21,58.96,78.8,182.45,61.29,18.41,24.61,56.98,,4,30.0,40.0,2.7,เพิ่มขึ้นชัดเจน (increasing),2.0,กลุ่มพึ่งพาการกำจัดไม่ถูกต้องสูง
37,มุกดาหาร,ภาคตะวันออกเฉียงเหนือ,2557,180.0,10.0,70.0,100.0,38301.0,5.56,38.89,55.56,-43.786889853533616,4,30.0,46.666666666666664,2.7,เพิ่มขึ้นชัดเจน (increasing),2.0,กลุ่มพึ่งพาการกำจัดไม่ถูกต้องสูง
37,มุกดาหาร,ภาคตะวันออกเฉียงเหนือ,2558,179.0,9.0,69.0,101.0,38301.0,5.03,38.55,56.42,-0.5555555555555536,4,30.0,46.666666666666664,2.7,เพิ่มขึ้นชัดเจน (increasing),2.0,กลุ่มพึ่งพาการกำจัดไม่ถูกต้องสูง
37,มุกดาหาร,ภาคตะวันออกเฉียงเหนือ,2559,179.96,60.85,70.92,48.19,4127.0,33.81,39.41,26.78,0.5363128491620239,4,30.0,46.666666666666664,2.7,เพิ่มขึ้นชัดเจน (increasing),3.0,กลุ่มมีโครงสร้างพื้นฐานหลากหลาย
37,มุกดาหาร,ภาคตะวันออกเฉียงเหนือ,2560,125.0,35.0,74.0,16.0,331.0,28.0,59.2,12.8,-30.5401200266726,4,28.0,46.42857142857143,2.7,เพิ่มขึ้นชัดเจน (increasing),3.0,กลุ่มมีโครงสร้างพื้นฐานหลากหลาย
37,มุกดาหาร,ภาคตะวันออกเฉียงเหนือ,2561,334.64,233.08,0.0,111.56,63.75,69.65,0.0,33.34,167.712,2,26.0,50.0,2.7,เพิ่มขึ้นชัดเจน (increasing),1.0,กลุ่มนำกลับมาใช้ประโยชน์สูง
37,มุกดาหาร,ภาคตะวันออกเฉียงเหนือ,2562,334.64,276.84,0.0,57.8,14665.7,82.73,0.0,17.27,0.0,2,24.0,50.0,2.7,เพิ่มขึ้นชัดเจน (increasing),1.0,กลุ่มนำกลับมาใช้ประโยชน์สูง
37,มุกดาหาร,ภาคตะวันออกเฉียงเหนือ,2563,222.3,134.8,0.0,87.5,42.0,60.64,0.0,39.36,-33.57040401625627,2,20.0,50.0,2.7,เพิ่มขึ้นชัดเจน (increasing),1.0,กลุ่มนำกลับมาใช้ประโยชน์สูง
37,มุกดาหาร,ภาคตะวันออกเฉียงเหนือ,2564,246.0,162.0,0.0,84.0,270000.0,65.85,0.0,34.15,10.6612685560054,2,18.0,50.0,2.7,เพิ่มขึ้นชัดเจน (increasing),1.0,กลุ่มนำกลับมาใช้ประโยชน์สูง
37,มุกดาหาร,ภาคตะวันออกเฉียงเหนือ,2565,260.0,142.0,0.0,118.0,294150.0,54.62,0.0,45.38,5.691056910569103,2,16.0,50.0,2.7,เพิ่มขึ้นชัดเจน (increasing),1.0,กลุ่มนำกลับมาใช้ประโยชน์สูง
37,มุกดาหาร,ภาคตะวันออกเฉียงเหนือ,2566,287.0,171.0,0.0,116.0,292243.0,59.58,0.0,40.42,10.384615384615392,2,18.0,50.0,2.7,เพิ่มขึ้นชัดเจน (increasing),1.0,กลุ่มนำกลับมาใช้ประโยชน์สูง
37,มุกดาหาร,ภาคตะวันออกเฉียงเหนือ,2567,294.0,177.0,0.0,117.0,292243.0,60.2,0.0,39.8,2.4390243902439046,2,18.0,50.0,2.7,เพิ่มขึ้นชัดเจน (increasing),1.0,กลุ่มนำกลับมาใช้ประโยชน์สูง
37,มุกดาหาร,ภาคตะวันออกเฉียงเหนือ,2568,297.0,179.0,0.0,118.0,292333.0,60.27,0.0,39.73,1.0204081632652962,2,18.0,50.0,2.7,เพิ่มขึ้นชัดเจน (increasing),1.0,กลุ่มนำกลับมาใช้ประโยชน์สูง
24,ยโสธร,ภาคตะวันออกเฉียงเหนือ,2556,488.62,116.28,133.88,238.46,20252.52,23.8,27.4,48.8,,6,94.0,46.808510638297875,2.26,เพิ่มขึ้นชัดเจน (increasing),3.0,กลุ่มมีโครงสร้างพื้นฐานหลากหลาย
24,ยโสธร,ภาคตะวันออกเฉียงเหนือ,2557,245.0,16.0,60.0,169.0,65385.65,6.53,24.49,68.98,-49.85878596864639,4,94.0,48.93617021276596,2.26,เพิ่มขึ้นชัดเจน (increasing),2.0,กลุ่มพึ่งพาการกำจัดไม่ถูกต้องสูง
24,ยโสธร,ภาคตะวันออกเฉียงเหนือ,2558,241.0,15.0,52.0,174.0,41790.65,6.22,21.58,72.2,-1.6326530612244872,4,98.0,48.97959183673469,2.26,เพิ่มขึ้นชัดเจน (increasing),2.0,กลุ่มพึ่งพาการกำจัดไม่ถูกต้องสูง
24,ยโสธร,ภาคตะวันออกเฉียงเหนือ,2559,233.0,21.91,52.28,158.81,46400.0,9.4,22.44,68.16,-3.319502074688796,4,98.0,48.97959183673469,2.26,เพิ่มขึ้นชัดเจน (increasing),2.0,กลุ่มพึ่งพาการกำจัดไม่ถูกต้องสูง
24,ยโสธร,ภาคตะวันออกเฉียงเหนือ,2560,497.0,357.0,116.27,23.73,0.0,71.83,23.39,4.77,113.3047210300429,4,84.0,45.23809523809524,2.26,เพิ่มขึ้นชัดเจน (increasing),1.0,กลุ่มนำกลับมาใช้ประโยชน์สูง
24,ยโสธร,ภาคตะวันออกเฉียงเหนือ,2561,512.56,355.73,75.35,81.48,9.95,69.4,14.7,15.9,3.130784708249479,6,74.0,45.94594594594595,2.26,เพิ่มขึ้นชัดเจน (increasing),1.0,กลุ่มนำกลับมาใช้ประโยชน์สูง
24,ยโสธร,ภาคตะวันออกเฉียงเหนือ,2562,513.06,378.36,50.94,83.76,3613.37,73.75,9.93,16.33,0.09754955517402575,5,82.0,48.78048780487805,2.26,เพิ่มขึ้นชัดเจน (increasing),1.0,กลุ่มนำกลับมาใช้ประโยชน์สูง
24,ยโสธร,ภาคตะวันออกเฉียงเหนือ,2563,424.6,175.7,61.0,187.9,39.0,41.38,14.37,44.25,-17.241648150313793,5,68.0,50.0,2.26,เพิ่มขึ้นชัดเจน (increasing),1.0,กลุ่มนำกลับมาใช้ประโยชน์สูง
24,ยโสธร,ภาคตะวันออกเฉียงเหนือ,2564,441.0,208.0,73.0,160.0,1680.0,47.17,16.55,36.28,3.862458784738565,4,68.0,48.529411764705884,2.26,เพิ่มขึ้นชัดเจน (increasing),1.0,กลุ่มนำกลับมาใช้ประโยชน์สูง
24,ยโสธร,ภาคตะวันออกเฉียงเหนือ,2565,417.0,278.0,67.0,72.0,350.0,66.67,16.07,17.27,-5.442176870748295,5,66.0,48.484848484848484,2.26,เพิ่มขึ้นชัดเจน (increasing),1.0,กลุ่มนำกลับมาใช้ประโยชน์สูง
24,ยโสธร,ภาคตะวันออกเฉียงเหนือ,2566,436.0,219.0,76.0,141.0,168.0,50.23,17.43,32.34,4.55635491606714,6,68.0,48.529411764705884,2.26,เพิ่มขึ้นชัดเจน (increasing),1.0,กลุ่มนำกลับมาใช้ประโยชน์สูง
24,ยโสธร,ภาคตะวันออกเฉียงเหนือ,2567,403.0,204.0,74.0,125.0,168.0,50.62,18.36,31.02,-7.568807339449545,6,70.0,48.57142857142857,2.26,เพิ่มขึ้นชัดเจน (increasing),1.0,กลุ่มนำกลับมาใช้ประโยชน์สูง
24,ยโสธร,ภาคตะวันออกเฉียงเหนือ,2568,448.0,224.0,73.0,151.0,6390.0,50.0,16.29,33.71,11.166253101736977,5,82.0,48.78048780487805,2.26,เพิ่มขึ้นชัดเจน (increasing),1.0,กลุ่มนำกลับมาใช้ประโยชน์สูง
33,ร้อยเอ็ด,ภาคตะวันออกเฉียงเหนือ,2556,1253.59,197.89,43.11,1012.59,91979.37,15.79,3.44,80.78,,4,116.0,50.0,-0.71,ค่อนข้างคงที่ (stable),2.0,กลุ่มพึ่งพาการกำจัดไม่ถูกต้องสูง
33,ร้อยเอ็ด,ภาคตะวันออกเฉียงเหนือ,2557,913.0,40.0,0.0,873.0,217656.0,4.38,0.0,95.62,-27.169170143348296,2,116.0,50.0,-0.71,ค่อนข้างคงที่ (stable),2.0,กลุ่มพึ่งพาการกำจัดไม่ถูกต้องสูง
33,ร้อยเอ็ด,ภาคตะวันออกเฉียงเหนือ,2558,909.0,35.0,0.0,874.0,176522.02,3.85,0.0,96.15,-0.4381161007667056,2,112.0,50.0,-0.71,ค่อนข้างคงที่ (stable),2.0,กลุ่มพึ่งพาการกำจัดไม่ถูกต้องสูง
33,ร้อยเอ็ด,ภาคตะวันออกเฉียงเหนือ,2559,930.42,161.24,4.0,765.18,124955.0,17.33,0.43,82.24,2.3564356435643585,0,0.0,,-0.71,ค่อนข้างคงที่ (stable),,
33,ร้อยเอ็ด,ภาคตะวันออกเฉียงเหนือ,2560,930.0,454.0,270.0,206.0,47577.0,48.82,29.03,22.15,-0.04514090410782101,5,116.0,46.55172413793103,-0.71,ค่อนข้างคงที่ (stable),1.0,กลุ่มนำกลับมาใช้ประโยชน์สูง
33,ร้อยเอ็ด,ภาคตะวันออกเฉียงเหนือ,2561,1314.54,685.19,171.0,458.35,9283.76,52.12,13.01,34.87,41.348387096774196,5,104.0,50.0,-0.71,ค่อนข้างคงที่ (stable),1.0,กลุ่มนำกลับมาใช้ประโยชน์สูง
33,ร้อยเอ็ด,ภาคตะวันออกเฉียงเหนือ,2562,1272.65,740.06,103.94,428.65,13754.0,58.15,8.17,33.68,-3.1866660580887496,6,106.0,49.056603773584904,-0.71,ค่อนข้างคงที่ (stable),1.0,กลุ่มนำกลับมาใช้ประโยชน์สูง
33,ร้อยเอ็ด,ภาคตะวันออกเฉียงเหนือ,2563,952.4,599.1,139.0,214.3,975.0,62.9,14.59,22.5,-25.164027815974542,7,108.0,49.074074074074076,-0.71,ค่อนข้างคงที่ (stable),1.0,กลุ่มนำกลับมาใช้ประโยชน์สูง
33,ร้อยเอ็ด,ภาคตะวันออกเฉียงเหนือ,2564,938.0,467.0,135.0,336.0,1139.0,49.79,14.39,35.82,-1.511969760604781,7,87.0,41.37931034482759,-0.71,ค่อนข้างคงที่ (stable),1.0,กลุ่มนำกลับมาใช้ประโยชน์สูง
33,ร้อยเอ็ด,ภาคตะวันออกเฉียงเหนือ,2565,981.0,550.0,100.0,331.0,37080.0,56.07,10.19,33.74,4.584221748400852,5,92.0,47.82608695652174,-0.71,ค่อนข้างคงที่ (stable),1.0,กลุ่มนำกลับมาใช้ประโยชน์สูง
33,ร้อยเอ็ด,ภาคตะวันออกเฉียงเหนือ,2566,985.0,590.0,90.0,305.0,46138.0,59.9,9.14,30.96,0.4077471967380175,7,96.0,48.95833333333333,-0.71,ค่อนข้างคงที่ (stable),1.0,กลุ่มนำกลับมาใช้ประโยชน์สูง
33,ร้อยเอ็ด,ภาคตะวันออกเฉียงเหนือ,2567,985.0,541.0,103.0,341.0,46139.0,54.92,10.46,34.62,0.0,7,96.0,48.95833333333333,-0.71,ค่อนข้างคงที่ (stable),1.0,กลุ่มนำกลับมาใช้ประโยชน์สูง
33,ร้อยเอ็ด,ภาคตะวันออกเฉียงเหนือ,2568,954.0,605.0,103.0,246.0,62355.0,63.42,10.8,25.79,-3.147208121827416,6,98.0,47.95918367346938,-0.71,ค่อนข้างคงที่ (stable),1.0,กลุ่มนำกลับมาใช้ประโยชน์สูง
22,ศรีสะเกษ,ภาคตะวันออกเฉียงเหนือ,2556,1353.17,56.76,107.06,1189.35,111469.2,4.19,7.91,87.89,,6,60.0,46.666666666666664,-6.72,ลดลงชัดเจน (decreasing),2.0,กลุ่มพึ่งพาการกำจัดไม่ถูกต้องสูง
22,ศรีสะเกษ,ภาคตะวันออกเฉียงเหนือ,2557,1361.0,120.0,116.0,1125.0,117784.2,8.82,8.52,82.66,0.5786412645861105,5,88.0,47.72727272727273,-6.72,ลดลงชัดเจน (decreasing),2.0,กลุ่มพึ่งพาการกำจัดไม่ถูกต้องสูง
22,ศรีสะเกษ,ภาคตะวันออกเฉียงเหนือ,2558,1382.0,120.0,86.0,1176.0,67144.2,8.68,6.22,85.09,1.542983100661277,5,92.0,46.73913043478261,-6.72,ลดลงชัดเจน (decreasing),2.0,กลุ่มพึ่งพาการกำจัดไม่ถูกต้องสูง
22,ศรีสะเกษ,ภาคตะวันออกเฉียงเหนือ,2559,1403.25,132.0,94.7,1176.55,33399.0,9.41,6.75,83.84,1.5376266280752615,7,88.0,48.86363636363637,-6.72,ลดลงชัดเจน (decreasing),2.0,กลุ่มพึ่งพาการกำจัดไม่ถูกต้องสูง
22,ศรีสะเกษ,ภาคตะวันออกเฉียงเหนือ,2560,1378.0,317.0,122.0,939.0,5414.0,23.0,8.85,68.14,-1.7993942633173,7,104.0,48.07692307692308,-6.72,ลดลงชัดเจน (decreasing),2.0,กลุ่มพึ่งพาการกำจัดไม่ถูกต้องสูง
22,ศรีสะเกษ,ภาคตะวันออกเฉียงเหนือ,2561,1358.24,447.07,122.0,789.17,72.37,32.92,8.98,58.1,-1.4339622641509453,4,70.0,45.714285714285715,-6.72,ลดลงชัดเจน (decreasing),2.0,กลุ่มพึ่งพาการกำจัดไม่ถูกต้องสูง
22,ศรีสะเกษ,ภาคตะวันออกเฉียงเหนือ,2562,1358.24,1056.99,155.0,146.25,487.0,77.82,11.41,10.77,0.0,6,74.0,44.5945945945946,-6.72,ลดลงชัดเจน (decreasing),1.0,กลุ่มนำกลับมาใช้ประโยชน์สูง
22,ศรีสะเกษ,ภาคตะวันออกเฉียงเหนือ,2563,946.0,410.7,165.0,370.3,0.0,43.41,17.44,39.14,-30.351042525621395,7,58.0,44.827586206896555,-6.72,ลดลงชัดเจน (decreasing),1.0,กลุ่มนำกลับมาใช้ประโยชน์สูง
22,ศรีสะเกษ,ภาคตะวันออกเฉียงเหนือ,2564,835.0,393.0,135.0,307.0,4525.0,47.07,16.17,36.77,-11.733615221987314,6,61.0,47.540983606557376,-6.72,ลดลงชัดเจน (decreasing),1.0,กลุ่มนำกลับมาใช้ประโยชน์สูง
22,ศรีสะเกษ,ภาคตะวันออกเฉียงเหนือ,2565,601.0,220.0,152.0,229.0,1000.0,36.61,25.29,38.1,-28.02395209580838,8,61.0,42.62295081967213,-6.72,ลดลงชัดเจน (decreasing),3.0,กลุ่มมีโครงสร้างพื้นฐานหลากหลาย
22,ศรีสะเกษ,ภาคตะวันออกเฉียงเหนือ,2566,864.0,477.0,180.0,207.0,16023.0,55.21,20.83,23.96,43.7603993344426,9,70.0,44.285714285714285,-6.72,ลดลงชัดเจน (decreasing),1.0,กลุ่มนำกลับมาใช้ประโยชน์สูง
22,ศรีสะเกษ,ภาคตะวันออกเฉียงเหนือ,2567,675.0,395.0,177.0,103.0,9953.0,58.52,26.22,15.26,-21.875,9,56.0,41.07142857142857,-6.72,ลดลงชัดเจน (decreasing),1.0,กลุ่มนำกลับมาใช้ประโยชน์สูง
22,ศรีสะเกษ,ภาคตะวันออกเฉียงเหนือ,2568,692.0,402.0,172.0,118.0,9988.0,58.09,24.86,17.05,2.51851851851852,9,68.0,44.11764705882353,-6.72,ลดลงชัดเจน (decreasing),1.0,กลุ่มนำกลับมาใช้ประโยชน์สูง
35,สกลนคร,ภาคตะวันออกเฉียงเหนือ,2556,1039.84,184.61,163.26,691.97,21869.82,17.75,15.7,66.55,,4,50.0,46.0,-2.69,ลดลงชัดเจน (decreasing),2.0,กลุ่มพึ่งพาการกำจัดไม่ถูกต้องสูง
35,สกลนคร,ภาคตะวันออกเฉียงเหนือ,2557,1078.0,250.0,160.0,668.0,24773.55,23.19,14.84,61.97,3.6697953531312555,4,48.0,45.83333333333333,-2.69,ลดลงชัดเจน (decreasing),2.0,กลุ่มพึ่งพาการกำจัดไม่ถูกต้องสูง
35,สกลนคร,ภาคตะวันออกเฉียงเหนือ,2558,1123.0,320.0,144.0,659.0,25816.35,28.5,12.82,58.68,4.174397031539878,4,68.0,45.588235294117645,-2.69,ลดลงชัดเจน (decreasing),2.0,กลุ่มพึ่งพาการกำจัดไม่ถูกต้องสูง
35,สกลนคร,ภาคตะวันออกเฉียงเหนือ,2559,1127.78,395.81,109.46,622.51,4511.0,35.1,9.71,55.2,0.425645592163848,6,66.0,45.45454545454545,-2.69,ลดลงชัดเจน (decreasing),2.0,กลุ่มพึ่งพาการกำจัดไม่ถูกต้องสูง
35,สกลนคร,ภาคตะวันออกเฉียงเหนือ,2560,1118.0,388.0,138.0,592.0,5424.0,34.7,12.34,52.95,-0.8671904094770255,6,66.0,43.93939393939394,-2.69,ลดลงชัดเจน (decreasing),2.0,กลุ่มพึ่งพาการกำจัดไม่ถูกต้องสูง
35,สกลนคร,ภาคตะวันออกเฉียงเหนือ,2561,1135.41,465.34,117.69,552.38,4410.12,40.98,10.37,48.65,1.557245080500902,5,66.0,45.45454545454545,-2.69,ลดลงชัดเจน (decreasing),1.0,กลุ่มนำกลับมาใช้ประโยชน์สูง
35,สกลนคร,ภาคตะวันออกเฉียงเหนือ,2562,1131.59,924.77,117.55,89.53,4924.62,81.72,10.39,7.91,-0.33644234241376747,5,52.0,44.230769230769226,-2.69,ลดลงชัดเจน (decreasing),1.0,กลุ่มนำกลับมาใช้ประโยชน์สูง
35,สกลนคร,ภาคตะวันออกเฉียงเหนือ,2563,896.1,497.3,123.0,275.8,4148.0,55.5,13.73,30.78,-20.81054092029798,6,60.0,45.0,-2.69,ลดลงชัดเจน (decreasing),1.0,กลุ่มนำกลับมาใช้ประโยชน์สูง
35,สกลนคร,ภาคตะวันออกเฉียงเหนือ,2564,890.0,480.0,123.0,287.0,4838.0,53.93,13.82,32.25,-0.6807275973663707,8,60.0,45.0,-2.69,ลดลงชัดเจน (decreasing),1.0,กลุ่มนำกลับมาใช้ประโยชน์สูง
35,สกลนคร,ภาคตะวันออกเฉียงเหนือ,2565,843.0,500.0,130.0,213.0,4470.0,59.31,15.42,25.27,-5.280898876404494,8,60.0,45.0,-2.69,ลดลงชัดเจน (decreasing),1.0,กลุ่มนำกลับมาใช้ประโยชน์สูง
35,สกลนคร,ภาคตะวันออกเฉียงเหนือ,2566,872.0,510.0,145.0,217.0,4300.0,58.49,16.63,24.89,3.4400948991696323,7,60.0,45.0,-2.69,ลดลงชัดเจน (decreasing),1.0,กลุ่มนำกลับมาใช้ประโยชน์สูง
35,สกลนคร,ภาคตะวันออกเฉียงเหนือ,2567,850.0,526.0,145.0,179.0,2147.0,61.88,17.06,21.06,-2.5229357798165153,8,60.0,45.0,-2.69,ลดลงชัดเจน (decreasing),1.0,กลุ่มนำกลับมาใช้ประโยชน์สูง
35,สกลนคร,ภาคตะวันออกเฉียงเหนือ,2568,844.0,472.0,155.0,217.0,3588.0,55.92,18.36,25.71,-0.7058823529411784,8,58.0,44.827586206896555,-2.69,ลดลงชัดเจน (decreasing),1.0,กลุ่มนำกลับมาใช้ประโยชน์สูง
21,สุรินทร์,ภาคตะวันออกเฉียงเหนือ,2556,1302.17,28.12,84.64,1189.41,72451.83,2.16,6.5,91.34,,5,44.0,50.0,-0.6,ค่อนข้างคงที่ (stable),2.0,กลุ่มพึ่งพาการกำจัดไม่ถูกต้องสูง
21,สุรินทร์,ภาคตะวันออกเฉียงเหนือ,2557,1304.0,40.0,70.0,1194.0,50219.46,3.07,5.37,91.56,0.1405346460139567,5,44.0,50.0,-0.6,ค่อนข้างคงที่ (stable),2.0,กลุ่มพึ่งพาการกำจัดไม่ถูกต้องสูง
21,สุรินทร์,ภาคตะวันออกเฉียงเหนือ,2558,1302.0,36.0,65.0,1201.0,10805.3,2.76,4.99,92.24,-0.15337423312883347,5,42.0,50.0,-0.6,ค่อนข้างคงที่ (stable),2.0,กลุ่มพึ่งพาการกำจัดไม่ถูกต้องสูง
21,สุรินทร์,ภาคตะวันออกเฉียงเหนือ,2559,1319.49,202.28,85.93,1031.28,2754.0,15.33,6.51,78.16,1.343317972350233,6,36.0,47.22222222222222,-0.6,ค่อนข้างคงที่ (stable),2.0,กลุ่มพึ่งพาการกำจัดไม่ถูกต้องสูง
21,สุรินทร์,ภาคตะวันออกเฉียงเหนือ,2560,1276.0,461.0,110.0,705.0,3923.0,36.13,8.62,55.25,-3.295970412811011,6,36.0,47.22222222222222,-0.6,ค่อนข้างคงที่ (stable),2.0,กลุ่มพึ่งพาการกำจัดไม่ถูกต้องสูง
21,สุรินทร์,ภาคตะวันออกเฉียงเหนือ,2561,1278.5,478.14,82.4,717.96,4209.45,37.4,6.45,56.16,0.19592476489027622,7,38.0,44.73684210526316,-0.6,ค่อนข้างคงที่ (stable),2.0,กลุ่มพึ่งพาการกำจัดไม่ถูกต้องสูง
21,สุรินทร์,ภาคตะวันออกเฉียงเหนือ,2562,1326.5,771.77,91.22,463.51,0.0,58.18,6.88,34.94,3.7543996871333585,8,37.0,43.24324324324324,-0.6,ค่อนข้างคงที่ (stable),1.0,กลุ่มนำกลับมาใช้ประโยชน์สูง
21,สุรินทร์,ภาคตะวันออกเฉียงเหนือ,2563,1104.4,766.7,54.0,283.7,2777.0,69.42,4.89,25.69,-16.743309460987554,7,35.0,42.857142857142854,-0.6,ค่อนข้างคงที่ (stable),1.0,กลุ่มนำกลับมาใช้ประโยชน์สูง
21,สุรินทร์,ภาคตะวันออกเฉียงเหนือ,2564,1139.0,734.0,55.0,350.0,1737.0,64.44,4.83,30.73,3.132922854038389,7,31.0,45.16129032258064,-0.6,ค่อนข้างคงที่ (stable),1.0,กลุ่มนำกลับมาใช้ประโยชน์สูง
21,สุรินทร์,ภาคตะวันออกเฉียงเหนือ,2565,1170.0,750.0,60.0,360.0,940.0,64.1,5.13,30.77,2.721685689201059,7,29.0,44.827586206896555,-0.6,ค่อนข้างคงที่ (stable),1.0,กลุ่มนำกลับมาใช้ประโยชน์สูง
21,สุรินทร์,ภาคตะวันออกเฉียงเหนือ,2566,1223.0,800.0,66.0,357.0,775.0,65.41,5.4,29.19,4.529914529914536,8,25.0,40.0,-0.6,ค่อนข้างคงที่ (stable),1.0,กลุ่มนำกลับมาใช้ประโยชน์สูง
21,สุรินทร์,ภาคตะวันออกเฉียงเหนือ,2567,1377.0,935.0,70.0,372.0,452.0,67.9,5.08,27.02,12.591986917416186,8,25.0,40.0,-0.6,ค่อนข้างคงที่ (stable),1.0,กลุ่มนำกลับมาใช้ประโยชน์สูง
21,สุรินทร์,ภาคตะวันออกเฉียงเหนือ,2568,1215.0,820.0,71.0,324.0,190.0,67.49,5.84,26.67,-11.764705882352944,8,25.0,40.0,-0.6,ค่อนข้างคงที่ (stable),1.0,กลุ่มนำกลับมาใช้ประโยชน์สูง
31,หนองคาย,ภาคตะวันออกเฉียงเหนือ,2556,494.35,170.72,152.58,171.05,17237.1,34.53,30.86,34.6,,5,34.0,47.05882352941176,0.87,ค่อนข้างคงที่ (stable),3.0,กลุ่มมีโครงสร้างพื้นฐานหลากหลาย
31,หนองคาย,ภาคตะวันออกเฉียงเหนือ,2557,495.0,225.0,190.0,80.0,17237.1,45.45,38.38,16.16,0.13148578942043798,4,30.0,43.333333333333336,0.87,ค่อนข้างคงที่ (stable),1.0,กลุ่มนำกลับมาใช้ประโยชน์สูง
31,หนองคาย,ภาคตะวันออกเฉียงเหนือ,2558,509.0,195.0,170.0,144.0,15838.2,38.31,33.4,28.29,2.8282828282828243,4,42.0,42.857142857142854,0.87,ค่อนข้างคงที่ (stable),1.0,กลุ่มนำกลับมาใช้ประโยชน์สูง
31,หนองคาย,ภาคตะวันออกเฉียงเหนือ,2559,357.37,114.92,118.09,124.36,12058.0,32.16,33.04,34.8,-29.78978388998035,6,42.0,42.857142857142854,0.87,ค่อนข้างคงที่ (stable),3.0,กลุ่มมีโครงสร้างพื้นฐานหลากหลาย
31,หนองคาย,ภาคตะวันออกเฉียงเหนือ,2560,498.0,194.0,164.0,140.0,9683.0,38.96,32.93,28.11,39.35137252707277,6,40.0,42.5,0.87,ค่อนข้างคงที่ (stable),3.0,กลุ่มมีโครงสร้างพื้นฐานหลากหลาย
31,หนองคาย,ภาคตะวันออกเฉียงเหนือ,2561,500.57,231.12,132.37,137.08,6774.3,46.17,26.44,27.38,0.5160642570281038,6,40.0,42.5,0.87,ค่อนข้างคงที่ (stable),1.0,กลุ่มนำกลับมาใช้ประโยชน์สูง
31,หนองคาย,ภาคตะวันออกเฉียงเหนือ,2562,504.1,272.52,152.43,79.15,9016.57,54.06,30.24,15.7,0.705196076472836,6,40.0,42.5,0.87,ค่อนข้างคงที่ (stable),1.0,กลุ่มนำกลับมาใช้ประโยชน์สูง
31,หนองคาย,ภาคตะวันออกเฉียงเหนือ,2563,784.5,267.0,142.0,375.5,8174.0,34.03,18.1,47.86,55.62388414997024,5,42.0,42.857142857142854,0.87,ค่อนข้างคงที่ (stable),2.0,กลุ่มพึ่งพาการกำจัดไม่ถูกต้องสูง
31,หนองคาย,ภาคตะวันออกเฉียงเหนือ,2564,654.0,125.0,133.0,396.0,6708.0,19.11,20.34,60.55,-16.634799235181642,5,42.0,42.857142857142854,0.87,ค่อนข้างคงที่ (stable),2.0,กลุ่มพึ่งพาการกำจัดไม่ถูกต้องสูง
31,หนองคาย,ภาคตะวันออกเฉียงเหนือ,2565,485.0,200.0,130.0,155.0,7400.0,41.24,26.8,31.96,-25.84097859327217,5,42.0,42.857142857142854,0.87,ค่อนข้างคงที่ (stable),1.0,กลุ่มนำกลับมาใช้ประโยชน์สูง
31,หนองคาย,ภาคตะวันออกเฉียงเหนือ,2566,490.0,195.0,154.0,141.0,8060.0,39.8,31.43,28.78,1.0309278350515427,6,40.0,40.0,0.87,ค่อนข้างคงที่ (stable),3.0,กลุ่มมีโครงสร้างพื้นฐานหลากหลาย
31,หนองคาย,ภาคตะวันออกเฉียงเหนือ,2567,488.0,207.0,147.0,134.0,8248.0,42.42,30.12,27.46,-0.40816326530612734,5,40.0,40.0,0.87,ค่อนข้างคงที่ (stable),1.0,กลุ่มนำกลับมาใช้ประโยชน์สูง
31,หนองคาย,ภาคตะวันออกเฉียงเหนือ,2568,487.0,205.0,143.0,139.0,7932.0,42.09,29.36,28.54,-0.2049180327868827,6,36.0,38.88888888888889,0.87,ค่อนข้างคงที่ (stable),1.0,กลุ่มนำกลับมาใช้ประโยชน์สูง
27,หนองบัวลำภู,ภาคตะวันออกเฉียงเหนือ,2556,495.7,168.75,42.49,284.46,29662.2,34.04,8.57,57.39,,4,56.0,46.42857142857143,-5.3,ลดลงชัดเจน (decreasing),2.0,กลุ่มพึ่งพาการกำจัดไม่ถูกต้องสูง
27,หนองบัวลำภู,ภาคตะวันออกเฉียงเหนือ,2557,487.0,195.0,70.0,222.0,36025.2,40.04,14.37,45.59,-1.7550938067379396,4,56.0,44.642857142857146,-5.3,ลดลงชัดเจน (decreasing),1.0,กลุ่มนำกลับมาใช้ประโยชน์สูง
27,หนองบัวลำภู,ภาคตะวันออกเฉียงเหนือ,2558,498.0,91.0,39.0,368.0,21782.0,18.27,7.83,73.9,2.258726899383978,5,54.0,48.148148148148145,-5.3,ลดลงชัดเจน (decreasing),2.0,กลุ่มพึ่งพาการกำจัดไม่ถูกต้องสูง
27,หนองบัวลำภู,ภาคตะวันออกเฉียงเหนือ,2559,494.04,224.31,47.04,222.69,20562.0,45.4,9.52,45.08,-0.7951807228915642,6,54.0,48.148148148148145,-5.3,ลดลงชัดเจน (decreasing),1.0,กลุ่มนำกลับมาใช้ประโยชน์สูง
27,หนองบัวลำภู,ภาคตะวันออกเฉียงเหนือ,2560,487.0,329.0,63.0,95.0,1402.0,67.56,12.94,19.51,-1.4249858311067953,5,46.0,45.65217391304348,-5.3,ลดลงชัดเจน (decreasing),1.0,กลุ่มนำกลับมาใช้ประโยชน์สูง
27,หนองบัวลำภู,ภาคตะวันออกเฉียงเหนือ,2561,496.62,290.01,86.9,119.71,498.72,58.4,17.5,24.1,1.9753593429158167,4,64.0,45.3125,-5.3,ลดลงชัดเจน (decreasing),1.0,กลุ่มนำกลับมาใช้ประโยชน์สูง
27,หนองบัวลำภู,ภาคตะวันออกเฉียงเหนือ,2562,496.65,315.89,73.51,107.25,8640.75,63.6,14.8,21.59,0.006040836051712795,5,68.0,47.05882352941176,-5.3,ลดลงชัดเจน (decreasing),1.0,กลุ่มนำกลับมาใช้ประโยชน์สูง
27,หนองบัวลำภู,ภาคตะวันออกเฉียงเหนือ,2563,355.8,143.4,60.0,152.4,0.0,40.3,16.86,42.83,-28.360012080942308,5,56.0,46.42857142857143,-5.3,ลดลงชัดเจน (decreasing),1.0,กลุ่มนำกลับมาใช้ประโยชน์สูง
27,หนองบัวลำภู,ภาคตะวันออกเฉียงเหนือ,2564,325.0,130.0,60.0,135.0,113.0,40.0,18.46,41.54,-8.656548622821813,5,36.0,44.44444444444444,-5.3,ลดลงชัดเจน (decreasing),1.0,กลุ่มนำกลับมาใช้ประโยชน์สูง
27,หนองบัวลำภู,ภาคตะวันออกเฉียงเหนือ,2565,285.0,125.0,55.0,105.0,124000.0,43.86,19.3,36.84,-12.307692307692308,5,50.0,46.0,-5.3,ลดลงชัดเจน (decreasing),1.0,กลุ่มนำกลับมาใช้ประโยชน์สูง
27,หนองบัวลำภู,ภาคตะวันออกเฉียงเหนือ,2566,299.0,131.0,68.0,100.0,211005.0,43.81,22.74,33.44,4.912280701754379,5,54.0,42.592592592592595,-5.3,ลดลงชัดเจน (decreasing),1.0,กลุ่มนำกลับมาใช้ประโยชน์สูง
27,หนองบัวลำภู,ภาคตะวันออกเฉียงเหนือ,2567,274.0,124.0,65.0,85.0,211006.0,45.26,23.72,31.02,-8.361204013377932,0,0.0,,-5.3,ลดลงชัดเจน (decreasing),,
27,หนองบัวลำภู,ภาคตะวันออกเฉียงเหนือ,2568,330.0,156.0,97.0,77.0,208178.0,47.27,29.39,23.33,20.43795620437956,5,46.0,43.47826086956522,-5.3,ลดลงชัดเจน (decreasing),1.0,กลุ่มนำกลับมาใช้ประโยชน์สูง
26,อำนาจเจริญ,ภาคตะวันออกเฉียงเหนือ,2556,348.18,83.96,60.65,203.57,16304.11,24.11,17.42,58.47,,5,34.0,44.11764705882353,-2.1,ลดลงชัดเจน (decreasing),2.0,กลุ่มพึ่งพาการกำจัดไม่ถูกต้องสูง
26,อำนาจเจริญ,ภาคตะวันออกเฉียงเหนือ,2557,270.0,20.0,90.0,160.0,44827.5,7.41,33.33,59.26,-22.453903153541276,5,34.0,47.05882352941176,-2.1,ลดลงชัดเจน (decreasing),2.0,กลุ่มพึ่งพาการกำจัดไม่ถูกต้องสูง
26,อำนาจเจริญ,ภาคตะวันออกเฉียงเหนือ,2558,271.0,14.0,78.0,179.0,41038.0,5.17,28.78,66.05,0.37037037037037646,4,34.0,47.05882352941176,-2.1,ลดลงชัดเจน (decreasing),2.0,กลุ่มพึ่งพาการกำจัดไม่ถูกต้องสูง
26,อำนาจเจริญ,ภาคตะวันออกเฉียงเหนือ,2559,202.0,68.74,83.27,49.99,45156.0,34.03,41.22,24.75,-25.461254612546124,5,34.0,47.05882352941176,-2.1,ลดลงชัดเจน (decreasing),3.0,กลุ่มมีโครงสร้างพื้นฐานหลากหลาย
26,อำนาจเจริญ,ภาคตะวันออกเฉียงเหนือ,2560,275.0,65.0,88.0,122.0,840.0,23.64,32.0,44.36,36.13861386138615,5,28.0,46.42857142857143,-2.1,ลดลงชัดเจน (decreasing),3.0,กลุ่มมีโครงสร้างพื้นฐานหลากหลาย
26,อำนาจเจริญ,ภาคตะวันออกเฉียงเหนือ,2561,361.89,209.78,45.13,106.98,14.89,57.97,12.47,29.56,31.596363636363623,4,24.0,45.83333333333333,-2.1,ลดลงชัดเจน (decreasing),1.0,กลุ่มนำกลับมาใช้ประโยชน์สูง
26,อำนาจเจริญ,ภาคตะวันออกเฉียงเหนือ,2562,361.89,264.22,50.13,47.54,2367.0,73.01,13.85,13.14,0.0,4,24.0,45.83333333333333,-2.1,ลดลงชัดเจน (decreasing),1.0,กลุ่มนำกลับมาใช้ประโยชน์สูง
26,อำนาจเจริญ,ภาคตะวันออกเฉียงเหนือ,2563,221.3,113.4,43.0,64.9,62.0,51.24,19.43,29.33,-38.84882146508607,4,22.0,50.0,-2.1,ลดลงชัดเจน (decreasing),1.0,กลุ่มนำกลับมาใช้ประโยชน์สูง
26,อำนาจเจริญ,ภาคตะวันออกเฉียงเหนือ,2564,218.0,98.0,0.0,120.0,110000.0,44.95,0.0,55.05,-1.4911884319927737,2,22.0,50.0,-2.1,ลดลงชัดเจน (decreasing),2.0,กลุ่มพึ่งพาการกำจัดไม่ถูกต้องสูง
26,อำนาจเจริญ,ภาคตะวันออกเฉียงเหนือ,2565,363.0,112.0,0.0,251.0,110500.0,30.85,0.0,69.15,66.51376146788989,2,22.0,50.0,-2.1,ลดลงชัดเจน (decreasing),2.0,กลุ่มพึ่งพาการกำจัดไม่ถูกต้องสูง
26,อำนาจเจริญ,ภาคตะวันออกเฉียงเหนือ,2566,223.0,120.0,40.0,63.0,60000.0,53.81,17.94,28.25,-38.56749311294766,4,24.0,45.83333333333333,-2.1,ลดลงชัดเจน (decreasing),1.0,กลุ่มนำกลับมาใช้ประโยชน์สูง
26,อำนาจเจริญ,ภาคตะวันออกเฉียงเหนือ,2567,225.0,122.0,40.0,63.0,0.0,54.22,17.78,28.0,0.8968609865470878,5,26.0,46.15384615384615,-2.1,ลดลงชัดเจน (decreasing),1.0,กลุ่มนำกลับมาใช้ประโยชน์สูง
26,อำนาจเจริญ,ภาคตะวันออกเฉียงเหนือ,2568,206.0,112.0,50.0,44.0,60000.0,54.37,24.27,21.36,-8.444444444444443,5,28.0,46.42857142857143,-2.1,ลดลงชัดเจน (decreasing),1.0,กลุ่มนำกลับมาใช้ประโยชน์สูง
29,อุดรธานี,ภาคตะวันออกเฉียงเหนือ,2556,1624.0,515.42,322.62,785.96,7249.1,31.74,19.87,48.4,,4,130.0,49.23076923076923,-1.33,ค่อนข้างคงที่ (stable),2.0,กลุ่มพึ่งพาการกำจัดไม่ถูกต้องสูง
29,อุดรธานี,ภาคตะวันออกเฉียงเหนือ,2557,1622.0,600.0,390.0,632.0,12829.25,36.99,24.04,38.96,-0.12315270935960854,4,126.0,49.2063492063492,-1.33,ค่อนข้างคงที่ (stable),1.0,กลุ่มนำกลับมาใช้ประโยชน์สูง
29,อุดรธานี,ภาคตะวันออกเฉียงเหนือ,2558,1672.0,705.0,307.0,660.0,19176.09,42.17,18.36,39.47,3.082614056720101,6,180.0,48.888888888888886,-1.33,ค่อนข้างคงที่ (stable),1.0,กลุ่มนำกลับมาใช้ประโยชน์สูง
29,อุดรธานี,ภาคตะวันออกเฉียงเหนือ,2559,1622.03,726.76,275.06,620.21,18203.0,44.81,16.96,38.24,-2.9886363636363655,7,178.0,48.87640449438202,-1.33,ค่อนข้างคงที่ (stable),1.0,กลุ่มนำกลับมาใช้ประโยชน์สูง
29,อุดรธานี,ภาคตะวันออกเฉียงเหนือ,2560,1601.0,726.0,320.0,555.0,17510.0,45.35,19.99,34.67,-1.296523492167223,5,190.0,48.94736842105264,-1.33,ค่อนข้างคงที่ (stable),1.0,กลุ่มนำกลับมาใช้ประโยชน์สูง
29,อุดรธานี,ภาคตะวันออกเฉียงเหนือ,2561,1632.56,889.68,236.21,506.67,13398.64,54.5,14.47,31.04,1.9712679575265346,5,172.0,48.837209302325576,-1.33,ค่อนข้างคงที่ (stable),1.0,กลุ่มนำกลับมาใช้ประโยชน์สูง
29,อุดรธานี,ภาคตะวันออกเฉียงเหนือ,2562,1634.28,960.57,355.0,318.71,12716.45,58.78,21.72,19.5,0.10535600529231193,6,154.0,49.35064935064935,-1.33,ค่อนข้างคงที่ (stable),1.0,กลุ่มนำกลับมาใช้ประโยชน์สูง
29,อุดรธานี,ภาคตะวันออกเฉียงเหนือ,2563,1072.0,366.4,360.0,345.6,1616.0,34.18,33.58,32.24,-34.405365053723955,6,146.0,48.63013698630137,-1.33,ค่อนข้างคงที่ (stable),3.0,กลุ่มมีโครงสร้างพื้นฐานหลากหลาย
29,อุดรธานี,ภาคตะวันออกเฉียงเหนือ,2564,1127.0,383.0,386.0,358.0,2143.0,33.98,34.25,31.77,5.1305970149253755,7,136.0,48.529411764705884,-1.33,ค่อนข้างคงที่ (stable),3.0,กลุ่มมีโครงสร้างพื้นฐานหลากหลาย
29,อุดรธานี,ภาคตะวันออกเฉียงเหนือ,2565,1368.0,600.0,405.0,363.0,1570.0,43.86,29.61,26.54,21.384205856255555,7,133.0,48.1203007518797,-1.33,ค่อนข้างคงที่ (stable),1.0,กลุ่มนำกลับมาใช้ประโยชน์สูง
29,อุดรธานี,ภาคตะวันออกเฉียงเหนือ,2566,1452.0,700.0,413.0,339.0,1998.0,48.21,28.44,23.35,6.140350877192979,8,128.0,48.4375,-1.33,ค่อนข้างคงที่ (stable),1.0,กลุ่มนำกลับมาใช้ประโยชน์สูง
29,อุดรธานี,ภาคตะวันออกเฉียงเหนือ,2567,1577.0,764.0,413.0,400.0,3682.0,48.45,26.19,25.36,8.608815426997252,7,130.0,48.46153846153846,-1.33,ค่อนข้างคงที่ (stable),1.0,กลุ่มนำกลับมาใช้ประโยชน์สูง
29,อุดรธานี,ภาคตะวันออกเฉียงเหนือ,2568,1580.0,797.0,427.0,356.0,6773.0,50.44,27.03,22.53,0.19023462270133518,9,124.0,48.38709677419355,-1.33,ค่อนข้างคงที่ (stable),1.0,กลุ่มนำกลับมาใช้ประโยชน์สูง
23,อุบลราชธานี,ภาคตะวันออกเฉียงเหนือ,2556,1716.43,365.88,408.41,942.14,314.49,21.32,23.79,54.89,,5,158.0,48.734177215189874,0.62,ค่อนข้างคงที่ (stable),2.0,กลุ่มพึ่งพาการกำจัดไม่ถูกต้องสูง
23,อุบลราชธานี,ภาคตะวันออกเฉียงเหนือ,2557,1180.0,95.0,355.0,730.0,106065.6,8.05,30.08,61.86,-31.252658133451405,5,136.0,47.05882352941176,0.62,ค่อนข้างคงที่ (stable),2.0,กลุ่มพึ่งพาการกำจัดไม่ถูกต้องสูง
23,อุบลราชธานี,ภาคตะวันออกเฉียงเหนือ,2558,1172.0,95.0,326.0,751.0,81745.0,8.11,27.82,64.08,-0.6779661016949157,5,122.0,48.36065573770492,0.62,ค่อนข้างคงที่ (stable),2.0,กลุ่มพึ่งพาการกำจัดไม่ถูกต้องสูง
23,อุบลราชธานี,ภาคตะวันออกเฉียงเหนือ,2559,1481.72,381.01,516.04,584.67,18634.0,25.71,34.83,39.46,26.426621160409567,5,158.0,48.734177215189874,0.62,ค่อนข้างคงที่ (stable),3.0,กลุ่มมีโครงสร้างพื้นฐานหลากหลาย
23,อุบลราชธานี,ภาคตะวันออกเฉียงเหนือ,2560,1465.0,384.0,872.73,208.27,3988.0,26.21,59.57,14.22,-1.1284183246497381,5,144.0,48.61111111111111,0.62,ค่อนข้างคงที่ (stable),3.0,กลุ่มมีโครงสร้างพื้นฐานหลากหลาย
23,อุบลราชธานี,ภาคตะวันออกเฉียงเหนือ,2561,1800.67,1038.29,503.49,258.89,158.28,57.66,27.96,14.38,22.91262798634812,4,148.0,48.64864864864865,0.62,ค่อนข้างคงที่ (stable),1.0,กลุ่มนำกลับมาใช้ประโยชน์สูง
23,อุบลราชธานี,ภาคตะวันออกเฉียงเหนือ,2562,1800.67,1214.38,338.79,247.5,1697.0,67.44,18.81,13.74,0.0,4,142.0,48.59154929577465,0.62,ค่อนข้างคงที่ (stable),1.0,กลุ่มนำกลับมาใช้ประโยชน์สูง
23,อุบลราชธานี,ภาคตะวันออกเฉียงเหนือ,2563,1611.2,838.6,366.0,406.6,60.0,52.05,22.72,25.24,-10.522194516485527,5,80.0,47.5,0.62,ค่อนข้างคงที่ (stable),1.0,กลุ่มนำกลับมาใช้ประโยชน์สูง
23,อุบลราชธานี,ภาคตะวันออกเฉียงเหนือ,2564,1580.0,841.0,420.0,319.0,9400.0,53.23,26.58,20.19,-1.9364448857994043,4,76.0,47.368421052631575,0.62,ค่อนข้างคงที่ (stable),1.0,กลุ่มนำกลับมาใช้ประโยชน์สูง
23,อุบลราชธานี,ภาคตะวันออกเฉียงเหนือ,2565,1654.0,954.0,500.0,200.0,8000.0,57.68,30.23,12.09,4.683544303797471,4,84.0,0.0,0.62,ค่อนข้างคงที่ (stable),0.0,กลุ่มนำกลับมาใช้ประโยชน์สูง
23,อุบลราชธานี,ภาคตะวันออกเฉียงเหนือ,2566,1514.0,796.0,422.0,296.0,56273.0,52.58,27.87,19.55,-8.464328899637241,6,84.0,47.61904761904761,0.62,ค่อนข้างคงที่ (stable),1.0,กลุ่มนำกลับมาใช้ประโยชน์สูง
23,อุบลราชธานี,ภาคตะวันออกเฉียงเหนือ,2567,1523.0,901.0,348.0,274.0,56288.0,59.16,22.85,17.99,0.5944517833553542,6,72.0,47.22222222222222,0.62,ค่อนข้างคงที่ (stable),1.0,กลุ่มนำกลับมาใช้ประโยชน์สูง
23,อุบลราชธานี,ภาคตะวันออกเฉียงเหนือ,2568,1397.0,802.0,481.0,114.0,56291.0,57.41,34.43,8.16,-8.27314510833881,6,82.0,47.5609756097561,0.62,ค่อนข้างคงที่ (stable),1.0,กลุ่มนำกลับมาใช้ประโยชน์สูง
30,เลย,ภาคตะวันออกเฉียงเหนือ,2556,651.89,224.41,3.5,423.98,10500.28,34.42,0.54,65.04,,5,78.0,50.0,0.25,ค่อนข้างคงที่ (stable),2.0,กลุ่มพึ่งพาการกำจัดไม่ถูกต้องสูง
30,เลย,ภาคตะวันออกเฉียงเหนือ,2557,577.0,185.0,110.0,282.0,11909.75,32.06,19.06,48.87,-11.488134501219527,5,76.0,50.0,0.25,ค่อนข้างคงที่ (stable),2.0,กลุ่มพึ่งพาการกำจัดไม่ถูกต้องสูง
30,เลย,ภาคตะวันออกเฉียงเหนือ,2558,631.0,194.0,159.0,278.0,5444.25,30.74,25.2,44.06,9.358752166377826,5,100.0,47.0,0.25,ค่อนข้างคงที่ (stable),2.0,กลุ่มพึ่งพาการกำจัดไม่ถูกต้องสูง
30,เลย,ภาคตะวันออกเฉียงเหนือ,2559,630.25,197.52,20.0,412.73,56836.0,31.34,3.17,65.49,-0.11885895404120106,5,96.0,48.95833333333333,0.25,ค่อนข้างคงที่ (stable),2.0,กลุ่มพึ่งพาการกำจัดไม่ถูกต้องสูง
30,เลย,ภาคตะวันออกเฉียงเหนือ,2560,603.0,194.0,22.0,387.0,80335.0,32.17,3.65,64.18,-4.323681078936925,4,106.0,50.0,0.25,ค่อนข้างคงที่ (stable),2.0,กลุ่มพึ่งพาการกำจัดไม่ถูกต้องสูง
30,เลย,ภาคตะวันออกเฉียงเหนือ,2561,649.91,237.32,23.0,389.59,91744.17,36.52,3.54,59.95,7.779436152570485,5,104.0,49.03846153846153,0.25,ค่อนข้างคงที่ (stable),2.0,กลุ่มพึ่งพาการกำจัดไม่ถูกต้องสูง
30,เลย,ภาคตะวันออกเฉียงเหนือ,2562,662.77,361.25,20.4,281.12,152294.85,54.51,3.08,42.42,1.9787355172254717,5,106.0,50.0,0.25,ค่อนข้างคงที่ (stable),1.0,กลุ่มนำกลับมาใช้ประโยชน์สูง
30,เลย,ภาคตะวันออกเฉียงเหนือ,2563,541.8,288.4,23.0,230.4,208773.0,53.23,4.25,42.52,-18.252184015571014,5,112.0,50.0,0.25,ค่อนข้างคงที่ (stable),1.0,กลุ่มนำกลับมาใช้ประโยชน์สูง
30,เลย,ภาคตะวันออกเฉียงเหนือ,2564,595.0,280.0,0.0,315.0,209913.0,47.06,0.0,52.94,9.819121447028433,3,98.0,50.0,0.25,ค่อนข้างคงที่ (stable),1.0,กลุ่มนำกลับมาใช้ประโยชน์สูง
30,เลย,ภาคตะวันออกเฉียงเหนือ,2565,630.0,250.0,0.0,380.0,259960.0,39.68,0.0,60.32,5.882352941176472,4,95.0,48.421052631578945,0.25,ค่อนข้างคงที่ (stable),2.0,กลุ่มพึ่งพาการกำจัดไม่ถูกต้องสูง
30,เลย,ภาคตะวันออกเฉียงเหนือ,2566,632.0,255.0,0.0,377.0,286589.0,40.35,0.0,59.65,0.31746031746031633,4,102.0,50.0,0.25,ค่อนข้างคงที่ (stable),2.0,กลุ่มพึ่งพาการกำจัดไม่ถูกต้องสูง
30,เลย,ภาคตะวันออกเฉียงเหนือ,2567,655.0,271.0,1.0,383.0,344883.0,41.37,0.15,58.47,3.639240506329111,3,114.0,50.0,0.25,ค่อนข้างคงที่ (stable),2.0,กลุ่มพึ่งพาการกำจัดไม่ถูกต้องสูง
30,เลย,ภาคตะวันออกเฉียงเหนือ,2568,654.0,320.0,1.0,333.0,408639.0,48.93,0.15,50.92,-0.15267175572518665,3,112.0,50.0,0.25,ค่อนข้างคงที่ (stable),1.0,กลุ่มนำกลับมาใช้ประโยชน์สูง
43,น่าน,ภาคเหนือ,2556,444.57,152.53,70.07,221.97,28389.89,34.31,15.76,49.93,,5,128.0,48.4375,-6.21,ลดลงชัดเจน (decreasing),2.0,กลุ่มพึ่งพาการกำจัดไม่ถูกต้องสูง
43,น่าน,ภาคเหนือ,2557,449.0,125.0,40.0,284.0,9477.63,27.84,8.91,63.25,0.9964684976494054,5,124.0,48.38709677419355,-6.21,ลดลงชัดเจน (decreasing),2.0,กลุ่มพึ่งพาการกำจัดไม่ถูกต้องสูง
43,น่าน,ภาคเหนือ,2558,453.0,125.0,40.0,288.0,10475.0,27.59,8.83,63.58,0.8908685968819663,5,124.0,48.38709677419355,-6.21,ลดลงชัดเจน (decreasing),2.0,กลุ่มพึ่งพาการกำจัดไม่ถูกต้องสูง
43,น่าน,ภาคเหนือ,2559,456.03,148.12,64.85,243.06,9242.0,32.48,14.22,53.3,0.6688741721854186,5,326.0,49.693251533742334,-6.21,ลดลงชัดเจน (decreasing),2.0,กลุ่มพึ่งพาการกำจัดไม่ถูกต้องสูง
43,น่าน,ภาคเหนือ,2560,454.0,153.0,76.0,225.0,9242.0,33.7,16.74,49.56,-0.4451461526653877,6,324.0,49.691358024691354,-6.21,ลดลงชัดเจน (decreasing),2.0,กลุ่มพึ่งพาการกำจัดไม่ถูกต้องสูง
43,น่าน,ภาคเหนือ,2561,456.03,161.23,70.8,224.0,2386.03,35.36,15.53,49.12,0.4471365638766489,4,326.0,49.38650306748466,-6.21,ลดลงชัดเจน (decreasing),2.0,กลุ่มพึ่งพาการกำจัดไม่ถูกต้องสูง
43,น่าน,ภาคเหนือ,2562,472.41,332.32,58.79,81.3,0.0,70.35,12.44,17.21,3.591868955989752,4,326.0,49.38650306748466,-6.21,ลดลงชัดเจน (decreasing),1.0,กลุ่มนำกลับมาใช้ประโยชน์สูง
43,น่าน,ภาคเหนือ,2563,286.1,131.1,91.0,64.0,4028.0,45.82,31.81,22.37,-39.438199868758076,5,128.0,49.21875,-6.21,ลดลงชัดเจน (decreasing),1.0,กลุ่มนำกลับมาใช้ประโยชน์สูง
43,น่าน,ภาคเหนือ,2564,276.0,139.0,74.0,63.0,10603.0,50.36,26.81,22.83,-3.5302341838518103,6,120.0,48.333333333333336,-6.21,ลดลงชัดเจน (decreasing),1.0,กลุ่มนำกลับมาใช้ประโยชน์สูง
43,น่าน,ภาคเหนือ,2565,258.0,140.0,60.0,58.0,0.0,54.26,23.26,22.48,-6.521739130434778,5,104.0,48.07692307692308,-6.21,ลดลงชัดเจน (decreasing),1.0,กลุ่มนำกลับมาใช้ประโยชน์สูง
43,น่าน,ภาคเหนือ,2566,260.0,139.0,60.0,61.0,305.0,53.46,23.08,23.46,0.7751937984496138,5,110.0,48.18181818181818,-6.21,ลดลงชัดเจน (decreasing),1.0,กลุ่มนำกลับมาใช้ประโยชน์สูง
43,น่าน,ภาคเหนือ,2567,240.0,125.0,64.0,51.0,218.0,52.08,26.67,21.25,-7.692307692307687,6,110.0,48.18181818181818,-6.21,ลดลงชัดเจน (decreasing),1.0,กลุ่มนำกลับมาใช้ประโยชน์สูง
43,น่าน,ภาคเหนือ,2568,246.0,164.0,55.0,27.0,217.0,66.67,22.36,10.98,2.499999999999991,6,110.0,48.18181818181818,-6.21,ลดลงชัดเจน (decreasing),1.0,กลุ่มนำกลับมาใช้ประโยชน์สูง
44,พะเยา,ภาคเหนือ,2556,523.57,154.37,35.0,334.2,102030.3,29.48,6.68,63.83,,5,56.0,48.214285714285715,-6.49,ลดลงชัดเจน (decreasing),2.0,กลุ่มพึ่งพาการกำจัดไม่ถูกต้องสูง
44,พะเยา,ภาคเหนือ,2557,480.0,122.0,22.0,336.0,37605.9,25.42,4.58,70.0,-8.321714383941025,5,112.0,49.107142857142854,-6.49,ลดลงชัดเจน (decreasing),2.0,กลุ่มพึ่งพาการกำจัดไม่ถูกต้องสูง
44,พะเยา,ภาคเหนือ,2558,495.0,133.0,22.0,340.0,20400.0,26.87,4.44,68.69,3.125,7,92.0,47.82608695652174,-6.49,ลดลงชัดเจน (decreasing),2.0,กลุ่มพึ่งพาการกำจัดไม่ถูกต้องสูง
44,พะเยา,ภาคเหนือ,2559,484.6,165.11,109.58,209.91,23042.0,34.07,22.61,43.32,-2.1010101010100923,6,146.0,47.94520547945205,-6.49,ลดลงชัดเจน (decreasing),1.0,กลุ่มนำกลับมาใช้ประโยชน์สูง
44,พะเยา,ภาคเหนือ,2560,458.0,171.0,167.0,120.0,10452.0,37.34,36.46,26.2,-5.48906314486175,7,130.0,47.69230769230769,-6.49,ลดลงชัดเจน (decreasing),3.0,กลุ่มมีโครงสร้างพื้นฐานหลากหลาย
44,พะเยา,ภาคเหนือ,2561,484.6,284.99,83.49,116.12,832.95,58.81,17.23,23.96,5.807860262008746,7,136.0,47.794117647058826,-6.49,ลดลงชัดเจน (decreasing),1.0,กลุ่มนำกลับมาใช้ประโยชน์สูง
44,พะเยา,ภาคเหนือ,2562,482.13,333.05,75.1,73.98,0.0,69.08,15.58,15.34,-0.5096987205943093,7,126.0,49.2063492063492,-6.49,ลดลงชัดเจน (decreasing),1.0,กลุ่มนำกลับมาใช้ประโยชน์สูง
44,พะเยา,ภาคเหนือ,2563,275.2,103.0,30.0,142.2,0.0,37.43,10.9,51.67,-42.91995934706407,6,118.0,50.0,-6.49,ลดลงชัดเจน (decreasing),2.0,กลุ่มพึ่งพาการกำจัดไม่ถูกต้องสูง
44,พะเยา,ภาคเหนือ,2564,285.0,122.0,30.0,133.0,7660.0,42.81,10.53,46.67,3.561046511627919,3,100.0,50.0,-6.49,ลดลงชัดเจน (decreasing),1.0,กลุ่มนำกลับมาใช้ประโยชน์สูง
44,พะเยา,ภาคเหนือ,2565,267.0,160.0,24.0,83.0,12910.0,59.93,8.99,31.09,-6.315789473684208,4,97.0,49.48453608247423,-6.49,ลดลงชัดเจน (decreasing),1.0,กลุ่มนำกลับมาใช้ประโยชน์สูง
44,พะเยา,ภาคเหนือ,2566,271.0,138.0,30.0,103.0,9275.0,50.92,11.07,38.01,1.4981273408239737,4,100.0,50.0,-6.49,ลดลงชัดเจน (decreasing),1.0,กลุ่มนำกลับมาใช้ประโยชน์สูง
44,พะเยา,ภาคเหนือ,2567,250.0,124.0,30.0,96.0,7256.0,49.6,12.0,38.4,-7.749077490774903,3,100.0,50.0,-6.49,ลดลงชัดเจน (decreasing),1.0,กลุ่มนำกลับมาใช้ประโยชน์สูง
44,พะเยา,ภาคเหนือ,2568,300.0,181.0,0.0,119.0,8119.0,60.33,0.0,39.67,19.999999999999996,3,98.0,50.0,-6.49,ลดลงชัดเจน (decreasing),1.0,กลุ่มนำกลับมาใช้ประโยชน์สูง
40,ลำปาง,ภาคเหนือ,2556,815.36,156.77,150.72,507.87,395577.6,19.23,18.49,62.29,,7,252.0,49.2063492063492,-7.09,ลดลงชัดเจน (decreasing),2.0,กลุ่มพึ่งพาการกำจัดไม่ถูกต้องสูง
40,ลำปาง,ภาคเหนือ,2557,843.0,160.0,226.0,457.0,70206.0,18.98,26.81,54.21,3.3899136577707933,6,276.0,49.63768115942029,-7.09,ลดลงชัดเจน (decreasing),2.0,กลุ่มพึ่งพาการกำจัดไม่ถูกต้องสูง
40,ลำปาง,ภาคเหนือ,2558,867.0,190.0,194.0,483.0,70206.0,21.91,22.38,55.71,2.8469750889679624,8,270.0,49.25925925925926,-7.09,ลดลงชัดเจน (decreasing),3.0,กลุ่มมีโครงสร้างพื้นฐานหลากหลาย
40,ลำปาง,ภาคเหนือ,2559,825.24,91.45,251.12,482.67,43317.0,11.08,30.43,58.49,-4.816608996539795,7,346.0,49.71098265895954,-7.09,ลดลงชัดเจน (decreasing),3.0,กลุ่มมีโครงสร้างพื้นฐานหลากหลาย
40,ลำปาง,ภาคเหนือ,2560,793.0,101.0,245.0,447.0,12123.0,12.74,30.9,56.37,-3.906742281033393,6,388.0,49.48453608247423,-7.09,ลดลงชัดเจน (decreasing),2.0,กลุ่มพึ่งพาการกำจัดไม่ถูกต้องสูง
40,ลำปาง,ภาคเหนือ,2561,444.75,116.19,198.14,130.42,6642.07,26.12,44.55,29.32,-43.915510718789406,7,344.0,49.127906976744185,-7.09,ลดลงชัดเจน (decreasing),3.0,กลุ่มมีโครงสร้างพื้นฐานหลากหลาย
40,ลำปาง,ภาคเหนือ,2562,781.84,424.26,279.92,77.66,0.0,54.26,35.8,9.93,75.79314221472737,6,332.0,49.39759036144578,-7.09,ลดลงชัดเจน (decreasing),1.0,กลุ่มนำกลับมาใช้ประโยชน์สูง
40,ลำปาง,ภาคเหนือ,2563,483.9,120.2,244.0,119.7,1326.0,24.84,50.42,24.74,-38.10754118489717,5,306.0,49.673202614379086,-7.09,ลดลงชัดเจน (decreasing),3.0,กลุ่มมีโครงสร้างพื้นฐานหลากหลาย
40,ลำปาง,ภาคเหนือ,2564,563.0,136.0,130.0,297.0,11128.0,24.16,23.09,52.75,16.3463525521802,7,168.0,49.404761904761905,-7.09,ลดลงชัดเจน (decreasing),3.0,กลุ่มมีโครงสร้างพื้นฐานหลากหลาย
40,ลำปาง,ภาคเหนือ,2565,447.0,145.0,225.0,77.0,0.0,32.44,50.34,17.23,-20.603907637655418,6,168.0,48.80952380952381,-7.09,ลดลงชัดเจน (decreasing),3.0,กลุ่มมีโครงสร้างพื้นฐานหลากหลาย
40,ลำปาง,ภาคเหนือ,2566,450.0,117.0,230.0,103.0,4031.0,26.0,51.11,22.89,0.6711409395973256,5,170.0,48.8235294117647,-7.09,ลดลงชัดเจน (decreasing),3.0,กลุ่มมีโครงสร้างพื้นฐานหลากหลาย
40,ลำปาง,ภาคเหนือ,2567,435.0,96.0,246.0,93.0,4897.0,22.07,56.55,21.38,-3.3333333333333326,5,170.0,48.8235294117647,-7.09,ลดลงชัดเจน (decreasing),3.0,กลุ่มมีโครงสร้างพื้นฐานหลากหลาย
40,ลำปาง,ภาคเหนือ,2568,353.0,68.0,240.0,45.0,2357.0,19.26,67.99,12.75,-18.850574712643674,6,170.0,48.8235294117647,-7.09,ลดลงชัดเจน (decreasing),3.0,กลุ่มมีโครงสร้างพื้นฐานหลากหลาย
39,ลำพูน,ภาคเหนือ,2556,397.17,90.11,133.24,173.82,731.76,22.69,33.55,43.76,,6,142.0,49.29577464788733,-3.28,ลดลงชัดเจน (decreasing),3.0,กลุ่มมีโครงสร้างพื้นฐานหลากหลาย
39,ลำพูน,ภาคเหนือ,2557,386.0,96.0,142.0,148.0,902.25,24.87,36.79,38.34,-2.812397713825321,5,90.0,50.0,-3.28,ลดลงชัดเจน (decreasing),3.0,กลุ่มมีโครงสร้างพื้นฐานหลากหลาย
39,ลำพูน,ภาคเหนือ,2558,402.0,85.0,142.0,175.0,782.25,21.14,35.32,43.53,4.145077720207246,5,124.0,50.0,-3.28,ลดลงชัดเจน (decreasing),3.0,กลุ่มมีโครงสร้างพื้นฐานหลากหลาย
39,ลำพูน,ภาคเหนือ,2559,402.67,85.65,135.59,181.43,131.0,21.27,33.67,45.06,0.16666666666667052,5,122.0,50.0,-3.28,ลดลงชัดเจน (decreasing),3.0,กลุ่มมีโครงสร้างพื้นฐานหลากหลาย
39,ลำพูน,ภาคเหนือ,2560,385.0,95.0,195.0,95.0,22.0,24.68,50.65,24.68,-4.388208706881569,6,174.0,43.67816091954023,-3.28,ลดลงชัดเจน (decreasing),3.0,กลุ่มมีโครงสร้างพื้นฐานหลากหลาย
39,ลำพูน,ภาคเหนือ,2561,412.16,101.69,201.02,109.45,0.0,24.67,48.77,26.56,7.054545454545469,6,174.0,43.67816091954023,-3.28,ลดลงชัดเจน (decreasing),3.0,กลุ่มมีโครงสร้างพื้นฐานหลากหลาย
39,ลำพูน,ภาคเหนือ,2562,230.72,92.18,72.12,66.42,0.0,39.95,31.26,28.79,-44.02173913043479,5,160.0,50.0,-3.28,ลดลงชัดเจน (decreasing),1.0,กลุ่มนำกลับมาใช้ประโยชน์สูง
39,ลำพูน,ภาคเหนือ,2563,265.6,113.5,70.0,82.1,0.0,42.73,26.36,30.91,15.11789181692096,5,150.0,50.0,-3.28,ลดลงชัดเจน (decreasing),1.0,กลุ่มนำกลับมาใช้ประโยชน์สูง
39,ลำพูน,ภาคเหนือ,2564,280.0,118.0,70.0,92.0,0.0,42.14,25.0,32.86,5.421686746987953,0,0.0,,-3.28,ลดลงชัดเจน (decreasing),,
39,ลำพูน,ภาคเหนือ,2565,296.0,140.0,50.0,106.0,0.0,47.3,16.89,35.81,5.714285714285716,4,148.0,50.0,-3.28,ลดลงชัดเจน (decreasing),1.0,กลุ่มนำกลับมาใช้ประโยชน์สูง
39,ลำพูน,ภาคเหนือ,2566,306.0,110.0,95.0,101.0,0.0,35.95,31.05,33.01,3.378378378378377,2,142.0,50.0,-3.28,ลดลงชัดเจน (decreasing),1.0,กลุ่มนำกลับมาใช้ประโยชน์สูง
39,ลำพูน,ภาคเหนือ,2567,303.0,138.0,132.0,33.0,0.0,45.54,43.56,10.89,-0.9803921568627416,3,140.0,50.0,-3.28,ลดลงชัดเจน (decreasing),1.0,กลุ่มนำกลับมาใช้ประโยชน์สูง
39,ลำพูน,ภาคเหนือ,2568,308.0,136.0,138.0,34.0,0.0,44.16,44.81,11.04,1.650165016501659,3,88.0,50.0,-3.28,ลดลงชัดเจน (decreasing),1.0,กลุ่มนำกลับมาใช้ประโยชน์สูง
41,อุตรดิตถ์,ภาคเหนือ,2556,464.85,127.73,77.93,259.19,73163.0,27.48,16.76,55.76,,6,74.0,48.64864864864865,-1.54,ลดลงชัดเจน (decreasing),2.0,กลุ่มพึ่งพาการกำจัดไม่ถูกต้องสูง
41,อุตรดิตถ์,ภาคเหนือ,2557,467.0,15.0,90.0,362.0,23218.0,3.21,19.27,77.52,0.4625147897171056,7,88.0,46.590909090909086,-1.54,ลดลงชัดเจน (decreasing),2.0,กลุ่มพึ่งพาการกำจัดไม่ถูกต้องสูง
41,อุตรดิตถ์,ภาคเหนือ,2558,484.0,125.0,86.0,273.0,0.0,25.83,17.77,56.4,3.6402569593147804,6,84.0,44.047619047619044,-1.54,ลดลงชัดเจน (decreasing),2.0,กลุ่มพึ่งพาการกำจัดไม่ถูกต้องสูง
41,อุตรดิตถ์,ภาคเหนือ,2559,450.38,125.62,72.12,252.64,4735.0,27.89,16.01,56.09,-6.946280991735543,5,80.0,48.75,-1.54,ลดลงชัดเจน (decreasing),2.0,กลุ่มพึ่งพาการกำจัดไม่ถูกต้องสูง
41,อุตรดิตถ์,ภาคเหนือ,2560,440.0,128.0,91.0,221.0,4735.0,29.09,20.68,50.23,-2.3047204582796743,5,80.0,48.75,-1.54,ลดลงชัดเจน (decreasing),2.0,กลุ่มพึ่งพาการกำจัดไม่ถูกต้องสูง
41,อุตรดิตถ์,ภาคเหนือ,2561,439.14,155.29,76.67,207.18,3728.25,35.36,17.46,47.18,-0.1954545454545431,5,100.0,49.0,-1.54,ลดลงชัดเจน (decreasing),2.0,กลุ่มพึ่งพาการกำจัดไม่ถูกต้องสูง
41,อุตรดิตถ์,ภาคเหนือ,2562,437.57,267.96,67.4,102.21,0.0,61.24,15.4,23.36,-0.3575169649770005,5,100.0,49.0,-1.54,ลดลงชัดเจน (decreasing),1.0,กลุ่มนำกลับมาใช้ประโยชน์สูง
41,อุตรดิตถ์,ภาคเหนือ,2563,319.8,164.6,76.0,79.2,0.0,51.47,23.76,24.77,-26.91455081472678,6,86.0,48.837209302325576,-1.54,ลดลงชัดเจน (decreasing),1.0,กลุ่มนำกลับมาใช้ประโยชน์สูง
41,อุตรดิตถ์,ภาคเหนือ,2564,332.0,169.0,68.0,95.0,0.0,50.9,20.48,28.61,3.81488430268917,6,84.0,48.80952380952381,-1.54,ลดลงชัดเจน (decreasing),1.0,กลุ่มนำกลับมาใช้ประโยชน์สูง
41,อุตรดิตถ์,ภาคเหนือ,2565,423.0,260.0,86.0,77.0,0.0,61.47,20.33,18.2,27.409638554216876,6,78.0,48.717948717948715,-1.54,ลดลงชัดเจน (decreasing),1.0,กลุ่มนำกลับมาใช้ประโยชน์สูง
41,อุตรดิตถ์,ภาคเหนือ,2566,416.0,266.0,75.0,75.0,0.0,63.94,18.03,18.03,-1.654846335697402,7,80.0,48.75,-1.54,ลดลงชัดเจน (decreasing),1.0,กลุ่มนำกลับมาใช้ประโยชน์สูง
41,อุตรดิตถ์,ภาคเหนือ,2567,422.0,251.0,78.0,93.0,0.0,59.48,18.48,22.04,1.4423076923076872,7,80.0,48.75,-1.54,ลดลงชัดเจน (decreasing),1.0,กลุ่มนำกลับมาใช้ประโยชน์สูง
41,อุตรดิตถ์,ภาคเหนือ,2568,419.0,251.0,78.0,90.0,0.0,59.9,18.62,21.48,-0.7109004739336511,8,80.0,47.5,-1.54,ลดลงชัดเจน (decreasing),1.0,กลุ่มนำกลับมาใช้ประโยชน์สูง
45,เชียงราย,ภาคเหนือ,2556,1192.19,237.44,402.95,551.8,3046.5,19.92,33.8,46.28,,8,222.0,47.74774774774775,-2.88,ลดลงชัดเจน (decreasing),3.0,กลุ่มมีโครงสร้างพื้นฐานหลากหลาย
45,เชียงราย,ภาคเหนือ,2557,1133.0,270.0,300.0,563.0,13994.7,23.83,26.48,49.69,-4.9648126557008565,8,218.0,47.706422018348626,-2.88,ลดลงชัดเจน (decreasing),3.0,กลุ่มมีโครงสร้างพื้นฐานหลากหลาย
45,เชียงราย,ภาคเหนือ,2558,1180.0,250.0,265.0,665.0,10325.12,21.19,22.46,56.36,4.148278905560465,7,182.0,46.7032967032967,-2.88,ลดลงชัดเจน (decreasing),2.0,กลุ่มพึ่งพาการกำจัดไม่ถูกต้องสูง
45,เชียงราย,ภาคเหนือ,2559,1100.47,196.33,274.4,629.74,13277.0,17.84,24.93,57.22,-6.739830508474576,7,180.0,47.22222222222222,-2.88,ลดลงชัดเจน (decreasing),2.0,กลุ่มพึ่งพาการกำจัดไม่ถูกต้องสูง
45,เชียงราย,ภาคเหนือ,2560,1096.0,212.0,453.0,431.0,22500.0,19.34,41.33,39.32,-0.4061900824193332,7,164.0,45.1219512195122,-2.88,ลดลงชัดเจน (decreasing),3.0,กลุ่มมีโครงสร้างพื้นฐานหลากหลาย
45,เชียงราย,ภาคเหนือ,2561,972.54,248.61,407.13,316.8,812.0,25.56,41.86,32.57,-11.264598540145986,7,164.0,44.51219512195122,-2.88,ลดลงชัดเจน (decreasing),3.0,กลุ่มมีโครงสร้างพื้นฐานหลากหลาย
45,เชียงราย,ภาคเหนือ,2562,592.43,155.3,193.88,243.25,0.0,26.21,32.73,41.06,-39.08425360396488,8,170.0,45.88235294117647,-2.88,ลดลงชัดเจน (decreasing),3.0,กลุ่มมีโครงสร้างพื้นฐานหลากหลาย
45,เชียงราย,ภาคเหนือ,2563,776.4,408.2,203.0,165.2,0.0,52.58,26.15,21.28,31.053457792481808,7,154.0,48.05194805194805,-2.88,ลดลงชัดเจน (decreasing),1.0,กลุ่มนำกลับมาใช้ประโยชน์สูง
45,เชียงราย,ภาคเหนือ,2564,834.0,425.0,170.0,239.0,0.0,50.96,20.38,28.66,7.418856259659967,6,151.0,47.682119205298015,-2.88,ลดลงชัดเจน (decreasing),1.0,กลุ่มนำกลับมาใช้ประโยชน์สูง
45,เชียงราย,ภาคเหนือ,2565,930.0,300.0,160.0,470.0,35000.0,32.26,17.2,50.54,11.51079136690647,6,222.0,48.1981981981982,-2.88,ลดลงชัดเจน (decreasing),2.0,กลุ่มพึ่งพาการกำจัดไม่ถูกต้องสูง
45,เชียงราย,ภาคเหนือ,2566,874.0,280.0,150.0,444.0,30000.0,32.04,17.16,50.8,-6.0215053763440824,8,230.0,48.26086956521739,-2.88,ลดลงชัดเจน (decreasing),3.0,กลุ่มมีโครงสร้างพื้นฐานหลากหลาย
45,เชียงราย,ภาคเหนือ,2567,940.0,535.0,260.0,145.0,20000.0,56.91,27.66,15.43,7.551487414187652,8,228.0,48.24561403508772,-2.88,ลดลงชัดเจน (decreasing),1.0,กลุ่มนำกลับมาใช้ประโยชน์สูง
45,เชียงราย,ภาคเหนือ,2568,919.0,450.0,225.0,244.0,20000.0,48.97,24.48,26.55,-2.2340425531914843,8,222.0,48.1981981981982,-2.88,ลดลงชัดเจน (decreasing),1.0,กลุ่มนำกลับมาใช้ประโยชน์สูง
38,เชียงใหม่,ภาคเหนือ,2556,1718.92,627.25,777.71,313.96,1429.32,36.49,45.24,18.26,,8,296.0,47.97297297297297,-1.24,ค่อนข้างคงที่ (stable),3.0,กลุ่มมีโครงสร้างพื้นฐานหลากหลาย
38,เชียงใหม่,ภาคเหนือ,2557,1698.0,650.0,670.0,378.0,22258.53,38.28,39.46,22.26,-1.2170432597212288,7,298.0,48.322147651006716,-1.24,ค่อนข้างคงที่ (stable),3.0,กลุ่มมีโครงสร้างพื้นฐานหลากหลาย
38,เชียงใหม่,ภาคเหนือ,2558,1652.0,550.0,650.0,452.0,15572.22,33.29,39.35,27.36,-2.7090694935217874,8,260.0,48.07692307692308,-1.24,ค่อนข้างคงที่ (stable),3.0,กลุ่มมีโครงสร้างพื้นฐานหลากหลาย
38,เชียงใหม่,ภาคเหนือ,2559,1658.5,525.78,691.9,440.82,42979.0,31.7,41.72,26.58,0.39346246973366306,7,258.0,48.44961240310077,-1.24,ค่อนข้างคงที่ (stable),3.0,กลุ่มมีโครงสร้างพื้นฐานหลากหลาย
38,เชียงใหม่,ภาคเหนือ,2560,1669.0,108.0,1349.0,212.0,2130.0,6.47,80.83,12.7,0.6331022007838305,9,270.0,47.03703703703704,-1.24,ค่อนข้างคงที่ (stable),3.0,กลุ่มมีโครงสร้างพื้นฐานหลากหลาย
38,เชียงใหม่,ภาคเหนือ,2561,1655.31,399.12,1040.8,215.39,0.0,24.11,62.88,13.01,-0.8202516476932376,9,270.0,47.40740740740741,-1.24,ค่อนข้างคงที่ (stable),3.0,กลุ่มมีโครงสร้างพื้นฐานหลากหลาย
38,เชียงใหม่,ภาคเหนือ,2562,1647.86,345.07,1204.07,98.72,0.0,20.94,73.07,5.99,-0.4500667548676729,7,250.0,48.4,-1.24,ค่อนข้างคงที่ (stable),3.0,กลุ่มมีโครงสร้างพื้นฐานหลากหลาย
38,เชียงใหม่,ภาคเหนือ,2563,1434.4,309.1,596.0,529.21,0.0,21.55,41.55,36.89,-12.953770344568094,5,200.0,48.0,-1.24,ค่อนข้างคงที่ (stable),3.0,กลุ่มมีโครงสร้างพื้นฐานหลากหลาย
38,เชียงใหม่,ภาคเหนือ,2564,1415.0,290.0,810.0,315.0,450.0,20.49,57.24,22.26,-1.3524818739542699,6,154.0,47.4025974025974,-1.24,ค่อนข้างคงที่ (stable),3.0,กลุ่มมีโครงสร้างพื้นฐานหลากหลาย
38,เชียงใหม่,ภาคเหนือ,2565,1445.0,359.0,810.0,276.0,450.0,24.84,56.06,19.1,2.1201413427561766,6,126.0,46.82539682539682,-1.24,ค่อนข้างคงที่ (stable),3.0,กลุ่มมีโครงสร้างพื้นฐานหลากหลาย
38,เชียงใหม่,ภาคเหนือ,2566,1475.0,300.0,750.0,425.0,450.0,20.34,50.85,28.81,2.076124567474058,5,124.0,45.96774193548387,-1.24,ค่อนข้างคงที่ (stable),3.0,กลุ่มมีโครงสร้างพื้นฐานหลากหลาย
38,เชียงใหม่,ภาคเหนือ,2567,1635.0,562.0,750.0,323.0,450.0,34.37,45.87,19.76,10.84745762711865,6,122.0,45.90163934426229,-1.24,ค่อนข้างคงที่ (stable),3.0,กลุ่มมีโครงสร้างพื้นฐานหลากหลาย
38,เชียงใหม่,ภาคเหนือ,2568,1523.0,550.0,790.0,183.0,450.0,36.11,51.87,12.02,-6.850152905198781,6,96.0,46.875,-1.24,ค่อนข้างคงที่ (stable),3.0,กลุ่มมีโครงสร้างพื้นฐานหลากหลาย
42,แพร่,ภาคเหนือ,2556,493.91,143.79,0.0,350.12,365232.33,29.11,0.0,70.89,,2,80.0,50.0,-4.15,ลดลงชัดเจน (decreasing),2.0,กลุ่มพึ่งพาการกำจัดไม่ถูกต้องสูง
42,แพร่,ภาคเหนือ,2557,438.0,80.0,40.0,318.0,5727.0,18.26,9.13,72.6,-11.319876090785774,2,40.0,50.0,-4.15,ลดลงชัดเจน (decreasing),2.0,กลุ่มพึ่งพาการกำจัดไม่ถูกต้องสูง
42,แพร่,ภาคเหนือ,2558,449.0,82.0,48.0,319.0,26384.4,18.26,10.69,71.05,2.511415525114158,5,56.0,50.0,-4.15,ลดลงชัดเจน (decreasing),2.0,กลุ่มพึ่งพาการกำจัดไม่ถูกต้องสูง
42,แพร่,ภาคเหนือ,2559,433.3,88.88,22.17,322.25,23143.0,20.51,5.12,74.37,-3.4966592427616905,6,150.0,50.0,-4.15,ลดลงชัดเจน (decreasing),2.0,กลุ่มพึ่งพาการกำจัดไม่ถูกต้องสูง
42,แพร่,ภาคเหนือ,2560,409.0,93.0,144.0,172.0,11098.0,22.74,35.21,42.05,-5.60812370182322,6,150.0,49.333333333333336,-4.15,ลดลงชัดเจน (decreasing),3.0,กลุ่มมีโครงสร้างพื้นฐานหลากหลาย
42,แพร่,ภาคเหนือ,2561,423.16,121.87,86.94,214.35,17895.76,28.8,20.55,50.65,3.462102689486568,7,208.0,48.55769230769231,-4.15,ลดลงชัดเจน (decreasing),3.0,กลุ่มมีโครงสร้างพื้นฐานหลากหลาย
42,แพร่,ภาคเหนือ,2562,424.43,192.48,206.66,25.29,0.0,45.35,48.69,5.96,0.300122884960774,6,198.0,49.494949494949495,-4.15,ลดลงชัดเจน (decreasing),3.0,กลุ่มมีโครงสร้างพื้นฐานหลากหลาย
42,แพร่,ภาคเหนือ,2563,303.1,129.0,156.0,18.1,5340.0,42.56,51.47,5.97,-28.58657493579624,6,112.0,50.0,-4.15,ลดลงชัดเจน (decreasing),3.0,กลุ่มมีโครงสร้างพื้นฐานหลากหลาย
42,แพร่,ภาคเหนือ,2564,426.0,121.0,0.0,305.0,9005.0,28.4,0.0,71.6,40.54767403497195,4,122.0,50.0,-4.15,ลดลงชัดเจน (decreasing),2.0,กลุ่มพึ่งพาการกำจัดไม่ถูกต้องสูง
42,แพร่,ภาคเหนือ,2565,324.0,140.0,0.0,184.0,545.0,43.21,0.0,56.79,-23.943661971830988,4,114.0,50.0,-4.15,ลดลงชัดเจน (decreasing),2.0,กลุ่มพึ่งพาการกำจัดไม่ถูกต้องสูง
42,แพร่,ภาคเหนือ,2566,315.0,120.0,110.0,85.0,477.0,38.1,34.92,26.98,-2.777777777777779,4,108.0,51.85185185185185,-4.15,ลดลงชัดเจน (decreasing),1.0,กลุ่มนำกลับมาใช้ประโยชน์สูง
42,แพร่,ภาคเหนือ,2567,290.0,100.0,121.0,69.0,525.0,34.48,41.72,23.79,-7.936507936507942,4,108.0,49.074074074074076,-4.15,ลดลงชัดเจน (decreasing),3.0,กลุ่มมีโครงสร้างพื้นฐานหลากหลาย
42,แพร่,ภาคเหนือ,2568,290.0,80.0,166.0,44.0,145.0,27.59,57.24,15.17,0.0,5,124.0,49.193548387096776,-4.15,ลดลงชัดเจน (decreasing),3.0,กลุ่มมีโครงสร้างพื้นฐานหลากหลาย
46,แม่ฮ่องสอน,ภาคเหนือ,2556,219.45,82.69,44.09,92.67,153.6,37.68,20.09,42.23,,5,114.0,50.0,2.64,เพิ่มขึ้นชัดเจน (increasing),1.0,กลุ่มนำกลับมาใช้ประโยชน์สูง
46,แม่ฮ่องสอน,ภาคเหนือ,2557,211.0,80.0,36.0,95.0,1351.56,37.91,17.06,45.02,-3.850535429482793,5,106.0,50.0,2.64,เพิ่มขึ้นชัดเจน (increasing),1.0,กลุ่มนำกลับมาใช้ประโยชน์สูง
46,แม่ฮ่องสอน,ภาคเหนือ,2558,219.0,80.0,45.0,94.0,732.3,36.53,20.55,42.92,3.791469194312791,6,114.0,47.368421052631575,2.64,เพิ่มขึ้นชัดเจน (increasing),1.0,กลุ่มนำกลับมาใช้ประโยชน์สูง
46,แม่ฮ่องสอน,ภาคเหนือ,2559,155.61,39.96,45.66,69.99,0.0,25.68,29.34,44.98,-28.945205479452053,6,126.0,47.61904761904761,2.64,เพิ่มขึ้นชัดเจน (increasing),3.0,กลุ่มมีโครงสร้างพื้นฐานหลากหลาย
46,แม่ฮ่องสอน,ภาคเหนือ,2560,153.0,15.0,50.0,88.0,352.0,9.8,32.68,57.52,-1.6772700983227362,6,218.0,48.62385321100918,2.64,เพิ่มขึ้นชัดเจน (increasing),2.0,กลุ่มพึ่งพาการกำจัดไม่ถูกต้องสูง
46,แม่ฮ่องสอน,ภาคเหนือ,2561,168.2,43.13,16.4,108.67,184.25,25.64,9.75,64.61,9.934640522875803,5,220.0,49.09090909090909,2.64,เพิ่มขึ้นชัดเจน (increasing),2.0,กลุ่มพึ่งพาการกำจัดไม่ถูกต้องสูง
46,แม่ฮ่องสอน,ภาคเหนือ,2562,169.55,44.51,9.44,115.6,70.0,26.25,5.57,68.18,0.8026159334126204,5,212.0,50.0,2.64,เพิ่มขึ้นชัดเจน (increasing),2.0,กลุ่มพึ่งพาการกำจัดไม่ถูกต้องสูง
46,แม่ฮ่องสอน,ภาคเหนือ,2563,168.6,76.45,24.0,68.15,0.0,45.34,14.23,40.42,-0.5603066941905155,5,200.0,50.0,2.64,เพิ่มขึ้นชัดเจน (increasing),1.0,กลุ่มนำกลับมาใช้ประโยชน์สูง
46,แม่ฮ่องสอน,ภาคเหนือ,2564,206.0,69.0,25.0,112.0,0.0,33.5,12.14,54.37,22.182680901542117,2,200.0,50.0,2.64,เพิ่มขึ้นชัดเจน (increasing),2.0,กลุ่มพึ่งพาการกำจัดไม่ถูกต้องสูง
46,แม่ฮ่องสอน,ภาคเหนือ,2565,195.0,50.0,20.0,125.0,0.0,25.64,10.26,64.1,-5.339805825242716,2,198.0,50.0,2.64,เพิ่มขึ้นชัดเจน (increasing),2.0,กลุ่มพึ่งพาการกำจัดไม่ถูกต้องสูง
46,แม่ฮ่องสอน,ภาคเหนือ,2566,215.0,55.0,40.0,120.0,0.0,25.58,18.6,55.81,10.256410256410264,2,194.0,50.0,2.64,เพิ่มขึ้นชัดเจน (increasing),2.0,กลุ่มพึ่งพาการกำจัดไม่ถูกต้องสูง
46,แม่ฮ่องสอน,ภาคเหนือ,2567,214.0,70.0,40.0,104.0,0.0,32.71,18.69,48.6,-0.46511627906976605,2,196.0,50.0,2.64,เพิ่มขึ้นชัดเจน (increasing),2.0,กลุ่มพึ่งพาการกำจัดไม่ถูกต้องสูง
46,แม่ฮ่องสอน,ภาคเหนือ,2568,345.0,176.0,35.0,134.0,0.0,51.01,10.14,38.84,61.21495327102804,2,194.0,50.0,2.64,เพิ่มขึ้นชัดเจน (increasing),1.0,กลุ่มนำกลับมาใช้ประโยชน์สูง
64,กระบี่,ภาคใต้,2556,518.22,107.15,4.29,406.78,79753.0,20.68,0.83,78.5,,3,54.0,50.0,-0.27,ค่อนข้างคงที่ (stable),2.0,กลุ่มพึ่งพาการกำจัดไม่ถูกต้องสูง
64,กระบี่,ภาคใต้,2557,551.0,145.0,140.0,266.0,245819.54,26.32,25.41,48.28,6.325498822893749,4,54.0,48.148148148148145,-0.27,ค่อนข้างคงที่ (stable),2.0,กลุ่มพึ่งพาการกำจัดไม่ถูกต้องสูง
64,กระบี่,ภาคใต้,2558,557.0,130.0,143.0,284.0,192146.0,23.34,25.67,50.99,1.0889292196007316,4,54.0,48.148148148148145,-0.27,ค่อนข้างคงที่ (stable),2.0,กลุ่มพึ่งพาการกำจัดไม่ถูกต้องสูง
64,กระบี่,ภาคใต้,2559,541.08,137.03,157.74,246.31,193975.0,25.33,29.15,45.52,-2.858168761220814,4,48.0,47.91666666666667,-0.27,ค่อนข้างคงที่ (stable),2.0,กลุ่มพึ่งพาการกำจัดไม่ถูกต้องสูง
64,กระบี่,ภาคใต้,2560,564.0,137.0,178.0,249.0,177984.0,24.29,31.56,44.15,4.235972499445539,4,46.0,47.82608695652174,-0.27,ค่อนข้างคงที่ (stable),2.0,กลุ่มพึ่งพาการกำจัดไม่ถูกต้องสูง
64,กระบี่,ภาคใต้,2561,543.12,154.89,171.73,216.5,60261.18,28.52,31.62,39.86,-3.7021276595744723,4,42.0,47.61904761904761,-0.27,ค่อนข้างคงที่ (stable),3.0,กลุ่มมีโครงสร้างพื้นฐานหลากหลาย
64,กระบี่,ภาคใต้,2562,545.5,166.89,0.0,378.61,57326.0,30.59,0.0,69.41,0.4382088672853168,2,46.0,50.0,-0.27,ค่อนข้างคงที่ (stable),2.0,กลุ่มพึ่งพาการกำจัดไม่ถูกต้องสูง
64,กระบี่,ภาคใต้,2563,491.0,112.7,188.0,190.3,50680.0,22.95,38.29,38.76,-9.990834097158574,4,44.0,47.72727272727273,-0.27,ค่อนข้างคงที่ (stable),3.0,กลุ่มมีโครงสร้างพื้นฐานหลากหลาย
64,กระบี่,ภาคใต้,2564,435.0,111.0,150.0,174.0,51977.0,25.52,34.48,40.0,-11.405295315682284,4,46.0,47.82608695652174,-0.27,ค่อนข้างคงที่ (stable),3.0,กลุ่มมีโครงสร้างพื้นฐานหลากหลาย
64,กระบี่,ภาคใต้,2565,495.0,181.0,130.0,184.0,58280.0,36.57,26.26,37.17,13.793103448275868,4,38.0,47.368421052631575,-0.27,ค่อนข้างคงที่ (stable),1.0,กลุ่มนำกลับมาใช้ประโยชน์สูง
64,กระบี่,ภาคใต้,2566,523.0,170.0,150.0,203.0,61736.0,32.5,28.68,38.81,5.656565656565649,0,0.0,,-0.27,ค่อนข้างคงที่ (stable),,
64,กระบี่,ภาคใต้,2567,558.0,173.0,174.0,211.0,58307.0,31.0,31.18,37.81,6.692160611854692,5,38.0,47.368421052631575,-0.27,ค่อนข้างคงที่ (stable),3.0,กลุ่มมีโครงสร้างพื้นฐานหลากหลาย
64,กระบี่,ภาคใต้,2568,566.0,173.0,213.0,180.0,52110.0,30.57,37.63,31.8,1.4336917562723928,5,38.0,47.368421052631575,-0.27,ค่อนข้างคงที่ (stable),3.0,กลุ่มมีโครงสร้างพื้นฐานหลากหลาย
69,ชุมพร,ภาคใต้,2556,368.94,7.77,45.68,315.49,235008.75,2.11,12.38,85.51,,5,28.0,50.0,3.26,เพิ่มขึ้นชัดเจน (increasing),2.0,กลุ่มพึ่งพาการกำจัดไม่ถูกต้องสูง
69,ชุมพร,ภาคใต้,2557,370.0,10.0,36.0,324.0,116491.05,2.7,9.73,87.57,0.2873095896351652,4,28.0,50.0,3.26,เพิ่มขึ้นชัดเจน (increasing),2.0,กลุ่มพึ่งพาการกำจัดไม่ถูกต้องสูง
69,ชุมพร,ภาคใต้,2558,365.0,8.0,29.0,328.0,122007.3,2.19,7.95,89.86,-1.3513513513513487,6,28.0,46.42857142857143,3.26,เพิ่มขึ้นชัดเจน (increasing),2.0,กลุ่มพึ่งพาการกำจัดไม่ถูกต้องสูง
69,ชุมพร,ภาคใต้,2559,368.87,32.65,41.3,294.92,51673.0,8.85,11.2,79.95,1.0602739726027322,7,30.0,46.666666666666664,3.26,เพิ่มขึ้นชัดเจน (increasing),2.0,กลุ่มพึ่งพาการกำจัดไม่ถูกต้องสูง
69,ชุมพร,ภาคใต้,2560,369.0,176.0,19.0,174.0,27963.0,47.7,5.15,47.15,0.03524276845501273,4,32.0,46.875,3.26,เพิ่มขึ้นชัดเจน (increasing),1.0,กลุ่มนำกลับมาใช้ประโยชน์สูง
69,ชุมพร,ภาคใต้,2561,366.92,177.23,26.4,163.29,19538.45,48.3,7.2,44.5,-0.5636856368563592,5,34.0,47.05882352941176,3.26,เพิ่มขึ้นชัดเจน (increasing),1.0,กลุ่มนำกลับมาใช้ประโยชน์สูง
69,ชุมพร,ภาคใต้,2562,532.52,406.02,32.45,94.05,20415.24,76.25,6.09,17.66,45.13245394091354,5,30.0,46.666666666666664,3.26,เพิ่มขึ้นชัดเจน (increasing),1.0,กลุ่มนำกลับมาใช้ประโยชน์สูง
69,ชุมพร,ภาคใต้,2563,414.9,133.8,34.0,247.1,12695.0,32.25,8.19,59.56,-22.087433335837147,5,30.0,46.666666666666664,3.26,เพิ่มขึ้นชัดเจน (increasing),2.0,กลุ่มพึ่งพาการกำจัดไม่ถูกต้องสูง
69,ชุมพร,ภาคใต้,2564,416.0,145.0,50.0,221.0,61287.0,34.86,12.02,53.12,0.26512412629549065,5,30.0,46.666666666666664,3.26,เพิ่มขึ้นชัดเจน (increasing),2.0,กลุ่มพึ่งพาการกำจัดไม่ถูกต้องสูง
69,ชุมพร,ภาคใต้,2565,446.0,200.0,60.0,186.0,69500.0,44.84,13.45,41.7,7.211538461538458,5,30.0,46.666666666666664,3.26,เพิ่มขึ้นชัดเจน (increasing),1.0,กลุ่มนำกลับมาใช้ประโยชน์สูง
69,ชุมพร,ภาคใต้,2566,507.0,230.0,51.0,226.0,89460.0,45.36,10.06,44.58,13.677130044843056,5,30.0,46.666666666666664,3.26,เพิ่มขึ้นชัดเจน (increasing),1.0,กลุ่มนำกลับมาใช้ประโยชน์สูง
69,ชุมพร,ภาคใต้,2567,517.0,224.0,53.0,240.0,112592.0,43.33,10.25,46.42,1.9723865877712132,5,28.0,46.42857142857143,3.26,เพิ่มขึ้นชัดเจน (increasing),1.0,กลุ่มนำกลับมาใช้ประโยชน์สูง
69,ชุมพร,ภาคใต้,2568,512.0,290.0,0.0,222.0,164511.0,56.64,0.0,43.36,-0.9671179883945835,3,28.0,50.0,3.26,เพิ่มขึ้นชัดเจน (increasing),1.0,กลุ่มนำกลับมาใช้ประโยชน์สูง
72,ตรัง,ภาคใต้,2556,659.24,223.59,23.9,411.75,77919.39,33.92,3.63,62.46,,5,44.0,47.72727272727273,-1.92,ลดลงชัดเจน (decreasing),2.0,กลุ่มพึ่งพาการกำจัดไม่ถูกต้องสูง
72,ตรัง,ภาคใต้,2557,716.0,286.0,21.0,409.0,212719.2,39.94,2.93,57.12,8.609914446938905,5,46.0,50.0,-1.92,ลดลงชัดเจน (decreasing),2.0,กลุ่มพึ่งพาการกำจัดไม่ถูกต้องสูง
72,ตรัง,ภาคใต้,2558,665.0,250.0,21.0,394.0,163080.0,37.59,3.16,59.25,-7.1229050279329575,6,46.0,47.82608695652174,-1.92,ลดลงชัดเจน (decreasing),2.0,กลุ่มพึ่งพาการกำจัดไม่ถูกต้องสูง
72,ตรัง,ภาคใต้,2559,659.58,257.89,117.02,284.67,80408.0,39.1,17.74,43.16,-0.8150375939849575,6,44.0,45.45454545454545,-1.92,ลดลงชัดเจน (decreasing),1.0,กลุ่มนำกลับมาใช้ประโยชน์สูง
72,ตรัง,ภาคใต้,2560,663.0,299.0,130.0,234.0,41196.0,45.1,19.61,35.29,0.5185117802237738,6,44.0,45.45454545454545,-1.92,ลดลงชัดเจน (decreasing),1.0,กลุ่มนำกลับมาใช้ประโยชน์สูง
72,ตรัง,ภาคใต้,2561,659.06,355.5,75.68,247.99,40029.65,53.94,11.48,37.63,-0.594268476621429,5,44.0,45.45454545454545,-1.92,ลดลงชัดเจน (decreasing),1.0,กลุ่มนำกลับมาใช้ประโยชน์สูง
72,ตรัง,ภาคใต้,2562,659.06,400.17,27.78,231.11,42664.79,60.72,4.22,35.07,0.0,6,44.0,47.72727272727273,-1.92,ลดลงชัดเจน (decreasing),1.0,กลุ่มนำกลับมาใช้ประโยชน์สูง
72,ตรัง,ภาคใต้,2563,509.7,158.7,30.0,321.0,40501.0,31.14,5.89,62.98,-22.662580038236268,6,42.0,45.23809523809524,-1.92,ลดลงชัดเจน (decreasing),2.0,กลุ่มพึ่งพาการกำจัดไม่ถูกต้องสูง
72,ตรัง,ภาคใต้,2564,452.0,154.0,137.0,161.0,42368.0,34.07,30.31,35.62,-11.320384539925444,6,42.0,45.23809523809524,-1.92,ลดลงชัดเจน (decreasing),3.0,กลุ่มมีโครงสร้างพื้นฐานหลากหลาย
72,ตรัง,ภาคใต้,2565,450.0,167.0,123.0,160.0,43900.0,37.11,27.33,35.56,-0.4424778761061954,5,41.0,43.90243902439025,-1.92,ลดลงชัดเจน (decreasing),1.0,กลุ่มนำกลับมาใช้ประโยชน์สูง
72,ตรัง,ภาคใต้,2566,515.0,180.0,114.0,221.0,20076.0,34.95,22.14,42.91,14.444444444444438,6,42.0,45.23809523809524,-1.92,ลดลงชัดเจน (decreasing),1.0,กลุ่มนำกลับมาใช้ประโยชน์สูง
72,ตรัง,ภาคใต้,2567,655.0,215.0,200.0,240.0,20076.0,32.82,30.53,36.64,27.184466019417485,6,42.0,45.23809523809524,-1.92,ลดลงชัดเจน (decreasing),3.0,กลุ่มมีโครงสร้างพื้นฐานหลากหลาย
72,ตรัง,ภาคใต้,2568,655.0,286.0,148.0,221.0,18634.0,43.66,22.6,33.74,0.0,5,40.0,45.0,-1.92,ลดลงชัดเจน (decreasing),1.0,กลุ่มนำกลับมาใช้ประโยชน์สูง
63,นครศรีธรรมราช,ภาคใต้,2556,1042.01,15.78,22.7,1003.53,1265358.0,1.51,2.18,96.31,,4,66.0,48.484848484848484,1.87,เพิ่มขึ้นชัดเจน (increasing),2.0,กลุ่มพึ่งพาการกำจัดไม่ถูกต้องสูง
63,นครศรีธรรมราช,ภาคใต้,2557,1085.0,55.0,23.0,1007.0,1047357.6,5.07,2.12,92.81,4.12568017581405,4,66.0,48.484848484848484,1.87,เพิ่มขึ้นชัดเจน (increasing),2.0,กลุ่มพึ่งพาการกำจัดไม่ถูกต้องสูง
63,นครศรีธรรมราช,ภาคใต้,2558,1097.0,64.0,24.0,1009.0,1114591.2,5.83,2.19,91.98,1.105990783410138,5,66.0,46.96969696969697,1.87,เพิ่มขึ้นชัดเจน (increasing),2.0,กลุ่มพึ่งพาการกำจัดไม่ถูกต้องสูง
63,นครศรีธรรมราช,ภาคใต้,2559,1009.28,90.87,91.18,827.23,1093053.0,9.0,9.03,81.96,-7.99635369188697,7,68.0,47.05882352941176,1.87,เพิ่มขึ้นชัดเจน (increasing),2.0,กลุ่มพึ่งพาการกำจัดไม่ถูกต้องสูง
63,นครศรีธรรมราช,ภาคใต้,2560,982.0,433.0,73.0,476.0,1135120.0,44.09,7.43,48.47,-2.702916930881416,7,68.0,47.05882352941176,1.87,เพิ่มขึ้นชัดเจน (increasing),1.0,กลุ่มนำกลับมาใช้ประโยชน์สูง
63,นครศรีธรรมราช,ภาคใต้,2561,963.03,431.82,73.3,457.91,1169172.3,44.84,7.61,47.55,-1.9317718940936923,5,54.0,44.44444444444444,1.87,เพิ่มขึ้นชัดเจน (increasing),1.0,กลุ่มนำกลับมาใช้ประโยชน์สูง
63,นครศรีธรรมราช,ภาคใต้,2562,1617.04,1209.71,42.39,364.94,821272.56,74.81,2.62,22.57,67.91169537812945,6,52.0,44.230769230769226,1.87,เพิ่มขึ้นชัดเจน (increasing),1.0,กลุ่มนำกลับมาใช้ประโยชน์สูง
63,นครศรีธรรมราช,ภาคใต้,2563,1100.6,405.3,50.0,645.3,695601.0,36.83,4.54,58.63,-31.93736704101321,5,52.0,48.07692307692308,1.87,เพิ่มขึ้นชัดเจน (increasing),2.0,กลุ่มพึ่งพาการกำจัดไม่ถูกต้องสูง
63,นครศรีธรรมราช,ภาคใต้,2564,1150.0,408.0,29.0,713.0,1248620.0,35.48,2.52,62.0,4.4884608395420855,6,46.0,45.65217391304348,1.87,เพิ่มขึ้นชัดเจน (increasing),2.0,กลุ่มพึ่งพาการกำจัดไม่ถูกต้องสูง
63,นครศรีธรรมราช,ภาคใต้,2565,1402.0,700.0,26.0,676.0,1346950.0,49.93,1.85,48.22,21.913043478260864,4,45.0,46.666666666666664,1.87,เพิ่มขึ้นชัดเจน (increasing),1.0,กลุ่มนำกลับมาใช้ประโยชน์สูง
63,นครศรีธรรมราช,ภาคใต้,2566,1163.0,476.0,33.0,654.0,1419701.0,40.93,2.84,56.23,-17.047075606276753,6,42.0,45.23809523809524,1.87,เพิ่มขึ้นชัดเจน (increasing),2.0,กลุ่มพึ่งพาการกำจัดไม่ถูกต้องสูง
63,นครศรีธรรมราช,ภาคใต้,2567,1120.0,528.0,20.0,572.0,1545172.0,47.14,1.79,51.07,-3.6973344797936347,6,41.0,46.34146341463415,1.87,เพิ่มขึ้นชัดเจน (increasing),1.0,กลุ่มนำกลับมาใช้ประโยชน์สูง
63,นครศรีธรรมราช,ภาคใต้,2568,1350.0,654.0,32.0,664.0,1877142.0,48.44,2.37,49.19,20.535714285714278,7,44.0,45.45454545454545,1.87,เพิ่มขึ้นชัดเจน (increasing),1.0,กลุ่มนำกลับมาใช้ประโยชน์สูง
76,นราธิวาส,ภาคใต้,2556,711.07,255.04,36.81,449.22,79096.0,35.87,5.18,63.18,,5,42.0,47.61904761904761,0.19,ค่อนข้างคงที่ (stable),2.0,กลุ่มพึ่งพาการกำจัดไม่ถูกต้องสูง
76,นราธิวาส,ภาคใต้,2557,736.0,255.0,108.0,373.0,31809.15,34.65,14.67,50.68,3.5059839396965,5,30.0,46.666666666666664,0.19,ค่อนข้างคงที่ (stable),2.0,กลุ่มพึ่งพาการกำจัดไม่ถูกต้องสูง
76,นราธิวาส,ภาคใต้,2558,851.0,380.0,119.0,352.0,53739.6,44.65,13.98,41.36,15.625,4,30.0,43.333333333333336,0.19,ค่อนข้างคงที่ (stable),1.0,กลุ่มนำกลับมาใช้ประโยชน์สูง
76,นราธิวาส,ภาคใต้,2559,747.93,299.68,86.16,362.09,59243.0,40.07,11.52,48.41,-12.11163337250294,4,46.0,45.65217391304348,0.19,ค่อนข้างคงที่ (stable),1.0,กลุ่มนำกลับมาใช้ประโยชน์สูง
76,นราธิวาส,ภาคใต้,2560,753.0,284.0,109.0,360.0,48105.0,37.72,14.48,47.81,0.6778709237495573,4,46.0,45.65217391304348,0.19,ค่อนข้างคงที่ (stable),2.0,กลุ่มพึ่งพาการกำจัดไม่ถูกต้องสูง
76,นราธิวาส,ภาคใต้,2561,745.29,275.25,108.81,361.23,57957.75,36.93,14.6,48.47,-1.02390438247012,4,46.0,45.65217391304348,0.19,ค่อนข้างคงที่ (stable),2.0,กลุ่มพึ่งพาการกำจัดไม่ถูกต้องสูง
76,นราธิวาส,ภาคใต้,2562,742.53,321.39,95.92,325.22,39437.86,43.28,12.92,43.8,-0.37032564505091736,4,46.0,45.65217391304348,0.19,ค่อนข้างคงที่ (stable),1.0,กลุ่มนำกลับมาใช้ประโยชน์สูง
76,นราธิวาส,ภาคใต้,2563,744.5,397.2,101.0,246.3,37926.0,53.35,13.57,33.08,0.2653091457584189,4,44.0,45.45454545454545,0.19,ค่อนข้างคงที่ (stable),1.0,กลุ่มนำกลับมาใช้ประโยชน์สูง
76,นราธิวาส,ภาคใต้,2564,745.0,408.0,100.0,237.0,50229.0,54.77,13.42,31.81,0.0671591672263272,4,44.0,45.45454545454545,0.19,ค่อนข้างคงที่ (stable),1.0,กลุ่มนำกลับมาใช้ประโยชน์สูง
76,นราธิวาส,ภาคใต้,2565,725.0,380.0,110.0,235.0,66550.0,52.41,15.17,32.41,-2.684563758389258,4,48.0,45.83333333333333,0.19,ค่อนข้างคงที่ (stable),1.0,กลุ่มนำกลับมาใช้ประโยชน์สูง
76,นราธิวาส,ภาคใต้,2566,772.0,404.0,112.0,256.0,32534.0,52.33,14.51,33.16,6.482758620689655,4,48.0,45.83333333333333,0.19,ค่อนข้างคงที่ (stable),1.0,กลุ่มนำกลับมาใช้ประโยชน์สูง
76,นราธิวาส,ภาคใต้,2567,777.0,403.0,112.0,262.0,24640.0,51.87,14.41,33.72,0.6476683937823857,4,44.0,45.45454545454545,0.19,ค่อนข้างคงที่ (stable),1.0,กลุ่มนำกลับมาใช้ประโยชน์สูง
76,นราธิวาส,ภาคใต้,2568,788.0,450.0,123.0,215.0,39260.0,57.11,15.61,27.28,1.4157014157014203,4,46.0,45.65217391304348,0.19,ค่อนข้างคงที่ (stable),1.0,กลุ่มนำกลับมาใช้ประโยชน์สูง
74,ปัตตานี,ภาคใต้,2556,619.56,212.72,0.0,406.84,67157.75,34.33,0.0,65.67,,2,78.0,50.0,0.43,ค่อนข้างคงที่ (stable),2.0,กลุ่มพึ่งพาการกำจัดไม่ถูกต้องสูง
74,ปัตตานี,ภาคใต้,2557,631.0,233.0,70.0,328.0,11964.0,36.93,11.09,51.98,1.84647168958616,3,62.0,50.0,0.43,ค่อนข้างคงที่ (stable),2.0,กลุ่มพึ่งพาการกำจัดไม่ถูกต้องสูง
74,ปัตตานี,ภาคใต้,2558,640.0,208.0,129.0,303.0,96991.2,32.5,20.16,47.34,1.4263074484944571,4,92.0,48.91304347826087,0.43,ค่อนข้างคงที่ (stable),2.0,กลุ่มพึ่งพาการกำจัดไม่ถูกต้องสูง
74,ปัตตานี,ภาคใต้,2559,648.05,247.12,82.52,318.41,49108.0,38.13,12.73,49.13,1.2578124999999885,4,100.0,49.0,0.43,ค่อนข้างคงที่ (stable),2.0,กลุ่มพึ่งพาการกำจัดไม่ถูกต้องสูง
74,ปัตตานี,ภาคใต้,2560,666.0,286.0,74.0,306.0,33632.0,42.94,11.11,45.95,2.769848005555131,5,102.0,49.01960784313725,0.43,ค่อนข้างคงที่ (stable),1.0,กลุ่มนำกลับมาใช้ประโยชน์สูง
74,ปัตตานี,ภาคใต้,2561,670.29,315.6,67.74,286.95,21214.48,47.08,10.11,42.81,0.644144144144132,0,0.0,,0.43,ค่อนข้างคงที่ (stable),,
74,ปัตตานี,ภาคใต้,2562,679.93,312.16,75.6,292.17,10351.5,45.91,11.12,42.97,1.438183472825183,6,95.0,48.421052631578945,0.43,ค่อนข้างคงที่ (stable),1.0,กลุ่มนำกลับมาใช้ประโยชน์สูง
74,ปัตตานี,ภาคใต้,2563,1023.3,144.6,89.0,789.7,8078.0,14.13,8.7,77.17,50.50078684570472,5,91.0,48.35164835164835,0.43,ค่อนข้างคงที่ (stable),2.0,กลุ่มพึ่งพาการกำจัดไม่ถูกต้องสูง
74,ปัตตานี,ภาคใต้,2564,662.0,123.0,116.0,423.0,8211.0,18.58,17.52,63.9,-35.3073390012704,6,85.0,47.05882352941176,0.43,ค่อนข้างคงที่ (stable),2.0,กลุ่มพึ่งพาการกำจัดไม่ถูกต้องสูง
74,ปัตตานี,ภาคใต้,2565,366.0,130.0,125.0,111.0,6560.0,35.52,34.15,30.33,-44.7129909365559,5,85.0,47.05882352941176,0.43,ค่อนข้างคงที่ (stable),3.0,กลุ่มมีโครงสร้างพื้นฐานหลากหลาย
74,ปัตตานี,ภาคใต้,2566,693.0,362.0,125.0,206.0,6194.0,52.24,18.04,29.73,89.34426229508196,5,79.0,46.835443037974684,0.43,ค่อนข้างคงที่ (stable),1.0,กลุ่มนำกลับมาใช้ประโยชน์สูง
74,ปัตตานี,ภาคใต้,2567,697.0,420.0,125.0,152.0,7369.0,60.26,17.93,21.81,0.5772005772005873,5,81.0,46.913580246913575,0.43,ค่อนข้างคงที่ (stable),1.0,กลุ่มนำกลับมาใช้ประโยชน์สูง
74,ปัตตานี,ภาคใต้,2568,700.0,430.0,86.0,183.0,15992.0,61.43,12.29,26.14,0.43041606886657924,6,82.0,47.5609756097561,0.43,ค่อนข้างคงที่ (stable),1.0,กลุ่มนำกลับมาใช้ประโยชน์สูง
65,พังงา,ภาคใต้,2556,299.69,104.86,74.29,120.54,15826.2,34.99,24.79,40.22,,5,32.0,50.0,-0.19,ค่อนข้างคงที่ (stable),1.0,กลุ่มนำกลับมาใช้ประโยชน์สูง
65,พังงา,ภาคใต้,2557,319.0,120.0,77.0,122.0,179362.88,37.62,24.14,38.24,6.443324768927883,5,32.0,50.0,-0.19,ค่อนข้างคงที่ (stable),1.0,กลุ่มนำกลับมาใช้ประโยชน์สูง
65,พังงา,ภาคใต้,2558,301.0,87.0,79.0,135.0,194289.74,28.9,26.25,44.85,-5.642633228840122,5,34.0,41.17647058823529,-0.19,ค่อนข้างคงที่ (stable),3.0,กลุ่มมีโครงสร้างพื้นฐานหลากหลาย
65,พังงา,ภาคใต้,2559,283.26,84.75,77.7,120.81,193962.0,29.92,27.43,42.65,-5.893687707641204,5,32.0,40.625,-0.19,ค่อนข้างคงที่ (stable),3.0,กลุ่มมีโครงสร้างพื้นฐานหลากหลาย
65,พังงา,ภาคใต้,2560,296.0,95.0,84.0,117.0,130770.0,32.09,28.38,39.53,4.497634681917684,5,28.0,39.285714285714285,-0.19,ค่อนข้างคงที่ (stable),3.0,กลุ่มมีโครงสร้างพื้นฐานหลากหลาย
65,พังงา,ภาคใต้,2561,305.6,108.83,83.63,113.14,132533.94,35.61,27.37,37.02,3.2432432432432545,5,28.0,39.285714285714285,-0.19,ค่อนข้างคงที่ (stable),1.0,กลุ่มนำกลับมาใช้ประโยชน์สูง
65,พังงา,ภาคใต้,2562,307.39,123.78,45.67,137.94,131185.33,40.27,14.86,44.87,0.5857329842931858,5,26.0,42.30769230769231,-0.19,ค่อนข้างคงที่ (stable),1.0,กลุ่มนำกลับมาใช้ประโยชน์สูง
65,พังงา,ภาคใต้,2563,243.1,44.0,101.0,98.1,36877.0,18.1,41.55,40.35,-20.914798789810984,5,26.0,38.46153846153847,-0.19,ค่อนข้างคงที่ (stable),3.0,กลุ่มมีโครงสร้างพื้นฐานหลากหลาย
65,พังงา,ภาคใต้,2564,242.0,41.0,39.0,162.0,111406.0,16.94,16.12,66.94,-0.4524886877828038,5,26.0,42.30769230769231,-0.19,ค่อนข้างคงที่ (stable),2.0,กลุ่มพึ่งพาการกำจัดไม่ถูกต้องสูง
65,พังงา,ภาคใต้,2565,286.0,97.0,37.0,152.0,118300.0,33.92,12.94,53.15,18.181818181818187,4,25.0,44.0,-0.19,ค่อนข้างคงที่ (stable),2.0,กลุ่มพึ่งพาการกำจัดไม่ถูกต้องสูง
65,พังงา,ภาคใต้,2566,301.0,83.0,76.0,142.0,131800.0,27.57,25.25,47.18,5.24475524475525,5,26.0,46.15384615384615,-0.19,ค่อนข้างคงที่ (stable),2.0,กลุ่มพึ่งพาการกำจัดไม่ถูกต้องสูง
65,พังงา,ภาคใต้,2567,307.0,100.0,77.0,130.0,132619.0,32.57,25.08,42.35,1.9933554817275656,5,26.0,46.15384615384615,-0.19,ค่อนข้างคงที่ (stable),1.0,กลุ่มนำกลับมาใช้ประโยชน์สูง
65,พังงา,ภาคใต้,2568,320.0,124.0,53.0,143.0,133618.0,38.75,16.56,44.69,4.234527687296419,5,24.0,45.83333333333333,-0.19,ค่อนข้างคงที่ (stable),1.0,กลุ่มนำกลับมาใช้ประโยชน์สูง
73,พัทลุง,ภาคใต้,2556,502.84,145.27,41.22,316.35,84577.5,28.89,8.2,62.91,,5,42.0,47.61904761904761,-1.01,ค่อนข้างคงที่ (stable),2.0,กลุ่มพึ่งพาการกำจัดไม่ถูกต้องสูง
73,พัทลุง,ภาคใต้,2557,518.0,181.0,69.0,268.0,35377.26,34.94,13.32,51.74,3.014875507119563,4,40.0,50.0,-1.01,ค่อนข้างคงที่ (stable),2.0,กลุ่มพึ่งพาการกำจัดไม่ถูกต้องสูง
73,พัทลุง,ภาคใต้,2558,523.0,185.0,70.0,268.0,48430.59,35.37,13.38,51.24,0.9652509652509744,6,40.0,45.0,-1.01,ค่อนข้างคงที่ (stable),2.0,กลุ่มพึ่งพาการกำจัดไม่ถูกต้องสูง
73,พัทลุง,ภาคใต้,2559,524.22,192.64,35.0,296.58,67052.0,36.75,6.68,56.58,0.23326959847036477,6,40.0,45.0,-1.01,ค่อนข้างคงที่ (stable),2.0,กลุ่มพึ่งพาการกำจัดไม่ถูกต้องสูง
73,พัทลุง,ภาคใต้,2560,532.0,192.0,46.0,294.0,19422.0,36.09,8.65,55.26,1.4841097249246538,5,34.0,47.05882352941176,-1.01,ค่อนข้างคงที่ (stable),2.0,กลุ่มพึ่งพาการกำจัดไม่ถูกต้องสูง
73,พัทลุง,ภาคใต้,2561,516.4,197.05,42.2,277.15,6818.31,38.16,8.17,53.67,-2.932330827067675,6,35.0,45.714285714285715,-1.01,ค่อนข้างคงที่ (stable),2.0,กลุ่มพึ่งพาการกำจัดไม่ถูกต้องสูง
73,พัทลุง,ภาคใต้,2562,519.44,381.99,67.5,69.95,3279.24,73.54,12.99,13.47,0.5886909372579519,6,27.0,44.44444444444444,-1.01,ค่อนข้างคงที่ (stable),1.0,กลุ่มนำกลับมาใช้ประโยชน์สูง
73,พัทลุง,ภาคใต้,2563,353.0,155.5,112.0,85.5,4630.0,44.05,31.73,24.22,-32.04219929154475,6,25.0,44.0,-1.01,ค่อนข้างคงที่ (stable),1.0,กลุ่มนำกลับมาใช้ประโยชน์สูง
73,พัทลุง,ภาคใต้,2564,381.0,192.0,3.0,186.0,62682.0,50.39,0.79,48.82,7.932011331444766,4,26.0,46.15384615384615,-1.01,ค่อนข้างคงที่ (stable),1.0,กลุ่มนำกลับมาใช้ประโยชน์สูง
73,พัทลุง,ภาคใต้,2565,448.0,220.0,0.0,228.0,70950.0,49.11,0.0,50.89,17.58530183727034,5,25.0,48.0,-1.01,ค่อนข้างคงที่ (stable),1.0,กลุ่มนำกลับมาใช้ประโยชน์สูง
73,พัทลุง,ภาคใต้,2566,455.0,230.0,0.0,225.0,74316.0,50.55,0.0,49.45,1.5625,4,25.0,48.0,-1.01,ค่อนข้างคงที่ (stable),1.0,กลุ่มนำกลับมาใช้ประโยชน์สูง
73,พัทลุง,ภาคใต้,2567,512.0,287.0,0.0,225.0,92391.0,56.05,0.0,43.95,12.527472527472527,4,25.0,48.0,-1.01,ค่อนข้างคงที่ (stable),1.0,กลุ่มนำกลับมาใช้ประโยชน์สูง
73,พัทลุง,ภาคใต้,2568,520.0,300.0,0.0,220.0,105077.0,57.69,0.0,42.31,1.5625,4,25.0,48.0,-1.01,ค่อนข้างคงที่ (stable),1.0,กลุ่มนำกลับมาใช้ประโยชน์สูง
66,ภูเก็ต,ภาคใต้,2556,686.77,106.83,579.94,0.0,0.0,15.56,84.44,0.0,,2,2.0,0.0,3.14,เพิ่มขึ้นชัดเจน (increasing),0.0,กลุ่มนำกลับมาใช้ประโยชน์สูง
66,ภูเก็ต,ภาคใต้,2557,714.0,96.0,618.0,0.0,0.0,13.45,86.55,0.0,3.9649373152583767,2,2.0,0.0,3.14,เพิ่มขึ้นชัดเจน (increasing),0.0,กลุ่มนำกลับมาใช้ประโยชน์สูง
66,ภูเก็ต,ภาคใต้,2558,744.0,101.0,633.0,10.0,0.0,13.58,85.08,1.34,4.201680672268915,2,2.0,0.0,3.14,เพิ่มขึ้นชัดเจน (increasing),0.0,กลุ่มนำกลับมาใช้ประโยชน์สูง
66,ภูเก็ต,ภาคใต้,2559,879.89,87.99,791.9,0.0,0.0,10.0,90.0,0.0,18.264784946236556,2,2.0,0.0,3.14,เพิ่มขึ้นชัดเจน (increasing),0.0,กลุ่มนำกลับมาใช้ประโยชน์สูง
66,ภูเก็ต,ภาคใต้,2560,946.0,86.0,860.0,0.0,0.0,9.09,90.91,0.0,7.513439179897485,2,2.0,0.0,3.14,เพิ่มขึ้นชัดเจน (increasing),0.0,กลุ่มนำกลับมาใช้ประโยชน์สูง
66,ภูเก็ต,ภาคใต้,2561,1032.55,103.26,929.29,0.0,0.0,10.0,90.0,0.0,9.1490486257928,2,2.0,0.0,3.14,เพิ่มขึ้นชัดเจน (increasing),0.0,กลุ่มนำกลับมาใช้ประโยชน์สูง
66,ภูเก็ต,ภาคใต้,2562,1072.66,107.26,965.4,0.0,0.0,10.0,90.0,0.0,3.8845576485400324,2,2.0,0.0,3.14,เพิ่มขึ้นชัดเจน (increasing),0.0,กลุ่มนำกลับมาใช้ประโยชน์สูง
66,ภูเก็ต,ภาคใต้,2563,994.5,107.3,833.0,54.2,0.0,10.79,83.76,5.45,-7.286558648593222,2,2.0,0.0,3.14,เพิ่มขึ้นชัดเจน (increasing),0.0,กลุ่มนำกลับมาใช้ประโยชน์สูง
66,ภูเก็ต,ภาคใต้,2564,722.0,58.0,612.0,52.0,0.0,8.03,84.76,7.2,-27.40070387129211,2,2.0,0.0,3.14,เพิ่มขึ้นชัดเจน (increasing),0.0,กลุ่มนำกลับมาใช้ประโยชน์สูง
66,ภูเก็ต,ภาคใต้,2565,742.0,74.0,668.0,0.0,0.0,9.97,90.03,0.0,2.7700831024930705,2,2.0,0.0,3.14,เพิ่มขึ้นชัดเจน (increasing),0.0,กลุ่มนำกลับมาใช้ประโยชน์สูง
66,ภูเก็ต,ภาคใต้,2566,961.0,93.0,868.0,0.0,0.0,9.68,90.32,0.0,29.514824797843666,2,2.0,0.0,3.14,เพิ่มขึ้นชัดเจน (increasing),0.0,กลุ่มนำกลับมาใช้ประโยชน์สูง
66,ภูเก็ต,ภาคใต้,2567,1000.0,97.0,903.0,0.0,0.0,9.7,90.3,0.0,4.058272632674287,2,2.0,0.0,3.14,เพิ่มขึ้นชัดเจน (increasing),0.0,กลุ่มนำกลับมาใช้ประโยชน์สูง
66,ภูเก็ต,ภาคใต้,2568,1320.0,120.0,1200.0,0.0,0.0,9.09,90.91,0.0,32.00000000000001,2,2.0,0.0,3.14,เพิ่มขึ้นชัดเจน (increasing),0.0,กลุ่มนำกลับมาใช้ประโยชน์สูง
75,ยะลา,ภาคใต้,2556,533.83,229.4,53.51,250.92,231029.4,42.97,10.02,47.0,,5,32.0,50.0,-3.03,ลดลงชัดเจน (decreasing),1.0,กลุ่มนำกลับมาใช้ประโยชน์สูง
75,ยะลา,ภาคใต้,2557,541.0,250.0,176.0,115.0,46654.43,46.21,32.53,21.26,1.3431242155742318,4,16.0,50.0,-3.03,ลดลงชัดเจน (decreasing),1.0,กลุ่มนำกลับมาใช้ประโยชน์สูง
75,ยะลา,ภาคใต้,2558,549.0,260.0,186.0,103.0,14718.0,47.36,33.88,18.76,1.4787430683918634,4,16.0,37.5,-3.03,ลดลงชัดเจน (decreasing),1.0,กลุ่มนำกลับมาใช้ประโยชน์สูง
75,ยะลา,ภาคใต้,2559,596.68,238.16,252.4,106.12,14718.0,39.91,42.3,17.79,8.684881602914384,4,16.0,37.5,-3.03,ลดลงชัดเจน (decreasing),3.0,กลุ่มมีโครงสร้างพื้นฐานหลากหลาย
75,ยะลา,ภาคใต้,2560,611.0,242.0,253.0,116.0,12043.0,39.61,41.41,18.99,2.3999463699135193,4,8.0,25.0,-3.03,ลดลงชัดเจน (decreasing),3.0,กลุ่มมีโครงสร้างพื้นฐานหลากหลาย
75,ยะลา,ภาคใต้,2561,557.81,295.42,180.46,81.93,0.0,52.96,32.35,14.69,-8.705400981996736,2,4.0,0.0,-3.03,ลดลงชัดเจน (decreasing),0.0,กลุ่มนำกลับมาใช้ประโยชน์สูง
75,ยะลา,ภาคใต้,2562,543.71,295.83,165.95,81.93,0.0,54.41,30.52,15.07,-2.5277424212545307,2,4.0,0.0,-3.03,ลดลงชัดเจน (decreasing),0.0,กลุ่มนำกลับมาใช้ประโยชน์สูง
75,ยะลา,ภาคใต้,2563,434.6,163.9,155.0,115.7,0.0,37.71,35.66,26.62,-20.067683139909143,3,5.0,0.0,-3.03,ลดลงชัดเจน (decreasing),0.0,กลุ่มนำกลับมาใช้ประโยชน์สูง
75,ยะลา,ภาคใต้,2564,410.0,180.0,162.0,68.0,0.0,43.9,39.51,16.59,-5.660377358490576,3,5.0,0.0,-3.03,ลดลงชัดเจน (decreasing),0.0,กลุ่มนำกลับมาใช้ประโยชน์สูง
75,ยะลา,ภาคใต้,2565,350.0,113.0,200.0,37.0,0.0,32.29,57.14,10.57,-14.634146341463417,3,5.0,0.0,-3.03,ลดลงชัดเจน (decreasing),0.0,กลุ่มนำกลับมาใช้ประโยชน์สูง
75,ยะลา,ภาคใต้,2566,350.0,135.0,198.0,17.0,0.0,38.57,56.57,4.86,0.0,3,5.0,0.0,-3.03,ลดลงชัดเจน (decreasing),0.0,กลุ่มนำกลับมาใช้ประโยชน์สูง
75,ยะลา,ภาคใต้,2567,350.0,135.0,200.0,15.0,0.0,38.57,57.14,4.29,0.0,4,5.0,0.0,-3.03,ลดลงชัดเจน (decreasing),0.0,กลุ่มนำกลับมาใช้ประโยชน์สูง
75,ยะลา,ภาคใต้,2568,583.0,343.0,215.0,24.0,0.0,58.83,36.88,4.12,66.57142857142857,4,5.0,0.0,-3.03,ลดลงชัดเจน (decreasing),0.0,กลุ่มนำกลับมาใช้ประโยชน์สูง
68,ระนอง,ภาคใต้,2556,199.17,10.64,0.0,188.53,296992.2,5.34,0.0,94.66,,3,30.0,50.0,2.26,เพิ่มขึ้นชัดเจน (increasing),2.0,กลุ่มพึ่งพาการกำจัดไม่ถูกต้องสูง
68,ระนอง,ภาคใต้,2557,196.0,10.0,0.0,186.0,26003.4,5.1,0.0,94.9,-1.5916051614198845,2,28.0,50.0,2.26,เพิ่มขึ้นชัดเจน (increasing),2.0,กลุ่มพึ่งพาการกำจัดไม่ถูกต้องสูง
68,ระนอง,ภาคใต้,2558,199.0,11.0,0.0,188.0,26003.4,5.53,0.0,94.47,1.5306122448979664,3,28.0,50.0,2.26,เพิ่มขึ้นชัดเจน (increasing),2.0,กลุ่มพึ่งพาการกำจัดไม่ถูกต้องสูง
68,ระนอง,ภาคใต้,2559,186.78,47.67,0.0,139.11,18291.0,25.52,0.0,74.48,-6.1407035175879425,3,26.0,50.0,2.26,เพิ่มขึ้นชัดเจน (increasing),2.0,กลุ่มพึ่งพาการกำจัดไม่ถูกต้องสูง
68,ระนอง,ภาคใต้,2560,189.0,96.0,0.0,93.0,9088.0,50.79,0.0,49.21,1.1885640860905822,2,26.0,50.0,2.26,เพิ่มขึ้นชัดเจน (increasing),1.0,กลุ่มนำกลับมาใช้ประโยชน์สูง
68,ระนอง,ภาคใต้,2561,189.06,97.98,0.0,91.08,4361.47,51.82,0.0,48.18,0.03174603174602719,2,26.0,50.0,2.26,เพิ่มขึ้นชัดเจน (increasing),1.0,กลุ่มนำกลับมาใช้ประโยชน์สูง
68,ระนอง,ภาคใต้,2562,189.55,112.71,0.0,76.84,4863.22,59.46,0.0,40.54,0.25917698085264895,2,26.0,50.0,2.26,เพิ่มขึ้นชัดเจน (increasing),1.0,กลุ่มนำกลับมาใช้ประโยชน์สูง
68,ระนอง,ภาคใต้,2563,277.0,52.8,0.0,224.2,5917.0,19.06,0.0,80.94,46.13558427855446,3,26.0,50.0,2.26,เพิ่มขึ้นชัดเจน (increasing),2.0,กลุ่มพึ่งพาการกำจัดไม่ถูกต้องสูง
68,ระนอง,ภาคใต้,2564,235.0,48.0,0.0,187.0,10373.0,20.43,0.0,79.57,-15.162454873646213,3,24.0,50.0,2.26,เพิ่มขึ้นชัดเจน (increasing),2.0,กลุ่มพึ่งพาการกำจัดไม่ถูกต้องสูง
68,ระนอง,ภาคใต้,2565,232.0,140.0,0.0,92.0,15900.0,60.34,0.0,39.66,-1.276595744680853,3,24.0,50.0,2.26,เพิ่มขึ้นชัดเจน (increasing),1.0,กลุ่มนำกลับมาใช้ประโยชน์สูง
68,ระนอง,ภาคใต้,2566,236.0,100.0,0.0,136.0,29039.0,42.37,0.0,57.63,1.724137931034475,3,24.0,50.0,2.26,เพิ่มขึ้นชัดเจน (increasing),2.0,กลุ่มพึ่งพาการกำจัดไม่ถูกต้องสูง
68,ระนอง,ภาคใต้,2567,234.0,109.0,0.0,125.0,61427.0,46.58,0.0,53.42,-0.8474576271186418,3,24.0,50.0,2.26,เพิ่มขึ้นชัดเจน (increasing),2.0,กลุ่มพึ่งพาการกำจัดไม่ถูกต้องสูง
68,ระนอง,ภาคใต้,2568,238.0,120.0,0.0,118.0,27427.0,50.42,0.0,49.58,1.7094017094017033,3,22.0,50.0,2.26,เพิ่มขึ้นชัดเจน (increasing),1.0,กลุ่มนำกลับมาใช้ประโยชน์สูง
70,สงขลา,ภาคใต้,2556,1597.17,594.79,74.71,927.67,2471840.4,37.24,4.68,58.08,,5,58.0,48.275862068965516,-0.99,ค่อนข้างคงที่ (stable),2.0,กลุ่มพึ่งพาการกำจัดไม่ถูกต้องสูง
70,สงขลา,ภาคใต้,2557,1604.0,600.0,550.0,454.0,100945.2,37.41,34.29,28.3,0.42763137299097753,5,64.0,48.4375,-0.99,ค่อนข้างคงที่ (stable),3.0,กลุ่มมีโครงสร้างพื้นฐานหลากหลาย
70,สงขลา,ภาคใต้,2558,1624.0,630.0,547.0,447.0,95788.26,38.79,33.68,27.52,1.2468827930174564,5,62.0,43.54838709677419,-0.99,ค่อนข้างคงที่ (stable),1.0,กลุ่มนำกลับมาใช้ประโยชน์สูง
70,สงขลา,ภาคใต้,2559,1624.59,562.96,673.55,388.08,147645.0,34.65,41.46,23.89,0.03633004926106853,5,56.0,42.857142857142854,-0.99,ค่อนข้างคงที่ (stable),3.0,กลุ่มมีโครงสร้างพื้นฐานหลากหลาย
70,สงขลา,ภาคใต้,2560,1634.0,561.0,688.0,385.0,36035.0,34.33,42.11,23.56,0.5792230655119246,7,52.0,40.38461538461539,-0.99,ค่อนข้างคงที่ (stable),3.0,กลุ่มมีโครงสร้างพื้นฐานหลากหลาย
70,สงขลา,ภาคใต้,2561,1656.46,585.97,668.33,402.16,23472.0,35.37,40.35,24.28,1.3745410036719807,7,51.0,39.21568627450981,-0.99,ค่อนข้างคงที่ (stable),3.0,กลุ่มมีโครงสร้างพื้นฐานหลากหลาย
70,สงขลา,ภาคใต้,2562,1625.51,570.44,652.9,402.17,0.0,35.09,40.17,24.74,-1.8684423408956485,7,45.0,37.77777777777778,-0.99,ค่อนข้างคงที่ (stable),3.0,กลุ่มมีโครงสร้างพื้นฐานหลากหลาย
70,สงขลา,ภาคใต้,2563,1140.3,337.1,700.0,103.2,0.0,29.56,61.39,9.05,-29.849708706805867,6,44.0,38.63636363636363,-0.99,ค่อนข้างคงที่ (stable),3.0,กลุ่มมีโครงสร้างพื้นฐานหลากหลาย
70,สงขลา,ภาคใต้,2564,1236.0,357.0,715.0,164.0,4041.0,28.88,57.85,13.27,8.392528282031053,8,41.0,36.58536585365854,-0.99,ค่อนข้างคงที่ (stable),3.0,กลุ่มมีโครงสร้างพื้นฐานหลากหลาย
70,สงขลา,ภาคใต้,2565,1207.0,320.0,730.0,157.0,141870.0,26.51,60.48,13.01,-2.346278317152106,7,40.0,37.5,-0.99,ค่อนข้างคงที่ (stable),3.0,กลุ่มมีโครงสร้างพื้นฐานหลากหลาย
70,สงขลา,ภาคใต้,2566,1599.0,420.0,509.0,670.0,104336.0,26.27,31.83,41.9,32.47721623860811,7,41.0,41.46341463414634,-0.99,ค่อนข้างคงที่ (stable),3.0,กลุ่มมีโครงสร้างพื้นฐานหลากหลาย
70,สงขลา,ภาคใต้,2567,1596.0,604.0,642.0,350.0,125092.0,37.84,40.23,21.93,-0.18761726078799779,7,41.0,41.46341463414634,-0.99,ค่อนข้างคงที่ (stable),3.0,กลุ่มมีโครงสร้างพื้นฐานหลากหลาย
70,สงขลา,ภาคใต้,2568,1591.0,694.0,457.0,440.0,169816.0,43.62,28.72,27.66,-0.31328320802005427,9,43.0,41.86046511627907,-0.99,ค่อนข้างคงที่ (stable),3.0,กลุ่มมีโครงสร้างพื้นฐานหลากหลาย
71,สตูล,ภาคใต้,2556,291.37,103.96,64.36,123.05,95148.0,35.68,22.09,42.23,,5,20.0,45.0,1.73,เพิ่มขึ้นชัดเจน (increasing),1.0,กลุ่มนำกลับมาใช้ประโยชน์สูง
71,สตูล,ภาคใต้,2557,301.0,130.0,60.0,111.0,24894.0,43.19,19.93,36.88,3.3050760201805307,5,26.0,46.15384615384615,1.73,เพิ่มขึ้นชัดเจน (increasing),1.0,กลุ่มนำกลับมาใช้ประโยชน์สูง
71,สตูล,ภาคใต้,2558,308.0,140.0,54.0,114.0,38407.0,45.45,17.53,37.01,2.3255813953488413,6,26.0,46.15384615384615,1.73,เพิ่มขึ้นชัดเจน (increasing),1.0,กลุ่มนำกลับมาใช้ประโยชน์สูง
71,สตูล,ภาคใต้,2559,297.52,149.89,58.9,88.73,18448.0,50.38,19.8,29.82,-3.402597402597407,7,24.0,45.83333333333333,1.73,เพิ่มขึ้นชัดเจน (increasing),1.0,กลุ่มนำกลับมาใช้ประโยชน์สูง
71,สตูล,ภาคใต้,2560,302.0,178.0,66.0,58.0,19155.0,58.94,21.85,19.21,1.5057811239580499,5,20.0,40.0,1.73,เพิ่มขึ้นชัดเจน (increasing),1.0,กลุ่มนำกลับมาใช้ประโยชน์สูง
71,สตูล,ภาคใต้,2561,310.82,182.58,86.69,41.55,22255.0,58.74,27.89,13.37,2.920529801324512,4,18.0,38.88888888888889,1.73,เพิ่มขึ้นชัดเจน (increasing),1.0,กลุ่มนำกลับมาใช้ประโยชน์สูง
71,สตูล,ภาคใต้,2562,308.49,180.71,86.23,41.55,11622.0,58.58,27.95,13.47,-0.7496300109388065,4,18.0,38.88888888888889,1.73,เพิ่มขึ้นชัดเจน (increasing),1.0,กลุ่มนำกลับมาใช้ประโยชน์สูง
71,สตูล,ภาคใต้,2563,302.5,208.0,77.0,17.5,5045.0,68.76,25.45,5.79,-1.9417161010081396,6,10.0,30.0,1.73,เพิ่มขึ้นชัดเจน (increasing),1.0,กลุ่มนำกลับมาใช้ประโยชน์สูง
71,สตูล,ภาคใต้,2564,310.0,198.0,85.0,27.0,23.0,63.87,27.42,8.71,2.4793388429751984,0,0.0,,1.73,เพิ่มขึ้นชัดเจน (increasing),,
71,สตูล,ภาคใต้,2565,320.0,166.0,93.0,61.0,150.0,51.88,29.06,19.06,3.2258064516129004,7,10.0,30.0,1.73,เพิ่มขึ้นชัดเจน (increasing),1.0,กลุ่มนำกลับมาใช้ประโยชน์สูง
71,สตูล,ภาคใต้,2566,335.0,179.0,89.0,67.0,150.0,53.43,26.57,20.0,4.6875,6,10.0,30.0,1.73,เพิ่มขึ้นชัดเจน (increasing),1.0,กลุ่มนำกลับมาใช้ประโยชน์สูง
71,สตูล,ภาคใต้,2567,370.0,203.0,110.0,57.0,0.0,54.86,29.73,15.41,10.447761194029859,7,10.0,30.0,1.73,เพิ่มขึ้นชัดเจน (increasing),1.0,กลุ่มนำกลับมาใช้ประโยชน์สูง
71,สตูล,ภาคใต้,2568,370.0,220.0,103.0,47.0,0.0,59.46,27.84,12.7,0.0,7,10.0,30.0,1.73,เพิ่มขึ้นชัดเจน (increasing),1.0,กลุ่มนำกลับมาใช้ประโยชน์สูง
67,สุราษฎร์ธานี,ภาคใต้,2556,978.19,15.13,0.0,963.06,1003332.6,1.55,0.0,98.45,,4,90.0,50.0,2.33,เพิ่มขึ้นชัดเจน (increasing),2.0,กลุ่มพึ่งพาการกำจัดไม่ถูกต้องสูง
67,สุราษฎร์ธานี,ภาคใต้,2557,1061.0,100.0,0.0,961.0,319493.55,9.43,0.0,90.57,8.465635510483649,6,90.0,50.0,2.33,เพิ่มขึ้นชัดเจน (increasing),2.0,กลุ่มพึ่งพาการกำจัดไม่ถูกต้องสูง
67,สุราษฎร์ธานี,ภาคใต้,2558,1070.0,100.0,17.0,953.0,259588.0,9.35,1.59,89.07,0.8482563619227168,6,90.0,48.888888888888886,2.33,เพิ่มขึ้นชัดเจน (increasing),2.0,กลุ่มพึ่งพาการกำจัดไม่ถูกต้องสูง
67,สุราษฎร์ธานี,ภาคใต้,2559,1034.26,158.95,261.65,613.66,263499.0,15.37,25.3,59.33,-3.340186915887855,5,80.0,46.25,2.33,เพิ่มขึ้นชัดเจน (increasing),2.0,กลุ่มพึ่งพาการกำจัดไม่ถูกต้องสูง
67,สุราษฎร์ธานี,ภาคใต้,2560,1049.0,452.0,399.0,198.0,68761.0,43.09,38.04,18.88,1.425173554038639,5,74.0,44.5945945945946,2.33,เพิ่มขึ้นชัดเจน (increasing),1.0,กลุ่มนำกลับมาใช้ประโยชน์สูง
67,สุราษฎร์ธานี,ภาคใต้,2561,1088.27,477.3,478.0,132.97,116210.1,43.86,43.92,12.22,3.743565300285989,6,68.0,42.64705882352941,2.33,เพิ่มขึ้นชัดเจน (increasing),3.0,กลุ่มมีโครงสร้างพื้นฐานหลากหลาย
67,สุราษฎร์ธานี,ภาคใต้,2562,1386.66,768.15,257.65,360.86,100159.95,55.4,18.58,26.02,27.41874718590056,5,64.0,46.875,2.33,เพิ่มขึ้นชัดเจน (increasing),1.0,กลุ่มนำกลับมาใช้ประโยชน์สูง
67,สุราษฎร์ธานี,ภาคใต้,2563,1034.8,333.2,16.0,685.6,204447.0,32.2,1.55,66.25,-25.37464122423666,6,61.0,49.18032786885246,2.33,เพิ่มขึ้นชัดเจน (increasing),2.0,กลุ่มพึ่งพาการกำจัดไม่ถูกต้องสูง
67,สุราษฎร์ธานี,ภาคใต้,2564,988.0,307.0,0.0,681.0,587826.0,31.07,0.0,68.93,-4.522613065326631,6,55.0,49.09090909090909,2.33,เพิ่มขึ้นชัดเจน (increasing),2.0,กลุ่มพึ่งพาการกำจัดไม่ถูกต้องสูง
67,สุราษฎร์ธานี,ภาคใต้,2565,1215.0,550.0,0.0,665.0,69800.0,45.27,0.0,54.73,22.975708502024283,6,55.0,49.09090909090909,2.33,เพิ่มขึ้นชัดเจน (increasing),1.0,กลุ่มนำกลับมาใช้ประโยชน์สูง
67,สุราษฎร์ธานี,ภาคใต้,2566,1295.0,504.0,0.0,791.0,401015.0,38.92,0.0,61.08,6.584362139917688,6,45.0,48.888888888888886,2.33,เพิ่มขึ้นชัดเจน (increasing),2.0,กลุ่มพึ่งพาการกำจัดไม่ถูกต้องสูง
67,สุราษฎร์ธานี,ภาคใต้,2567,1311.0,610.0,0.0,701.0,610632.0,46.53,0.0,53.47,1.235521235521242,6,44.0,47.72727272727273,2.33,เพิ่มขึ้นชัดเจน (increasing),1.0,กลุ่มนำกลับมาใช้ประโยชน์สูง
67,สุราษฎร์ธานี,ภาคใต้,2568,1368.0,587.0,0.0,781.0,796755.0,42.91,0.0,57.09,4.347826086956519,6,39.0,46.15384615384615,2.33,เพิ่มขึ้นชัดเจน (increasing),1.0,กลุ่มนำกลับมาใช้ประโยชน์สูง
